# 54 backgame - cubeful benchmark decisions (money play, Jacoby + beaver on).
# 4213 decisions (4180 checker, 33 cube), from simulated 3ply cubeful self-play
# out of "54 backgame starting.txt"; model=stage9, seed=1.
# One decision per line: kind cube_value cube_owner die1 die2 board(26 ints).
#   kind        "checker" or "cube"
#   cube_owner  "centered" | "player" | "opponent", relative to the player on roll
#   die1 die2   "-" for a cube decision
# The board is from the perspective of the player whose decision it is.
checker 2 opponent 6 5 0 -1 0 0 -2 -2 3 2 3 2 2 0 -2 3 0 0 0 -1 -1 -2 -2 -2 0 0 0 0
checker 2 player 6 1 0 0 0 0 2 2 2 1 1 0 0 0 -2 2 0 -2 -2 -3 -3 -2 2 2 0 0 -1 1
checker 2 opponent 6 4 0 0 0 2 -3 -2 2 3 2 2 0 0 -2 2 0 0 0 -3 0 -3 2 0 -2 0 0 0
checker 2 player 3 1 0 0 0 2 0 0 3 0 3 -1 0 -1 -2 2 0 0 -2 -2 -3 -2 2 3 -2 0 0 0
checker 2 opponent 5 4 0 0 0 2 -3 -2 2 3 2 2 0 0 -2 2 1 0 1 -2 0 -2 -2 0 -2 0 0 0
checker 2 player 6 3 0 0 0 2 0 2 2 0 2 0 0 -1 -2 2 0 0 -2 -2 -4 -2 2 3 -2 0 0 0
checker 2 player 4 1 0 0 2 0 2 2 2 2 0 0 0 0 -3 0 0 -2 -2 -3 -2 -3 2 3 0 0 0 0
checker 2 opponent 6 4 0 0 0 0 -2 -3 3 2 3 2 2 0 0 3 0 0 0 0 -1 -2 -2 -2 -1 -2 0 0
checker 2 player 6 6 0 0 2 1 2 2 2 1 0 0 0 0 -2 0 0 -2 -2 -3 -2 -3 3 2 -1 0 0 0
checker 2 opponent 4 2 0 -1 0 0 -2 -3 3 2 3 2 2 0 -2 2 0 0 0 -2 -1 -2 0 -2 0 1 0 0
checker 2 player 5 1 0 0 -1 0 2 0 2 1 2 0 0 0 -2 2 0 -2 -2 -2 -2 -3 3 2 0 -1 1 0
checker 2 opponent 6 6 0 -1 1 0 -2 -3 3 2 2 2 2 0 -1 2 0 0 0 -2 -2 -2 0 -2 0 1 0 0
checker 2 player 3 2 0 0 -1 0 2 0 2 2 2 0 0 0 0 1 0 -2 -2 -2 -2 -3 3 2 0 -1 -2 1
checker 2 opponent 3 1 0 2 1 0 -2 -4 3 2 2 2 2 0 -1 0 0 0 0 -2 -2 -2 0 -2 0 1 0 0
checker 2 player 5 3 0 0 0 0 2 -1 2 2 2 0 0 0 0 1 0 -2 -2 -2 -2 -3 4 2 0 0 -3 0
checker 2 opponent 3 2 0 3 0 0 -2 -4 3 2 2 2 2 0 0 0 0 0 0 -2 -2 -2 -1 -2 0 0 0 1
checker 2 player 4 4 0 0 0 0 2 -1 2 2 2 0 0 0 0 0 0 -2 -2 -2 -2 -3 4 2 0 0 -3 1
checker 2 opponent 2 1 0 3 0 0 -3 -4 3 2 2 2 2 0 0 0 0 0 0 -1 0 -2 1 -3 -2 0 0 0
checker 2 player 3 1 0 0 0 2 3 0 2 0 -1 0 0 0 0 0 0 -2 -2 -2 -2 -3 4 3 0 0 -3 1
checker 2 opponent 4 2 0 3 0 -1 -2 -5 3 2 2 2 2 0 0 0 0 0 0 1 0 -2 0 -3 -2 0 0 0
checker 2 player 6 1 0 0 0 2 3 0 2 0 0 0 -1 0 0 0 0 -2 -2 -2 -2 -2 5 2 1 -1 -3 0
checker 2 opponent 5 5 0 3 1 -1 -2 -4 2 2 2 2 2 0 -1 0 0 1 0 0 0 -2 0 -3 -2 0 0 0
checker 2 opponent 6 3 1 3 3 2 -2 -4 2 0 0 2 2 0 -1 0 0 1 0 0 0 -2 0 -3 -2 0 0 0
checker 2 opponent 6 4 2 3 3 2 -2 -4 3 0 0 2 2 0 0 0 0 0 0 0 0 -2 0 -3 -2 0 0 0
checker 2 opponent 4 2 1 3 3 3 -3 -4 4 0 0 1 1 0 0 0 0 0 0 0 0 -2 0 -3 -2 0 0 0
checker 2 opponent 1 1 1 4 3 2 -3 -4 5 0 0 1 0 0 0 0 0 0 0 0 0 -2 0 -3 -2 0 0 0
checker 2 player 6 5 0 0 0 2 3 0 2 0 0 0 0 0 0 0 0 0 0 0 0 -6 4 3 -2 -3 -3 1
checker 2 player 6 2 0 0 0 2 3 0 2 0 0 0 0 0 0 0 0 1 0 0 0 -4 5 2 -2 -3 -4 0
checker 2 opponent 3 2 0 4 3 2 -2 -4 4 0 0 0 -1 0 0 -1 0 0 0 0 0 -2 0 -3 -2 0 0 0
checker 2 player 4 3 0 0 0 2 3 0 2 0 0 0 0 0 1 0 0 1 0 0 0 -4 4 2 -1 -2 -4 0
checker 2 opponent 5 3 0 4 2 1 -2 -3 4 0 -1 0 0 0 0 -1 -1 0 0 0 0 -2 0 -3 -2 0 0 0
checker 2 player 5 3 0 0 0 2 3 0 2 0 0 0 0 1 1 0 0 0 0 1 0 -2 3 2 -2 -2 -5 0
checker 2 opponent 6 2 0 5 2 2 -2 -2 2 0 -1 0 0 0 0 -2 -1 0 0 0 0 -2 0 -3 -2 0 0 0
checker 2 player 6 4 0 0 0 2 3 0 2 0 0 0 0 1 2 0 0 0 0 1 0 -1 2 2 -2 -1 -5 0
checker 2 opponent 4 1 0 -1 0 0 -2 -2 3 2 3 2 2 0 -2 3 0 0 0 -1 -1 -2 -2 -2 0 0 0 0
checker 2 player 5 1 0 0 0 0 2 2 2 1 1 0 0 0 -2 2 0 -2 -3 -2 -3 -3 2 2 0 0 1 0
checker 2 opponent 3 2 0 -1 0 0 -2 -2 3 3 2 3 2 0 -2 2 0 0 0 0 -1 -2 -2 -1 -2 0 0 0
checker 2 player 6 1 0 0 0 2 1 2 2 1 0 0 0 0 -2 2 0 -2 -3 -2 -3 -2 2 2 0 0 -1 1
checker 2 player 6 4 0 0 2 0 2 2 2 2 0 0 0 0 -3 0 0 -2 -2 -3 -2 -3 2 3 0 0 0 0
checker 2 opponent 5 2 0 0 0 0 -2 -2 3 2 4 3 2 0 0 1 0 0 0 0 -2 -2 -3 -2 0 -2 0 0
checker 2 player 5 2 0 0 2 0 2 3 2 2 0 0 0 0 0 0 0 -2 -3 -4 -2 -4 2 2 0 0 0 0
checker 2 opponent 2 2 0 0 0 0 -2 -2 4 2 4 3 2 0 0 0 0 0 0 0 -2 -1 -2 -2 -1 -2 -1 0
checker 2 player 3 2 0 1 2 1 2 2 1 2 0 0 0 0 0 0 0 0 -2 -5 -3 -5 2 2 0 0 0 0
checker 2 opponent 6 5 0 0 0 0 -2 -2 5 3 5 2 0 0 0 0 0 0 0 0 -1 0 -3 -2 -2 -2 -1 0
checker 2 player 5 1 0 1 2 2 2 3 0 1 0 0 0 0 0 0 0 0 -2 -3 -3 -5 2 2 -1 -1 0 0
checker 2 opponent 5 1 0 0 0 2 -3 -2 2 3 2 2 0 0 -2 2 0 0 0 -3 0 -3 2 0 -2 0 0 0
checker 2 player 6 6 0 0 0 2 0 -1 3 0 3 0 -1 0 -2 2 0 0 -2 -2 -2 -3 2 3 -2 0 0 0
checker 2 player 5 2 0 0 -1 0 2 0 2 1 2 0 0 0 -2 2 0 -2 -2 -3 -2 -3 3 2 0 0 1 0
checker 2 opponent 6 5 0 -1 0 0 -2 -3 3 2 3 2 2 0 0 2 -1 0 0 -3 -1 -2 0 -2 0 1 0 0
checker 2 player 2 1 0 0 0 0 2 0 2 -1 3 0 0 1 -2 0 0 -2 -2 -2 -2 -3 3 2 0 -1 1 1
checker 2 opponent 5 4 0 -2 1 0 -2 -3 3 2 2 2 2 0 0 2 0 0 -1 -3 1 -2 0 -2 0 0 0 0
checker 2 player 6 2 0 0 0 0 2 0 2 -1 3 1 0 0 0 0 0 -2 -3 -3 -2 -3 3 2 0 -1 2 0
checker 2 opponent 6 1 0 -2 1 0 -2 -2 3 2 3 3 2 0 0 -1 0 0 -1 -3 1 -2 0 -2 0 0 0 0
checker 2 player 6 2 0 0 0 0 2 0 2 0 3 1 0 0 1 -1 0 -2 -3 -2 -3 -3 2 2 0 -1 2 0
checker 2 opponent 2 2 0 -2 1 0 -2 -2 3 3 2 3 2 0 1 0 0 0 0 -3 -1 -3 0 -2 0 0 0 0
checker 2 player 4 3 0 0 0 0 2 0 3 1 3 0 0 0 0 0 0 -2 -2 -2 -4 -4 2 2 0 -1 2 0
checker 2 opponent 5 2 0 -2 1 0 -2 -2 4 4 2 2 2 0 0 0 0 0 0 -2 0 -3 -1 -2 -1 0 0 0
checker 2 player 4 1 0 0 0 1 2 1 3 0 2 0 0 0 0 0 0 -1 -2 -3 -3 -4 2 2 0 -2 2 0
checker 2 opponent 6 3 0 -2 2 0 -2 -2 4 3 3 2 1 0 0 0 0 0 0 -1 0 -3 -1 -2 -2 0 0 0
checker 2 player 6 4 0 0 0 2 2 1 3 0 1 0 0 0 0 0 0 0 -2 -2 -4 -4 2 2 0 -3 2 0
checker 2 player 2 2 0 0 0 0 2 2 2 1 1 0 0 0 -3 2 0 -2 -2 -3 -2 -3 2 2 0 0 1 0
checker 2 opponent 6 3 0 -1 0 0 -2 -2 3 2 3 2 2 0 -2 3 0 0 0 0 0 -3 -1 -2 -2 0 0 0
checker 2 player 5 4 0 0 0 2 2 1 3 0 0 0 0 0 -1 2 0 -3 -2 -3 -3 -3 2 2 0 0 1 0
checker 2 opponent 3 1 0 -1 0 0 -2 -2 3 3 3 2 3 0 0 1 0 0 -1 -1 0 -3 -1 -2 -2 0 0 0
checker 2 player 6 4 0 0 0 2 2 1 3 0 1 1 0 0 0 0 0 -3 -3 -3 -3 -3 2 2 0 0 1 0
checker 2 opponent 6 4 0 0 0 0 -2 -2 3 3 3 3 3 -1 0 0 0 0 -1 -1 0 -3 -1 -2 -2 0 0 0
checker 2 player 6 3 0 0 0 2 2 1 3 0 1 1 0 0 0 0 1 -2 -2 -3 -3 -4 2 2 -1 0 0 0
checker 2 opponent 5 3 0 0 0 1 -2 -2 4 3 3 2 2 0 0 0 0 0 -1 -1 0 -3 -2 -2 -2 0 0 0
checker 2 player 3 1 0 0 0 2 2 2 3 0 1 1 0 0 0 0 0 -2 -2 -3 -2 -3 2 2 -2 -1 0 0
checker 2 opponent 4 3 0 0 1 2 -2 -2 3 2 3 2 2 0 0 0 0 0 -1 -1 0 -2 -2 -2 -2 -1 0 0
checker 2 player 3 1 0 0 1 2 2 2 2 0 1 1 0 0 0 0 0 0 -2 -3 -3 -4 2 2 -2 -1 0 0
checker 2 opponent 5 4 0 0 1 2 -2 -2 4 3 3 2 0 0 0 0 0 0 0 0 -1 -3 -2 -2 -2 -1 0 0
checker 2 player 5 2 0 0 1 2 2 2 3 1 0 0 0 0 0 0 0 0 -2 -2 -3 -3 2 2 -3 -2 0 0
checker 2 opponent 4 3 0 0 2 3 -2 -2 3 3 2 2 0 0 0 0 0 0 0 0 0 -2 -2 -3 -2 -2 0 0
checker 2 player 5 3 0 0 2 2 3 2 2 0 0 0 0 0 0 0 0 0 -2 -2 -2 -2 2 2 -5 -2 0 0
checker 2 player 6 5 0 0 2 0 2 2 2 2 0 0 0 0 -3 0 0 -2 -2 -3 -2 -3 2 3 0 0 0 0
checker 2 player 5 4 0 0 0 2 0 -2 3 0 3 0 0 0 -2 2 0 0 -2 -2 -3 -2 2 3 -2 0 0 0
checker 2 opponent 6 4 0 0 0 2 -3 -2 2 3 2 2 0 0 0 2 0 0 -1 -4 0 -3 2 0 -2 0 0 0
checker 2 opponent 6 3 1 0 0 2 -3 -2 2 3 2 2 0 0 0 2 1 0 1 -4 0 -3 0 0 -2 0 0 0
checker 2 player 2 1 0 0 0 2 0 0 3 0 4 0 0 -1 -1 0 0 -2 -2 -2 -3 -2 2 3 -2 0 0 1
checker 2 opponent 5 4 0 0 -1 2 -2 -3 2 3 2 2 2 0 0 1 1 0 0 -4 0 -3 0 0 -2 0 0 0
checker 2 player 4 3 0 0 0 2 0 0 3 0 4 0 0 0 -1 0 0 -3 -2 -2 -2 -2 3 2 -2 -1 0 1
checker 2 opponent 4 4 0 0 1 2 -3 -3 2 2 2 2 3 0 0 1 0 0 0 -3 0 -3 -1 0 -2 0 0 0
checker 2 player 3 2 0 0 0 2 0 1 3 0 3 0 0 0 0 0 0 0 -3 -2 -2 -5 3 3 -2 -1 0 0
checker 2 opponent 6 2 0 0 1 2 -3 -3 5 2 2 3 0 0 0 0 0 0 0 -2 0 -2 -2 -1 -2 0 0 0
checker 2 player 4 2 0 0 0 2 1 2 2 0 2 0 0 0 0 0 0 0 -3 0 -2 -6 3 3 -2 -2 0 0
checker 2 opponent 3 1 0 0 2 2 -2 -3 6 2 0 3 -1 0 0 0 0 0 0 -2 0 -2 -2 -1 -2 0 0 0
checker 2 player 5 3 0 0 0 2 1 2 2 0 2 0 0 0 0 0 0 1 -2 0 -2 -7 3 2 -2 -1 -1 0
checker 2 opponent 4 1 0 1 1 2 -2 -2 7 2 -1 2 0 0 0 0 0 -1 0 -2 0 -2 -2 -1 -2 0 0 0
checker 2 player 6 3 0 0 0 2 1 2 2 0 2 0 1 0 0 0 0 0 -2 1 -2 -6 2 2 -2 -1 -2 0
checker 2 opponent 5 1 0 2 1 2 -2 -2 6 2 0 2 0 -1 0 0 0 0 0 -2 0 -2 -2 -2 -2 0 0 0
checker 2 player 6 3 0 0 0 2 2 2 2 0 2 0 0 0 0 0 1 0 -2 0 -2 -5 2 2 -1 -2 -3 0
checker 2 opponent 6 4 0 3 2 1 -2 -2 5 2 0 2 0 0 0 0 -1 0 0 -1 0 -2 -2 -2 -2 -1 0 0
checker 2 player 3 2 0 0 1 2 2 2 2 0 1 0 0 1 0 0 0 0 -2 0 0 -5 2 2 -2 -2 -4 0
checker 2 player 4 3 0 0 1 2 2 2 3 0 1 0 0 0 0 0 0 0 0 0 0 -3 2 2 -4 -2 -4 0
checker 2 player 6 6 0 0 2 2 2 3 2 0 0 0 0 0 0 0 0 0 0 0 0 -1 2 2 -4 -3 -5 0
checker 2 player 4 2 0 0 -1 0 2 0 2 1 2 0 0 0 -2 2 0 -2 -2 -2 -2 -3 3 2 0 -1 1 0
checker 2 opponent 5 4 0 -1 1 0 -2 -3 3 2 2 2 2 0 -1 2 0 0 0 -2 -2 -2 0 -2 0 1 0 0
checker 2 player 4 4 0 0 -1 0 2 0 2 2 2 0 0 0 0 1 0 -2 -3 -3 -2 -3 3 2 0 -1 1 0
checker 2 opponent 2 1 0 -1 1 0 -2 -3 3 2 3 3 2 0 0 0 0 0 0 -2 0 -2 -1 -2 -2 1 0 0
checker 2 player 5 3 0 0 -1 2 2 1 2 0 2 0 0 0 0 0 0 -2 -2 -3 -3 -3 3 2 0 0 -1 1
checker 2 opponent 6 3 0 1 0 0 -2 -4 3 3 3 2 2 0 0 0 0 0 0 -1 0 -2 -2 -2 -2 1 0 0
checker 2 player 4 1 0 0 0 2 2 2 2 0 0 0 0 -1 0 0 0 -2 -2 -3 -3 -3 4 2 0 0 -1 1
checker 2 opponent 4 3 0 1 0 0 -2 -5 3 3 3 2 2 0 0 0 1 0 0 0 0 -2 -2 -2 -2 0 0 0
checker 2 player 4 1 0 0 0 2 2 2 2 0 0 0 0 0 0 0 0 -2 -2 -3 -4 -3 5 2 0 0 -1 0
checker 2 opponent 5 1 0 1 0 0 -2 -5 3 4 3 2 2 0 0 0 0 0 0 0 0 0 -3 -2 -2 -1 0 0
checker 2 player 3 1 0 0 1 2 2 3 0 0 0 0 0 0 0 0 0 -2 -2 -2 -3 -4 5 2 -1 0 -1 0
checker 2 opponent 6 1 0 1 0 1 -2 -5 4 3 2 2 2 0 0 0 0 0 0 0 0 0 -2 -2 -2 -1 -1 0
checker 2 player 4 3 0 1 1 2 2 2 0 0 0 0 0 0 0 0 0 -2 -2 -2 -2 -4 5 2 0 -1 -2 0
checker 2 opponent 5 1 0 2 1 0 -2 -5 4 2 2 2 2 0 0 0 0 0 0 0 0 0 0 -2 -2 -2 -2 0
checker 2 opponent 6 2 0 -1 0 0 -2 -3 3 2 3 2 2 0 -2 2 0 0 0 -2 -1 -2 0 -2 0 1 0 0
checker 2 player 5 2 0 0 -1 0 2 0 2 1 2 0 0 0 0 2 -1 -2 -2 -3 -3 -3 3 2 0 0 1 0
checker 2 opponent 5 2 0 -1 0 0 -2 -3 3 3 3 2 2 1 -1 0 0 0 0 -3 0 -2 -1 -2 0 1 0 0
checker 2 player 4 3 0 0 0 0 2 1 2 -1 3 0 0 0 0 1 0 -2 -3 -3 -3 -3 3 2 0 0 1 0
checker 2 opponent 6 4 0 -1 0 0 -2 -3 3 3 3 3 2 0 0 0 0 0 -1 -2 1 -2 -2 -2 0 0 0 0
checker 2 player 5 2 0 0 0 0 2 2 2 0 2 1 0 -1 0 0 0 -2 -3 -3 -2 -3 3 2 0 0 -1 1
checker 2 opponent 2 1 0 1 -1 0 -2 -3 3 2 3 3 2 0 0 0 1 0 -1 -1 0 -2 -2 -2 -1 0 0 0
checker 2 player 6 3 0 0 0 1 2 2 2 0 1 1 0 0 0 -1 0 -2 -3 -2 -3 -3 3 2 0 1 -1 0
checker 2 opponent 4 4 0 1 -1 0 -2 -2 3 3 2 3 2 0 1 0 -1 0 -1 -1 0 -2 -2 -2 -1 0 0 0
checker 2 opponent 4 3 1 1 2 0 -2 -2 3 3 2 3 0 0 1 0 -1 0 -1 -1 0 -2 -2 -2 -1 0 0 0
checker 2 player 3 1 0 0 0 1 2 2 2 0 1 1 0 1 0 0 0 0 -2 -3 -3 -4 2 2 0 -2 -1 1
checker 2 opponent 5 1 0 -1 2 0 -2 -2 4 3 3 2 0 0 0 0 0 0 -1 -2 0 -2 -2 -2 -1 0 0 1
checker 2 player 6 4 0 -1 0 1 2 2 2 0 2 1 0 0 0 0 0 0 -2 -3 -3 -3 2 2 0 -2 -1 1
checker 2 opponent 4 4 0 1 2 0 -2 -2 3 3 3 2 -1 0 0 0 0 0 -1 -2 0 -2 -2 -2 -1 0 1 0
cube 2 player - - 0 -1 0 1 2 2 2 0 2 1 0 0 0 0 0 1 -2 -3 0 -2 2 2 -3 -3 -1 0
checker 2 player 2 1 0 -1 0 1 2 2 2 0 2 1 0 0 0 0 0 1 -2 -3 0 -2 2 2 -3 -3 -1 0
checker 2 opponent 5 5 0 1 3 3 -2 -2 2 0 3 2 -1 0 0 0 0 0 0 -1 -2 -2 -2 -2 -1 0 1 0
cube 2 player - - 0 -1 0 1 2 2 2 2 1 0 0 0 0 0 0 1 -2 0 0 -1 2 2 -6 -3 -2 0
checker 2 player 6 3 0 -1 0 1 2 2 2 2 1 0 0 0 0 0 0 1 -2 0 0 -1 2 2 -6 -3 -2 0
checker 2 opponent 2 1 0 2 3 6 -2 -2 1 0 0 2 0 0 0 0 0 0 -1 0 -2 -2 -3 -2 -1 0 1 0
cube 2 player - - 0 0 0 -1 2 3 2 2 0 1 0 0 0 0 0 0 -2 0 0 -1 2 2 -5 -4 -2 1
checker 4 opponent 5 4 0 0 0 -1 2 3 2 2 0 1 0 0 0 0 0 0 -2 0 0 -1 2 2 -5 -4 -2 1
checker 4 opponent 5 4 0 0 0 -1 3 3 2 2 0 0 0 0 0 0 0 0 0 0 0 -1 2 3 -7 -4 -2 0
checker 4 player 4 1 0 2 4 7 -2 -2 1 0 0 0 0 0 0 -1 0 0 0 0 -2 -2 -3 -3 1 0 0 0
checker 4 opponent 4 1 0 0 0 -1 3 3 2 2 0 0 0 0 1 0 0 0 0 0 0 0 2 2 -7 -4 -3 0
checker 4 opponent 3 2 1 0 0 2 2 3 2 1 0 0 0 0 1 0 0 0 0 0 0 0 2 2 -7 -4 -3 0
checker 4 opponent 6 3 0 0 -1 2 2 3 2 2 0 0 0 0 0 0 0 0 0 0 0 0 2 2 -7 -4 -3 0
checker 2 opponent 3 1 0 0 0 2 -3 -2 2 3 2 2 0 0 -2 2 0 0 0 -3 0 -3 2 0 -2 0 0 0
checker 2 player 4 3 0 0 0 2 0 -2 3 0 3 0 0 0 -1 2 0 0 -3 -2 -3 -2 2 3 -2 0 0 0
checker 2 opponent 6 5 0 0 0 2 -3 -2 2 3 2 3 0 0 -2 1 0 0 0 -2 0 -2 2 -1 -3 0 0 0
checker 2 player 3 2 0 0 0 3 1 -1 2 0 2 0 0 -1 0 2 0 0 -3 -3 -3 -2 2 3 -2 0 0 0
checker 2 opponent 1 1 0 0 0 2 -3 -2 2 3 3 3 0 0 -1 0 -1 0 0 -1 0 -2 -1 -1 -3 0 0 2
checker 2 player 6 4 0 -1 -1 3 1 1 2 0 1 0 0 1 0 1 0 0 -3 -3 -2 -3 2 3 -2 0 0 0
checker 2 opponent 6 5 0 0 0 2 -3 -2 3 2 3 3 0 0 -1 0 0 0 0 0 0 -2 -2 -2 -3 1 1 0
checker 2 player 6 5 0 0 0 3 2 2 2 -2 0 0 0 0 0 1 0 0 -3 -3 -2 -3 2 3 -2 0 0 0
checker 2 opponent 6 3 0 0 0 2 -2 -2 3 2 3 3 -1 0 0 0 0 0 0 -1 2 -2 -2 -2 -3 0 0 0
checker 2 player 6 4 0 0 0 3 2 2 2 -2 1 0 0 0 0 0 0 1 -2 -2 -2 -4 2 2 -2 -1 0 0
checker 2 opponent 5 4 0 -1 0 0 -2 -2 3 2 3 2 2 0 -2 3 0 0 0 -1 -1 -2 -2 -2 0 0 0 0
checker 2 player 5 1 0 0 0 0 2 2 2 1 1 0 0 0 -2 2 0 -2 -3 -3 -2 -2 2 2 0 0 -1 1
checker 2 opponent 3 3 0 1 0 0 -2 -3 2 2 3 3 2 0 -2 2 0 0 0 0 -2 -2 -2 -2 0 0 0 0
checker 2 player 5 3 0 0 0 0 2 2 2 2 0 0 0 0 0 2 0 -3 -2 -3 -3 -3 3 2 0 0 -1 0
checker 2 opponent 6 3 0 1 0 0 -2 -3 3 3 3 2 3 0 0 0 0 -1 0 -1 -2 -2 -2 -2 0 0 0 0
checker 2 player 4 2 0 0 0 0 2 2 2 2 1 0 1 0 0 0 0 -2 -2 -2 -4 -3 3 2 0 -1 -1 0
checker 2 opponent 5 4 0 1 1 0 -2 -3 3 4 2 2 2 0 0 0 0 -1 0 -1 -1 -2 -1 -2 -2 0 0 0
checker 2 player 3 2 0 0 0 2 2 1 2 1 1 0 1 0 0 0 0 -2 -2 -2 -2 -3 3 2 -1 -2 -1 0
checker 2 opponent 4 2 0 1 2 1 -2 -3 3 2 2 2 2 0 0 0 0 0 0 -1 -1 -2 -2 -2 -2 0 0 0
checker 2 player 3 1 0 0 0 2 2 2 2 1 1 0 0 0 0 0 0 0 -2 -3 -2 -4 3 2 -1 -2 -1 0
checker 2 opponent 3 3 0 1 2 1 -2 -3 4 2 3 2 0 0 0 0 0 0 0 0 -1 -2 -3 -2 -1 -1 0 0
checker 2 player 6 4 0 0 1 1 2 3 2 1 0 0 0 0 0 0 0 0 0 -3 -2 -4 3 2 -3 -2 -1 0
checker 2 opponent 5 1 0 1 2 3 -2 -2 4 2 3 0 0 -1 0 0 0 0 0 0 0 -2 -3 -2 -2 -1 0 0
checker 2 player 6 3 0 0 1 2 2 3 2 0 0 0 0 0 0 0 1 0 0 -2 -2 -4 2 2 -4 -1 -2 0
checker 2 opponent 5 5 0 2 1 4 -2 -2 4 2 2 0 0 0 0 0 0 0 0 -1 0 -2 -2 -2 -2 -2 0 0
checker 2 player 3 2 0 0 2 2 2 2 2 0 1 0 0 0 0 0 0 0 0 0 0 -4 2 2 -6 -3 -2 0
checker 2 player 5 1 0 0 2 0 2 2 2 2 0 0 0 0 -3 0 0 -2 -2 -3 -2 -3 2 3 0 0 0 0
checker 2 opponent 5 2 0 0 0 0 -2 -3 3 2 3 2 2 0 0 3 0 0 0 0 -2 -1 -2 -2 0 -2 -1 0
checker 2 player 4 3 0 1 2 0 2 2 1 2 0 0 0 0 -2 0 0 -2 -2 -3 -2 -4 3 2 0 0 0 0
checker 2 opponent 5 3 0 0 0 0 -2 -3 4 2 3 2 2 0 0 2 0 0 0 0 -1 0 -2 -2 -2 -2 -1 0
checker 2 player 6 4 0 1 2 2 2 2 0 1 0 0 0 0 -2 0 0 -2 -2 -2 -2 -3 3 2 -2 0 0 0
checker 2 opponent 6 1 0 0 0 2 -2 -2 3 2 2 2 2 0 0 2 0 -1 0 0 -1 0 -2 -2 -2 -2 -1 0
checker 2 player 6 5 0 1 2 2 2 2 0 1 0 0 1 0 0 -1 0 -2 -2 -2 -3 -3 2 2 -2 0 0 0
checker 2 player 3 3 0 0 -1 0 2 0 2 1 2 0 0 0 -2 2 0 -2 -2 -3 -2 -3 3 2 0 0 1 0
checker 2 opponent 6 5 0 -1 0 0 -2 -3 3 2 3 2 2 0 -1 2 0 0 0 0 -2 -2 -2 -2 0 1 0 0
checker 2 player 5 2 0 0 0 0 2 2 2 2 0 0 0 0 -2 -1 0 -2 -2 -3 -2 -3 3 2 0 0 1 1
checker 2 opponent 5 3 0 -1 -1 0 -2 -3 3 2 3 2 2 0 1 2 0 0 0 0 -1 -2 -2 -2 0 -1 0 0
checker 2 opponent 6 5 0 -1 -1 1 -2 -3 3 2 2 2 3 0 1 1 0 0 0 0 0 0 -2 -2 0 -2 -2 0
checker 2 player 2 2 0 2 2 0 2 2 0 0 0 0 0 0 0 -1 0 -3 -2 -2 -2 -3 3 2 -1 -1 1 1
checker 2 player 2 1 2 2 2 2 2 0 0 0 0 0 0 0 0 -1 0 -3 -2 -2 -2 -3 3 2 1 1 0 0
checker 2 opponent 4 3 0 -1 0 0 -2 -2 3 2 3 2 2 0 -2 3 0 0 0 -1 -1 -2 -2 -2 0 0 0 0
checker 2 player 2 1 0 0 0 0 2 2 2 1 1 0 0 0 -2 2 0 -2 -3 -3 -2 -2 2 2 -1 0 1 0
checker 2 player 3 2 1 0 0 0 2 2 2 2 0 0 0 0 -2 2 0 -2 -3 -3 -2 -2 2 2 1 0 0 0
checker 2 player 3 3 1 0 0 0 2 2 2 2 0 0 1 0 -2 1 0 -2 -3 -3 -2 -2 3 2 0 0 0 0
checker 2 player 6 5 1 1 0 0 2 2 2 2 0 0 1 0 -2 0 0 -2 -3 -3 -2 -2 3 2 0 0 0 0
checker 2 opponent 4 1 0 0 0 0 -2 -2 2 2 3 3 2 0 0 2 0 -1 -1 0 -2 -2 -2 -2 0 0 -1 1
checker 2 player 4 3 0 -1 0 0 2 2 2 2 0 1 1 0 -1 0 0 -2 -4 -3 -2 -2 2 2 0 0 0 1
checker 2 opponent 3 1 0 0 0 -1 -2 -2 2 2 3 4 2 0 0 1 0 0 -1 0 -2 -3 -2 -2 0 0 1 0
checker 2 player 5 2 0 0 -1 0 2 2 3 2 0 1 0 0 0 0 0 -3 -4 -3 -2 -2 2 2 1 0 0 0
checker 2 opponent 1 1 0 0 0 0 -2 -3 2 2 3 4 3 0 0 0 0 0 0 0 -2 -3 -2 -3 0 1 0 0
checker 2 player 5 3 0 0 0 -1 3 2 3 2 0 0 0 0 0 0 0 -3 -3 -3 -2 -3 3 2 0 0 0 0
checker 2 opponent 4 1 0 0 0 0 -2 -3 3 2 3 3 3 0 0 0 0 0 0 0 -2 -2 -2 -2 1 0 -2 0
checker 2 player 4 1 0 2 0 -1 2 2 2 2 0 0 0 0 0 0 0 -3 -3 -2 -3 -2 3 2 0 -1 0 0
checker 2 opponent 3 1 0 0 1 0 -2 -3 2 3 2 3 3 0 0 0 0 0 0 0 -2 0 -3 -2 1 -1 -2 0
checker 2 player 5 2 0 2 1 -1 2 3 0 2 0 0 0 0 0 0 0 -2 -3 -2 -3 -3 3 2 0 -1 0 0
checker 2 opponent 2 1 0 0 1 0 -2 -3 3 3 2 3 2 0 0 0 0 0 0 0 0 0 -4 -2 1 -2 -2 0
checker 2 player 5 1 0 2 2 -1 2 4 0 0 0 0 0 0 0 0 0 -2 -2 -2 -4 -3 3 2 0 0 -1 0
checker 2 opponent 3 1 0 1 0 0 -2 -3 3 4 2 2 2 0 0 0 0 0 0 0 0 0 -3 -3 1 -2 -2 0
checker 2 player 4 1 0 2 2 0 3 3 -1 0 0 0 0 0 0 0 0 -2 -2 -2 -3 -4 3 2 0 0 -1 0
checker 2 opponent 2 2 0 1 0 0 -2 -3 4 3 2 2 2 0 0 0 0 0 0 0 0 1 -2 -2 -1 -2 -3 0
checker 2 player 6 4 0 3 2 1 2 2 0 0 0 0 0 0 0 0 -1 -2 -2 -2 -3 -4 3 2 0 0 -1 0
checker 2 player 6 4 1 3 2 1 2 2 0 0 0 0 1 0 0 0 0 -2 -2 -2 -3 -4 2 2 0 0 -1 0
checker 2 opponent 5 2 0 0 0 2 -3 -2 2 3 2 2 0 0 -2 2 0 0 0 -3 0 -3 2 0 -2 0 0 0
checker 2 player 4 2 0 0 0 2 0 -1 3 0 3 0 0 0 -3 2 0 0 -2 -2 -3 -2 2 3 -2 0 0 0
checker 2 opponent 3 2 0 0 0 2 -3 -2 2 3 2 2 0 0 -2 3 0 0 0 -2 0 -2 1 -2 -2 0 0 0
checker 2 player 6 4 0 0 0 2 2 0 2 0 2 0 -1 0 -3 2 0 0 -2 -2 -3 -2 2 3 -2 0 0 0
checker 2 opponent 5 3 0 0 0 2 -3 -2 2 3 2 2 0 0 -2 2 0 0 0 -3 0 -3 2 0 -2 0 0 0
checker 2 player 1 1 0 0 0 2 0 -2 3 0 3 0 0 0 0 2 0 -1 -2 -3 -3 -2 2 3 -2 0 0 0
checker 2 opponent 3 1 0 0 0 2 -2 -3 2 3 3 2 1 0 -2 0 0 0 0 0 -3 -3 2 0 -2 0 0 0
checker 2 player 6 5 0 0 0 2 0 -2 3 3 0 0 0 0 0 2 0 0 -2 -3 -3 -3 3 2 -2 0 0 0
checker 2 opponent 6 5 0 0 0 2 -2 -2 3 3 3 2 0 0 -2 0 0 0 -1 0 -3 -3 2 0 -2 0 0 0
checker 2 player 4 2 0 0 0 2 0 -1 3 3 0 1 0 0 0 2 0 0 -3 -3 -3 -3 2 2 -2 0 0 0
checker 2 opponent 5 4 0 0 0 2 -2 -2 3 3 3 3 0 0 -2 0 0 0 0 0 -2 -3 -2 0 -2 0 0 1
checker 2 player 6 1 0 0 0 2 0 2 3 2 0 -1 0 0 0 2 0 0 -3 -3 -3 -3 2 2 -2 0 0 0
checker 2 opponent 2 1 0 0 0 2 -2 -2 3 3 3 3 0 0 -1 0 0 0 1 0 -2 -4 -2 0 -2 0 0 0
checker 2 player 5 3 0 0 0 2 0 2 4 2 0 0 0 0 -1 1 0 0 -3 -3 -3 -3 2 2 -2 0 0 0
checker 2 player 3 3 0 0 0 0 2 2 2 1 1 0 0 0 -3 2 0 -2 -2 -3 -2 -3 2 2 0 0 1 0
checker 2 opponent 5 4 0 -1 0 0 -2 -2 3 2 3 2 2 0 0 3 0 -2 0 -1 -1 0 -2 -2 -2 0 0 0
checker 2 player 1 1 0 0 0 2 2 2 0 1 1 0 2 0 -2 0 0 -2 -3 -2 -2 -3 2 2 -1 0 1 0
checker 2 opponent 6 4 0 -1 0 1 -2 -2 3 2 2 3 2 0 0 2 0 -1 -1 0 0 -2 -2 -2 -2 0 0 0
checker 2 player 5 4 0 0 0 2 2 2 2 0 0 1 1 0 -1 0 0 -2 -3 -2 -2 -3 2 2 -2 0 1 0
checker 2 opponent 4 1 0 0 0 2 -2 -3 3 2 2 3 2 0 0 1 0 0 -1 0 0 -2 -3 -2 -2 0 0 0
checker 2 player 4 2 0 0 0 2 2 3 2 0 0 1 0 0 0 0 0 -2 -3 -3 -2 -3 3 2 -2 0 0 0
checker 2 opponent 6 2 0 0 0 2 -2 -3 3 2 3 3 2 0 0 0 0 0 0 0 0 -2 -3 -2 -3 0 0 0
checker 2 player 6 3 0 0 0 3 2 3 2 0 0 0 0 0 0 0 0 -2 -2 -2 -3 -3 3 2 -2 -1 0 0
checker 2 opponent 5 2 0 0 1 2 -2 -2 3 3 2 2 2 -1 0 0 0 0 0 0 0 -2 -2 -2 -3 -1 0 0
checker 2 player 5 4 0 0 1 3 2 2 2 0 0 0 0 0 0 0 1 -2 -2 -2 -2 -3 2 2 -1 -2 -1 0
checker 2 opponent 4 3 0 1 2 1 -2 -2 3 2 2 2 2 0 0 0 0 0 0 0 0 -2 -3 -2 -3 -1 0 0
checker 2 player 4 1 0 0 1 3 2 3 2 0 0 0 0 0 0 0 0 0 -2 -2 -3 -4 2 2 -1 -2 -1 0
checker 2 opponent 6 5 0 1 2 1 -2 -2 4 3 2 2 0 0 0 0 0 0 0 0 0 -2 -2 -2 -2 -2 -1 0
checker 2 player 6 1 0 1 2 2 2 2 2 0 0 0 0 0 0 0 0 0 -2 0 -3 -4 2 2 -2 -3 -1 0
checker 2 opponent 3 2 0 0 0 0 -3 -2 3 2 3 2 2 0 0 3 0 0 0 0 -2 -2 -2 -2 0 -2 0 0
checker 2 player 5 3 0 0 2 0 2 2 2 2 0 0 0 0 -2 0 0 -2 -2 -4 -2 -3 2 3 0 0 0 0
checker 2 opponent 4 1 0 0 0 0 -3 -2 3 2 4 2 2 0 0 2 0 0 0 0 -2 0 -2 -2 -1 -2 -1 0
checker 2 opponent 6 4 0 0 0 0 -3 -2 3 3 3 3 2 0 0 1 0 0 0 0 0 0 -2 -2 -1 -4 -1 0
checker 2 player 3 1 0 1 4 1 2 2 0 0 0 0 0 0 -1 0 0 -2 -2 -3 -2 -3 2 3 -2 0 0 0
checker 2 opponent 6 5 0 0 0 2 -2 -3 3 2 3 2 2 0 0 1 0 0 0 0 0 0 -2 -1 -1 -4 -2 0
checker 2 opponent 3 2 0 1 1 2 -2 -3 2 2 2 2 2 0 0 1 0 0 0 0 0 0 0 0 -1 -6 -3 0
checker 2 player 4 1 0 3 6 1 0 0 0 0 0 0 0 0 0 0 0 -3 -2 -2 -2 -2 3 2 -1 -1 -2 0
checker 2 opponent 2 1 0 2 1 1 -2 -3 2 2 2 2 3 0 0 0 0 0 0 0 0 0 0 0 -1 -5 -4 0
checker 2 opponent 6 5 0 2 1 1 -2 -3 3 1 3 2 2 0 0 0 0 0 0 0 0 0 0 0 -1 -5 -4 0
checker 2 player 4 3 0 4 5 1 0 0 0 0 0 0 0 0 0 0 0 -2 -2 -1 -1 -3 3 2 -2 -2 -2 0
checker 2 opponent 4 2 0 2 2 2 -2 -2 3 1 0 2 2 0 -1 0 0 0 0 0 0 0 0 0 -1 -5 -4 1
checker 2 player 6 4 0 4 5 1 0 0 -1 0 0 0 0 0 0 1 0 -2 -2 0 -1 -3 2 2 -2 -2 -2 0
checker 2 opponent 2 1 0 2 2 2 -2 -2 3 1 0 2 2 0 0 0 0 0 0 0 0 1 0 0 -2 -5 -4 0
checker 2 player 5 3 0 4 5 2 0 0 0 0 -1 0 0 0 0 0 0 -2 -2 0 0 -4 2 2 -2 -2 -2 0
checker 2 player 3 1 0 0 -1 0 2 0 2 1 2 0 0 0 -2 2 0 -2 -2 -3 -2 -3 3 2 0 0 1 0
checker 2 opponent 5 3 0 -1 0 0 -2 -3 3 2 3 2 2 0 -2 2 0 0 0 0 -2 -2 -1 -2 0 1 0 0
checker 2 opponent 6 1 1 -1 0 0 -2 -3 2 2 3 2 2 0 -2 2 0 0 0 0 -2 -2 1 -2 0 0 0 1
checker 2 player 3 2 0 -1 0 0 2 0 2 2 0 0 0 -1 -2 2 0 -2 -2 -3 -2 -2 3 2 0 0 1 1
checker 2 opponent 6 3 0 0 0 -2 -2 -3 2 2 3 2 2 0 -2 2 1 0 0 0 -2 -2 0 -2 0 0 1 0
checker 2 player 4 2 0 -1 0 0 2 0 2 2 0 0 0 0 -2 2 -1 -2 -2 -2 -2 -2 3 2 2 -1 0 0
checker 2 opponent 6 5 0 0 1 -2 -2 -3 2 2 2 2 2 1 -2 2 0 0 0 0 -1 -1 -1 -2 0 -1 1 0
checker 2 player 6 5 0 0 1 0 2 1 -1 1 0 0 0 0 -1 2 -1 -2 -2 -2 -3 -2 3 2 2 -1 0 1
checker 2 opponent 6 1 0 0 1 -2 -2 -3 2 3 2 2 2 -1 -2 1 0 0 0 0 -1 1 -1 -2 0 -1 0 1
checker 2 player 4 2 0 -1 1 0 2 1 -1 1 0 0 0 0 -1 2 1 -2 -2 -2 -2 -2 3 2 2 -1 -1 0
checker 2 opponent 6 3 0 1 1 -2 -2 -3 2 2 2 2 2 0 -2 1 0 0 0 -1 -1 1 -1 -2 0 -1 1 0
checker 2 player 6 4 0 0 1 0 2 1 -1 0 1 0 -1 0 -1 2 0 -2 -2 -2 -2 -2 3 2 2 -1 -1 1
checker 2 opponent 5 2 0 1 1 -2 -3 -2 2 2 2 2 2 -1 -2 1 0 1 0 -1 0 1 -1 -2 0 -1 0 0
checker 2 opponent 2 1 1 1 1 -2 -3 -2 3 2 2 2 2 0 -2 0 0 1 0 -1 0 1 -1 -2 0 -1 0 0
checker 2 player 5 5 0 0 1 0 2 1 0 0 0 -1 -1 0 0 2 0 -2 -2 -2 -2 -3 2 3 2 -1 -1 2
checker 2 opponent 4 3 0 1 1 -2 -3 -4 3 2 2 2 2 0 0 0 0 1 1 -2 0 0 -1 -2 0 -1 0 0
checker 2 player 6 2 0 0 1 0 2 1 0 0 2 0 0 0 -1 0 -1 -2 -2 -2 -2 -3 4 3 2 -1 -1 0
checker 2 player 4 2 1 0 1 0 2 1 1 0 1 0 0 0 -1 0 1 -2 -2 -2 -2 -3 3 3 2 -1 -1 0
checker 2 opponent 2 1 0 1 1 -2 -3 -3 3 2 2 2 2 0 0 1 0 -1 0 0 0 -2 -1 -2 0 -1 0 1
checker 2 player 1 1 0 0 1 -1 2 1 2 0 0 0 1 0 -1 0 0 -2 -2 -2 -2 -3 3 3 2 -1 -1 0
checker 2 opponent 6 5 0 1 1 -2 -2 -4 3 2 2 2 2 0 0 1 0 0 0 -1 0 -2 -1 -1 -1 -1 0 1
checker 2 player 4 2 0 0 1 1 1 0 2 0 1 0 0 -1 -1 0 0 -2 -2 -2 -2 -3 4 2 2 -1 -1 1
checker 2 opponent 4 1 0 1 1 -2 -3 -4 3 2 2 2 2 0 0 1 1 0 0 -1 0 -1 0 -2 -1 -1 0 0
checker 2 player 3 1 0 0 1 1 2 0 1 0 1 0 0 -1 -1 0 0 -2 -2 -2 -2 -2 4 3 2 -1 -2 0
checker 2 opponent 2 1 0 2 1 -2 -3 -4 2 2 2 2 2 0 0 1 1 0 0 0 0 0 -2 -2 -1 -1 0 0
checker 2 player 6 2 0 0 1 1 2 2 0 0 0 0 0 0 -1 0 -1 -2 -2 -2 -2 -2 4 3 2 -1 -2 0
checker 2 opponent 6 4 0 2 1 -2 -3 -5 2 2 2 2 2 0 0 0 0 0 0 0 0 0 -2 -2 1 -1 0 1
checker 2 opponent 4 1 0 2 1 -2 -3 -4 2 2 2 2 2 0 0 0 0 0 -1 0 1 1 -2 -2 0 -1 0 0
checker 2 player 5 3 0 0 1 0 2 2 -1 0 0 1 0 0 -1 0 0 -2 -2 -2 -2 -2 4 3 2 -1 -2 0
checker 2 opponent 5 1 0 2 1 -2 -3 -4 2 2 2 2 2 0 0 1 0 0 0 0 0 1 -1 -3 0 -2 0 0
checker 2 player 1 1 0 0 2 0 3 1 -1 0 0 0 0 0 0 0 0 -2 -2 -2 -3 -2 4 3 2 -1 -2 0
checker 2 opponent 4 2 0 2 1 -2 -2 -5 2 3 2 2 2 0 0 0 0 0 0 0 0 1 0 -2 -2 -2 0 0
checker 2 player 3 1 0 0 2 2 2 0 0 0 0 0 0 0 -1 0 0 -2 -2 -2 -3 -2 5 2 2 -1 -2 0
checker 2 opponent 5 3 0 2 1 -2 -2 -5 2 3 2 2 2 0 0 1 0 0 0 0 0 0 0 0 -3 -2 -1 0
checker 2 player 5 2 0 1 2 3 0 0 0 0 0 0 0 0 -1 0 0 -2 -1 -2 -2 -3 5 2 2 -2 -2 0
checker 2 opponent 1 1 0 0 0 0 -3 -2 3 2 3 2 2 0 0 3 0 0 0 0 -2 -2 -2 -2 0 -2 0 0
checker 2 player 3 1 0 0 2 0 2 2 2 2 0 0 0 0 -1 0 -2 -2 -2 -3 -2 -3 2 3 0 0 0 0
checker 2 opponent 3 3 0 0 0 0 -2 -3 3 2 3 2 2 2 0 1 0 0 0 0 -1 -2 -2 -3 0 -2 0 0
checker 2 player 1 1 0 0 2 0 3 2 2 1 0 0 0 0 0 0 0 -2 -2 -5 -3 -3 3 2 0 0 0 0
checker 2 opponent 4 1 0 0 0 0 -2 -3 3 3 5 2 2 0 0 0 0 0 0 0 -1 -1 -2 -2 -2 -2 0 0
checker 2 player 6 6 0 0 2 2 2 2 1 1 0 0 0 0 0 0 0 -2 -2 -4 -3 -3 3 2 -1 0 0 0
checker 2 opponent 5 1 0 -1 0 0 -2 -3 3 2 3 2 2 0 -2 2 0 0 0 -2 -1 -2 0 -2 0 1 0 0
checker 2 player 4 2 0 0 0 -1 2 0 2 1 2 0 0 0 -2 2 0 -2 -2 -3 -2 -2 3 2 0 0 -1 1
checker 2 opponent 5 1 0 1 -1 0 -2 -3 2 2 3 2 2 0 -2 2 0 0 0 -2 0 -2 0 -2 -1 0 0 1
checker 2 player 3 2 0 0 0 1 2 -1 2 0 2 0 0 0 -2 2 0 -2 -2 -2 -3 -2 3 2 0 1 -1 0
checker 2 opponent 5 4 0 1 -1 0 -2 -3 2 3 2 2 2 0 -2 2 0 0 0 -1 0 -2 -1 -1 -1 -1 0 1
checker 2 opponent 4 2 0 1 -1 0 -3 -3 2 2 2 2 2 0 -2 2 0 0 0 -1 0 -2 -1 1 -1 -1 0 1
checker 2 player 5 5 0 0 1 1 -2 1 2 0 1 0 0 0 -1 2 -1 -2 -2 -2 -2 -2 3 3 0 1 -1 0
checker 2 opponent 6 4 0 1 -1 0 -3 -3 2 2 2 2 2 1 0 1 0 0 0 -2 0 -1 -1 2 -2 -1 -1 0
checker 2 player 6 4 0 1 1 2 -1 1 1 0 2 0 0 0 -1 0 -2 -2 -2 -2 -2 -2 3 3 0 1 -1 0
checker 2 opponent 4 3 0 1 -1 0 -3 -3 2 2 2 2 2 2 0 1 0 0 0 0 0 -1 -1 -1 -2 -2 -1 1
checker 2 player 3 1 0 1 2 2 -1 1 1 0 0 0 0 0 0 0 -2 -3 -2 -2 -2 -2 3 3 0 1 -1 1
checker 2 opponent 3 3 0 1 0 -2 -3 -3 2 2 2 2 3 2 0 0 0 0 0 0 0 -1 -1 1 -2 -2 -1 0
checker 2 player 6 4 0 1 2 2 0 1 1 0 0 0 0 0 0 -1 -2 -2 -2 -2 -3 -2 3 3 2 0 -1 0
checker 2 opponent 6 4 0 1 0 -2 -3 -3 2 3 2 2 2 2 1 0 0 0 0 0 0 0 -1 0 -2 -3 -1 0
checker 2 opponent 5 2 0 1 1 -2 -3 -3 2 3 2 2 2 2 0 0 0 0 0 0 0 0 0 0 -2 -4 -1 0
checker 2 player 4 2 1 1 4 2 0 0 0 0 0 0 0 1 0 0 0 -2 -3 -2 -2 -2 2 3 2 -2 -1 0
checker 2 opponent 6 1 0 1 2 -2 -3 -2 2 2 2 3 2 0 0 0 0 0 0 0 0 0 -1 0 -2 -4 -1 1
checker 2 opponent 5 3 0 1 2 -2 -3 -2 2 2 3 2 2 0 0 0 0 0 0 0 0 1 0 0 -2 -5 -1 0
checker 2 player 5 1 0 1 5 2 0 0 0 0 0 0 0 0 0 0 -1 -2 -2 -3 -2 -2 2 3 2 -2 -1 0
checker 2 opponent 6 3 0 1 2 -2 -2 -3 2 2 3 2 2 1 0 0 0 0 0 0 0 0 0 0 -2 -5 -1 0
checker 2 player 4 1 0 1 5 2 0 0 0 0 0 0 0 0 0 0 -1 -1 -2 -3 -2 -2 3 2 2 -2 -2 0
checker 2 opponent 1 1 0 2 2 -2 -2 -3 2 2 3 2 1 1 0 0 0 0 0 0 0 0 0 0 -2 -4 -2 0
checker 2 player 3 2 0 2 4 2 0 0 0 0 0 0 0 0 0 0 0 -2 -2 -1 -3 -3 3 2 2 -2 -2 0
checker 2 opponent 5 4 0 2 2 -1 -2 -3 3 3 -1 2 2 0 0 0 0 0 0 0 0 0 0 0 -2 -4 -2 1
checker 2 player 5 3 0 2 4 2 0 -1 0 0 0 0 0 0 0 0 0 -2 -2 1 -2 -3 3 2 -1 -2 -2 1
checker 2 opponent 4 4 0 2 2 0 -2 -3 3 2 -2 2 2 0 0 0 0 0 0 0 0 0 1 0 -2 -4 -2 1
checker 2 player 5 3 0 2 4 2 -1 0 0 0 0 -1 0 0 0 0 0 -2 -2 2 0 -3 3 2 -2 -2 -2 0
checker 2 opponent 4 2 0 2 2 2 -2 -2 3 0 -2 2 2 0 0 -1 0 0 1 0 0 0 0 1 -2 -4 -2 0
checker 2 player 2 1 0 2 4 2 0 0 -1 0 0 0 0 0 1 -1 0 -2 -2 2 0 -3 2 2 -2 -2 -2 0
checker 2 opponent 4 3 0 2 2 2 -2 -2 3 0 -2 2 2 0 1 0 0 0 -1 0 0 1 0 0 -2 -4 -2 0
checker 2 opponent 5 2 1 2 2 2 -2 -2 3 0 -2 2 2 0 2 0 0 0 0 0 0 0 0 0 -2 -4 -2 0
checker 2 player 5 4 0 2 4 2 0 0 0 0 0 0 0 0 0 -1 0 -2 -1 2 -2 -3 2 2 -2 -2 -2 1
checker 2 player 6 6 1 2 4 2 0 0 0 0 0 0 0 0 0 -1 0 -2 1 2 -2 -3 2 2 -2 -2 -2 0
checker 2 opponent 6 5 0 2 2 2 -2 -2 3 2 0 -1 2 0 1 0 0 0 0 0 0 0 -2 0 -2 -4 -2 1
checker 2 player 5 4 0 2 4 2 0 2 -1 0 0 0 0 0 0 0 0 -2 1 0 -3 -3 2 2 -2 -2 -2 0
checker 2 player 4 3 0 0 0 2 0 -2 3 0 3 0 0 0 -2 2 0 0 -2 -2 -3 -2 2 3 -2 0 0 0
checker 2 opponent 5 4 0 0 0 2 -3 -2 2 3 2 2 0 0 -2 2 0 0 0 -2 0 -2 2 -1 -3 0 0 0
checker 2 player 5 4 0 0 0 3 1 0 2 0 2 -1 -1 0 -2 2 0 0 -2 -2 -3 -2 2 3 -2 0 0 0
checker 2 opponent 4 2 0 0 0 2 -3 -2 2 3 2 2 0 0 -1 2 0 1 0 -2 0 -2 0 -2 -3 0 0 1
checker 2 player 5 1 0 0 -1 3 2 0 2 0 2 0 0 0 -2 1 -1 0 -2 -2 -3 -2 2 3 -2 0 0 0
checker 2 player 4 3 1 0 1 2 2 0 3 0 -1 0 0 1 -2 1 0 0 -2 -2 -3 -2 2 2 -2 0 1 0
checker 2 player 5 4 2 0 2 2 2 0 2 0 1 0 0 0 -2 1 0 0 -2 -2 -3 -2 2 2 -2 0 1 0
checker 2 player 4 4 0 0 0 0 2 2 2 1 1 0 0 0 -3 2 0 -2 -2 -3 -2 -3 2 2 0 0 1 0
checker 2 opponent 4 2 0 0 0 0 -2 -3 3 2 3 2 2 0 0 3 0 0 -1 -1 -1 -2 -3 -2 0 0 0 0
checker 2 player 5 3 0 0 0 0 2 3 2 1 1 1 0 0 -2 0 0 -2 -2 -3 -3 -3 3 2 0 0 0 0
checker 2 opponent 6 1 0 0 0 0 -2 -3 3 3 3 2 2 0 0 2 0 0 -1 0 0 -2 -4 -2 0 -1 0 0
checker 2 player 5 1 0 0 1 0 2 4 2 0 0 1 0 0 0 -1 0 -2 -2 -3 -4 -3 3 2 0 0 0 0
checker 2 opponent 6 6 0 0 0 0 -2 -3 3 4 3 2 2 0 1 0 0 0 0 0 0 -2 -4 -2 -1 -1 0 0
checker 2 player 4 3 0 0 1 1 2 4 2 0 0 0 0 0 0 0 0 -2 -2 -2 -2 -4 3 2 0 -1 -2 0
checker 2 opponent 6 4 0 2 1 0 -2 -3 4 2 2 2 2 0 0 0 0 0 0 0 0 -2 -2 -2 -1 -2 -1 0
checker 2 player 6 6 0 1 2 1 2 2 2 0 0 0 0 0 0 0 0 -2 -2 -2 0 -4 3 2 -1 -1 -3 0
checker 2 opponent 4 4 0 -1 0 0 -2 -2 3 2 3 2 2 0 -2 3 0 0 0 -1 -1 -2 -2 -2 0 0 0 0
checker 2 player 2 1 0 0 0 0 2 2 2 1 1 0 0 0 -3 2 0 0 -2 -3 -2 -3 2 2 0 -2 1 0
checker 2 opponent 1 1 0 -1 2 0 -2 -2 3 2 3 2 0 0 -1 3 -1 0 0 0 -2 -2 -2 -2 0 0 0 0
checker 2 opponent 6 4 1 2 0 0 -3 -2 3 2 3 2 0 0 2 1 -1 0 0 0 -2 -2 -2 -2 0 0 0 0
checker 2 player 5 5 0 0 0 0 2 2 2 2 0 0 0 1 0 -1 0 0 -3 -3 -2 -4 2 3 0 0 -2 1
checker 2 opponent 6 2 0 2 0 0 -3 -2 4 2 3 3 0 0 1 0 0 -1 0 0 -2 -3 -2 -2 0 0 0 0
checker 2 player 6 3 0 0 0 0 2 2 3 2 0 0 1 0 0 0 0 0 -2 -3 -3 -5 2 3 0 0 -2 0
checker 2 opponent 6 1 0 2 0 0 -2 -2 5 3 3 2 -1 0 0 0 0 -1 0 0 -2 -2 -2 -2 -1 0 0 0
checker 2 player 6 4 0 0 0 1 2 2 2 2 0 0 1 0 0 0 0 1 0 -4 -3 -5 2 2 -1 0 -2 0
checker 2 opponent 6 3 0 2 0 1 -2 -2 5 3 4 0 0 0 0 0 0 -1 -1 0 -1 -2 -2 -2 -2 0 0 0
checker 2 player 4 2 0 0 0 2 2 2 2 1 0 1 1 0 0 0 0 0 0 -3 -3 -4 2 2 -2 -1 -2 0
checker 2 opponent 6 2 0 2 1 2 -2 -2 4 3 3 0 0 0 0 0 0 0 0 -1 -1 -2 -3 -2 -2 0 0 0
checker 2 player 3 3 0 0 0 2 2 3 2 1 1 0 0 0 0 0 0 0 0 -2 -2 -5 2 2 -2 -1 -3 0
checker 2 opponent 5 2 0 3 1 2 -2 -2 5 2 2 0 0 0 0 0 0 0 0 0 0 -2 -2 -3 -2 -2 0 0
checker 2 player 5 3 0 0 2 2 3 2 2 0 0 0 0 0 0 0 0 0 0 0 -2 -6 2 2 -3 -1 -3 0
checker 2 opponent 4 1 0 -1 0 0 -2 -3 3 2 3 2 2 0 -2 2 0 0 0 -2 -1 -2 0 -2 0 1 0 0
checker 2 player 5 3 0 0 0 -1 2 0 2 1 2 0 0 0 -2 2 0 -2 -2 -3 -2 -2 3 2 0 -1 1 0
checker 2 opponent 4 4 0 -1 1 0 -2 -3 2 2 3 2 2 0 0 2 0 -1 0 -3 -1 -2 0 -2 1 0 0 0
checker 2 player 4 4 0 0 0 0 2 0 2 0 3 0 1 0 -1 0 0 -3 -3 -3 -2 -2 3 2 0 -1 1 1
checker 2 opponent 5 5 0 -1 1 0 -3 -3 2 2 3 3 3 0 0 1 0 0 0 -2 0 -2 0 -3 0 -1 0 0
checker 2 player 6 2 0 0 1 0 3 0 2 0 2 0 0 0 0 0 0 -3 -3 -2 -1 -2 3 3 -2 -2 1 0
checker 2 opponent 6 1 0 0 2 2 -3 -2 2 -2 2 3 3 0 0 0 0 0 0 -2 0 -2 0 -3 0 -1 0 1
checker 2 player 3 3 0 0 1 0 3 0 2 -1 2 0 0 0 0 0 0 -3 -3 -2 2 -2 2 3 -2 -2 0 0
checker 2 opponent 3 1 0 0 2 2 -2 -2 2 -3 2 3 3 0 0 0 0 0 0 0 1 -1 -2 -3 -1 -1 0 0
checker 2 player 5 3 0 0 1 1 3 2 1 -1 0 0 0 0 0 0 0 -2 -3 -2 3 -3 2 2 -2 -2 0 0
checker 2 opponent 2 1 0 0 2 2 -2 -2 3 -2 2 3 2 0 0 0 0 -1 0 0 1 -1 -2 -3 -1 -1 0 0
checker 2 player 4 2 0 0 1 1 3 2 1 0 0 0 -1 0 0 0 0 -2 -3 -2 2 -3 2 2 -2 -2 0 1
checker 2 opponent 6 4 0 0 2 2 -3 -2 3 -2 2 3 2 0 0 0 0 1 0 0 0 -1 -2 -2 -1 -2 0 0
checker 2 player 5 3 0 0 2 1 2 2 1 0 0 0 0 0 0 0 0 -1 -4 -2 2 -4 2 3 -2 -2 0 0
checker 2 player 6 2 0 0 0 2 0 -2 3 0 3 0 0 0 -2 2 0 0 -2 -2 -3 -2 2 3 -2 0 0 0
checker 2 opponent 6 4 0 0 0 2 -2 -2 2 3 2 2 0 0 -3 2 0 0 0 -3 0 -3 2 0 -2 0 0 0
checker 2 player 5 2 0 0 0 2 0 0 3 0 3 -1 0 -1 -2 3 0 0 -2 -2 -3 -2 2 2 -2 0 0 0
checker 2 opponent 5 3 0 0 0 2 -2 -2 2 3 2 2 0 0 -2 2 0 0 1 -3 0 -4 0 0 -2 0 0 1
checker 2 player 4 1 0 0 0 2 0 -1 4 0 3 0 0 0 -3 2 0 0 -2 -2 -3 -2 2 2 -2 0 0 0
checker 2 opponent 5 2 0 0 0 2 -2 -2 2 3 2 2 0 0 -1 3 0 0 -1 -3 0 -3 -1 0 -2 0 0 1
checker 2 player 4 2 0 0 0 2 0 0 3 -1 3 1 0 0 -3 1 0 0 -2 -2 -3 -2 2 2 -2 0 0 1
checker 2 opponent 5 2 0 0 0 2 -3 -2 2 3 2 2 0 0 -1 3 0 0 0 -3 -1 -3 0 0 -2 0 0 1
checker 2 player 5 2 0 0 0 2 0 0 3 -1 3 0 0 0 -3 1 0 0 -2 -2 -3 -2 2 3 -2 0 0 1
checker 2 opponent 5 2 0 0 0 2 -3 -3 2 3 2 2 0 0 0 3 -1 0 0 -3 1 -3 0 0 -2 0 0 0
checker 2 player 4 3 0 0 0 2 0 0 3 0 3 0 0 1 -4 0 0 0 -2 -2 -3 -2 3 3 -1 0 -1 0
checker 2 opponent 5 2 0 1 0 1 -3 -3 2 3 2 2 0 0 0 4 -1 0 0 -1 0 -3 -1 -1 -2 0 0 0
checker 2 player 5 3 0 0 0 2 1 1 3 0 1 0 0 1 -3 0 0 0 -2 -2 -3 -3 3 3 -1 0 -1 0
checker 2 opponent 5 3 0 1 0 1 -3 -2 3 3 2 2 -1 0 0 3 -1 0 0 0 0 -3 -2 -1 -2 0 0 0
checker 2 player 2 1 0 0 0 2 1 2 3 0 0 0 0 1 -2 0 0 1 -2 -3 -3 -2 2 3 -2 0 -1 0
checker 2 opponent 5 3 0 1 0 2 -2 -3 2 3 3 2 -1 0 0 2 -1 0 0 0 0 -2 -2 -2 -2 0 0 0
checker 2 player 4 3 0 0 0 2 2 2 2 0 0 0 0 1 0 0 0 -1 -2 -4 -3 -2 3 2 -2 0 -1 1
checker 2 opponent 2 1 0 1 0 2 -3 -3 2 3 4 2 1 0 0 0 0 0 0 -1 0 -2 -2 -2 -2 0 0 0
checker 2 player 6 3 0 0 0 2 2 2 2 0 1 0 0 0 0 0 0 0 -3 -3 -3 -3 3 3 -2 0 -1 0
checker 2 opponent 3 2 0 1 0 2 -2 -3 3 3 3 3 0 0 0 -1 0 0 0 -1 0 -2 -2 -2 -2 0 0 0
checker 2 player 5 5 0 0 0 2 2 2 2 0 1 0 0 0 1 0 0 0 -2 -2 -3 -5 3 2 -2 0 -1 0
checker 2 opponent 5 2 0 1 0 2 -2 -2 5 3 2 2 0 0 0 0 0 -1 0 -1 0 -2 -2 -2 -2 -1 0 0
checker 2 player 5 1 0 0 1 2 2 2 2 0 1 0 1 0 0 0 0 0 -2 -2 -2 -5 2 2 -1 -1 -2 0
checker 2 opponent 5 2 0 2 1 1 -2 -2 5 2 2 2 0 0 0 0 0 -1 0 0 0 -2 -2 -2 -2 -2 0 0
checker 2 player 6 5 0 0 2 2 2 2 2 0 0 0 1 0 0 0 0 0 -2 0 -2 -6 2 2 -2 -1 -2 0
checker 2 player 4 2 0 0 2 0 2 2 2 2 0 0 0 0 -3 0 0 -2 -2 -3 -2 -3 2 3 0 0 0 0
checker 2 opponent 5 2 0 0 0 0 -3 -2 3 2 3 2 2 0 0 3 0 0 0 0 0 -2 -3 -2 -1 -2 0 0
checker 2 player 3 3 0 0 2 1 2 3 2 0 0 0 0 0 -2 0 0 -2 -2 -3 -2 -4 2 3 0 0 0 0
checker 2 opponent 6 4 0 0 0 0 -3 -2 4 2 3 2 2 0 0 2 0 0 0 0 0 0 -3 0 -3 -2 -2 0
checker 2 opponent 6 1 0 0 0 0 -3 -2 4 3 3 3 2 0 0 0 0 0 0 0 0 0 -1 0 -3 -3 -3 0
checker 2 player 6 1 0 3 3 3 0 1 0 0 0 0 0 0 0 0 0 -2 -3 -2 -3 -4 2 3 0 0 -1 0
checker 2 opponent 5 2 0 1 0 0 -2 -2 4 3 2 3 2 -1 0 0 0 0 0 0 0 0 -1 0 -3 -3 -3 0
checker 2 opponent 6 6 0 2 0 0 -2 -2 3 4 2 2 2 0 0 0 0 0 0 0 0 0 -1 0 -3 -4 -3 0
checker 2 opponent 2 2 0 2 2 2 -2 -2 3 4 0 0 2 0 0 0 0 0 0 0 0 0 0 0 -1 -4 -6 0
checker 2 player 4 2 0 6 4 1 0 0 0 0 0 0 0 0 0 0 0 0 0 0 -4 -5 2 2 -2 -2 -2 0
checker 2 player 6 3 0 0 0 0 2 2 2 1 1 0 0 0 -3 2 0 0 -2 -3 -2 -3 2 2 0 -2 1 0
checker 2 opponent 5 4 0 -1 2 0 -2 -2 3 2 3 2 0 0 -1 3 0 0 0 0 -2 -2 -3 -2 0 0 0 0
checker 2 player 1 1 0 0 0 0 2 3 2 2 0 0 0 0 -2 1 0 0 -3 -2 -2 -3 2 2 -1 -2 1 0
checker 2 opponent 6 2 0 -1 2 1 -2 -2 3 2 2 3 0 0 -1 2 0 0 0 0 -1 -2 -3 -2 -1 0 0 0
checker 2 player 6 3 0 0 0 1 2 3 2 1 0 0 0 0 -2 1 0 0 -3 -2 -1 -3 2 2 0 -2 -2 1
checker 2 opponent 6 5 0 2 2 -1 -2 -2 3 1 2 3 0 0 0 2 0 0 0 0 -2 -2 -3 -2 -1 0 0 0
checker 2 player 5 4 0 0 0 1 2 3 2 2 0 0 0 0 0 0 0 0 -3 -3 -2 -3 2 2 1 -2 -2 0
checker 2 opponent 6 2 0 2 2 -1 -2 -2 3 2 3 3 0 0 0 0 0 0 0 0 0 -2 -3 -2 -2 -1 0 0
checker 2 player 5 5 0 0 1 2 2 3 2 0 0 0 0 0 0 0 0 0 -2 -2 -3 -3 2 2 1 -3 -2 0
checker 2 opponent 5 5 0 0 0 2 -3 -2 2 3 2 2 0 0 -2 2 0 0 0 -3 0 -3 2 0 -2 0 0 0
checker 2 player 3 3 0 0 0 2 0 0 3 0 3 0 0 0 -2 2 0 -2 -2 -2 -3 -2 2 3 -2 0 0 0
checker 2 opponent 5 3 0 0 0 2 -3 -2 2 3 2 2 2 0 0 2 0 -2 0 -1 0 -3 -2 0 -2 0 0 0
checker 2 player 5 2 0 0 0 2 0 2 3 0 1 0 2 0 0 0 0 -3 -2 -3 -3 -2 2 3 -2 0 0 0
checker 2 opponent 5 1 0 0 0 2 -3 -2 2 3 3 2 3 0 0 0 0 -1 0 -1 0 -2 -3 -1 -2 0 0 0
checker 2 player 2 1 0 0 0 2 1 3 2 0 1 0 1 0 0 0 0 -3 -2 -2 -3 -2 2 3 -2 -1 0 0
checker 2 opponent 6 5 0 0 1 2 -2 -3 2 3 2 2 3 0 0 0 0 -1 0 0 0 -3 -3 -1 -2 0 0 0
checker 2 player 5 2 0 0 0 2 1 3 3 0 0 0 1 0 0 0 0 -3 -2 0 -3 -2 3 2 -3 -2 0 0
checker 2 opponent 2 2 0 0 2 3 -2 -3 2 3 0 2 3 0 0 0 0 0 0 0 0 -2 -4 -2 -2 0 0 0
checker 2 player 5 1 0 0 0 2 2 4 2 0 0 0 0 0 0 0 0 0 -2 -2 -3 -3 3 2 -3 -2 0 0
checker 2 opponent 1 1 0 0 2 3 -2 -2 3 3 2 2 -1 0 0 0 0 0 0 0 0 -2 -3 -3 -2 0 0 0
checker 2 player 5 4 0 0 0 2 3 3 2 0 0 0 0 0 0 0 0 1 0 -3 -3 -4 2 2 -3 -2 0 0
checker 2 opponent 6 1 0 0 2 3 -2 -2 4 3 3 0 0 0 0 0 0 0 0 0 0 -3 -3 -3 -2 0 0 0
checker 2 player 4 2 0 0 0 2 3 3 3 0 0 0 0 0 0 0 0 0 0 -2 -3 -4 2 2 -3 -2 -1 0
checker 2 opponent 5 2 0 1 2 3 -2 -2 4 3 2 0 0 0 0 0 0 0 0 0 0 -2 -3 -2 -2 -2 0 0
checker 2 player 6 2 0 0 2 2 2 3 2 0 0 0 0 0 0 0 0 0 0 0 -3 -5 2 2 -4 -2 -1 0
checker 2 player 6 3 0 0 2 0 2 2 2 2 0 0 0 0 -3 0 0 -2 -2 -3 -2 -3 2 3 0 0 0 0
checker 2 player 5 2 1 3 4 1 2 1 0 0 0 0 0 0 -1 0 0 -2 -3 -2 -3 -3 2 2 0 0 0 0
checker 2 opponent 6 3 0 0 0 0 -2 -2 3 3 2 3 2 0 0 1 0 0 0 0 0 0 0 -2 -2 -4 -3 1
checker 2 player 6 1 0 3 4 2 2 0 -1 0 0 0 0 0 0 0 0 -3 -3 -2 -3 -3 2 2 0 0 0 0
checker 2 opponent 3 2 0 -1 0 0 -2 -3 3 2 3 2 2 0 -2 2 0 0 0 -2 -1 -2 0 -2 0 1 0 0
checker 2 player 5 5 0 0 0 0 2 -1 2 1 2 0 0 0 -2 2 0 -2 -2 -2 -2 -4 3 2 0 0 1 0
checker 2 opponent 6 6 0 -1 0 0 -2 -3 4 2 2 2 2 0 0 2 0 0 0 -2 -1 -2 1 -2 -2 0 0 0
checker 2 player 5 3 0 0 0 2 2 0 2 1 2 0 0 0 -1 0 0 -2 -2 -3 -2 -4 3 2 0 0 -1 1
checker 2 opponent 5 4 0 1 0 0 -2 -4 4 2 3 2 2 0 0 1 0 0 0 -1 -1 -2 -1 -2 -2 0 0 0
checker 2 player 4 4 0 0 0 2 2 1 2 1 1 0 0 0 0 0 0 -2 -3 -2 -2 -4 4 2 -1 0 -1 0
checker 2 opponent 5 3 0 1 0 1 -2 -4 4 2 2 3 2 0 0 0 0 0 0 0 0 0 -1 -3 -3 -2 0 0
checker 2 player 3 1 0 0 2 3 3 1 0 0 0 0 0 0 0 0 0 -2 -2 -2 -2 -4 4 2 -1 0 -2 0
checker 2 opponent 3 2 0 2 0 1 -2 -4 4 2 2 2 2 0 0 0 0 0 0 0 0 0 -1 -2 -3 -1 -2 0
checker 2 player 3 1 0 2 1 3 2 1 0 0 0 0 0 0 0 0 0 0 -2 -3 -3 -4 4 2 -1 0 -2 0
checker 2 opponent 6 5 0 2 0 1 -2 -4 4 3 3 2 0 0 0 0 0 0 0 0 0 0 0 -2 -2 -3 -2 0
checker 2 player 4 2 0 2 3 2 2 0 0 0 0 0 0 0 0 0 0 0 -2 -2 -2 -4 4 2 -1 -2 -2 0
checker 2 opponent 6 2 0 2 2 1 -2 -4 4 2 2 2 0 0 0 0 0 0 0 0 0 0 0 -2 -1 -3 -3 0
checker 2 player 4 2 0 3 3 1 2 0 0 0 0 0 0 0 0 0 0 0 -2 0 -2 -5 4 2 -1 -3 -2 0
checker 2 player 5 3 0 0 -1 0 2 0 2 1 2 0 0 0 -2 2 0 -2 -2 -3 -2 -3 3 2 0 0 1 0
checker 2 opponent 6 6 0 -1 0 0 -2 -3 3 2 3 2 2 0 -1 2 0 0 0 -2 -1 -2 -1 -2 0 1 0 0
checker 2 player 6 3 0 0 -1 0 2 1 2 1 2 0 0 0 0 1 0 -2 -2 -3 -2 -3 3 2 0 0 -2 1
checker 2 opponent 6 5 0 2 0 -1 -2 -2 3 2 3 2 2 -1 -1 0 0 0 0 -2 -1 -2 -1 -2 0 1 0 0
checker 2 opponent 6 1 0 2 0 1 -3 -3 3 2 3 1 2 -1 -1 0 0 0 0 -2 1 -2 -1 -2 0 0 0 0
checker 2 opponent 4 1 1 2 0 -1 -3 -3 3 2 3 1 2 1 0 0 0 0 0 -2 0 -2 -1 -2 0 0 0 1
checker 2 opponent 3 2 2 2 0 -1 -3 -3 3 2 3 1 2 1 0 0 0 0 0 -2 0 -2 1 -2 0 0 0 0
checker 2 opponent 6 4 2 2 0 1 -4 -3 2 2 3 2 2 0 0 0 0 0 0 -2 0 -2 1 -2 0 0 0 0
checker 2 opponent 2 1 1 2 -1 1 -4 -3 2 2 2 2 2 0 0 0 0 0 1 -2 0 -2 0 -2 0 0 0 1
checker 2 opponent 3 3 1 2 1 -1 -4 -3 2 2 2 2 2 0 0 0 0 0 1 -2 0 -2 0 -2 0 1 0 0
checker 2 opponent 3 1 0 2 -1 2 -5 -3 2 2 2 0 2 0 0 0 0 0 1 -2 0 -2 0 -2 0 1 0 1
checker 2 player 6 2 0 -1 0 0 2 -1 2 0 2 -1 0 0 0 0 0 -2 0 -2 -2 -2 3 5 -2 1 -2 0
checker 2 opponent 5 5 0 2 -1 2 -5 -2 2 2 2 0 2 0 0 -1 0 0 1 -2 0 -2 1 -2 0 0 1 0
checker 2 opponent 5 5 1 2 2 2 -5 -2 2 0 2 0 3 0 0 -1 0 0 1 -2 0 -2 0 -2 0 0 1 0
checker 2 player 4 3 0 -1 0 0 2 0 2 0 2 0 0 0 1 0 0 -3 0 0 0 -3 2 5 -4 -2 -2 1
checker 2 opponent 6 1 0 2 2 4 -5 -2 3 -1 0 0 3 0 0 -1 0 0 0 -2 0 -2 0 -2 0 0 1 0
checker 2 player 5 5 0 0 0 0 2 0 2 -1 2 0 0 0 1 0 0 -3 0 0 1 -3 2 5 -3 -3 -2 0
checker 2 player 5 1 1 0 0 0 2 0 2 1 2 0 0 0 0 1 0 -3 2 0 0 -3 2 3 -3 -3 -2 0
checker 2 opponent 4 3 0 2 3 3 -3 -2 3 0 0 -2 3 0 0 0 0 0 0 -2 -2 -2 0 -2 0 0 0 1
checker 2 player 5 4 0 0 0 -1 2 0 2 2 2 0 0 0 0 0 0 -2 2 0 0 -4 2 3 -3 -3 -2 0
checker 2 opponent 5 2 0 2 3 3 -2 -2 4 0 0 -2 2 0 0 -1 0 0 0 -2 -2 -2 0 -2 1 0 0 0
checker 2 player 5 2 0 0 0 0 2 0 2 2 2 0 -1 0 1 0 0 -2 2 0 0 -4 2 2 -3 -3 -2 0
checker 2 opponent 2 2 0 2 3 3 -2 -2 4 0 0 -1 2 0 0 0 -1 -1 0 -2 -2 -2 0 -2 0 0 0 1
checker 2 player 4 1 0 0 -1 0 2 0 2 2 2 0 1 1 0 0 0 0 1 -2 0 -4 2 2 -2 -3 -3 0
checker 2 opponent 5 3 0 3 3 2 -2 -2 4 0 2 0 0 0 0 0 -2 -1 0 -2 -2 -2 0 -2 0 1 0 0
checker 2 player 4 2 0 0 0 0 2 0 2 2 2 0 -1 2 0 0 0 0 0 -2 0 -4 2 2 -2 -3 -3 1
checker 2 opponent 6 4 0 3 3 2 -3 -2 4 0 2 0 0 0 0 0 -2 1 0 -2 -1 -2 -1 -2 0 0 0 0
checker 2 player 2 1 0 0 0 0 2 1 2 1 2 0 0 2 0 0 0 0 -1 -2 0 -3 2 3 -2 -4 -3 0
checker 2 opponent 6 5 0 3 4 2 -3 -2 3 0 2 1 0 0 0 0 -1 -1 0 -2 0 -2 -2 -2 0 0 0 0
checker 2 player 6 5 0 0 0 0 2 2 2 0 2 0 1 1 0 0 0 0 0 -2 0 -2 2 3 -3 -4 -4 0
checker 2 opponent 3 1 0 4 4 3 -2 -2 2 0 2 0 0 0 0 0 -1 -2 0 -2 0 -2 -2 -2 0 0 0 0
checker 2 player 1 1 0 0 0 0 2 2 2 0 2 0 2 1 0 0 0 0 0 -2 0 -1 2 2 -4 -3 -5 0
checker 2 player 1 1 0 0 0 0 2 2 2 1 1 0 0 0 -3 2 0 -2 -2 -3 -2 -3 2 2 0 0 1 0
checker 2 opponent 2 1 0 -1 0 0 -2 -2 3 2 3 2 2 0 -2 3 0 0 0 -1 0 -2 -2 -2 -1 0 0 0
checker 2 player 2 1 0 0 0 1 2 2 2 0 1 0 0 0 -2 2 0 -3 -2 -3 -2 -3 2 2 0 0 1 0
checker 2 opponent 5 2 0 -1 0 0 -2 -2 3 2 3 2 3 0 -2 2 0 0 0 0 -1 -2 -1 -2 -2 0 0 0
checker 2 player 1 1 0 0 0 2 2 1 2 1 0 0 0 0 -2 2 0 -3 -2 -2 -2 -3 2 2 0 0 -1 1
checker 2 player 3 1 1 0 0 2 2 2 2 0 0 0 0 0 -2 2 0 -3 -2 -2 -2 -3 2 2 0 1 0 0
checker 2 player 6 5 1 0 0 2 2 2 2 0 0 1 0 0 -2 1 0 -3 -2 -2 -2 -3 2 2 0 1 0 0
checker 2 opponent 3 3 0 0 0 0 -3 -2 3 2 3 2 2 0 0 3 0 0 0 0 0 -2 -3 -2 -1 -2 0 0
checker 2 player 6 4 0 0 2 1 2 3 2 0 0 0 0 0 -1 0 0 -2 -2 -3 -4 -3 2 3 0 0 0 0
checker 2 opponent 4 3 0 0 0 2 -3 -2 2 3 2 2 0 0 -2 2 0 0 0 -3 0 -3 2 0 -2 0 0 0
checker 2 player 2 1 0 0 0 2 0 -1 3 0 3 0 0 0 -3 2 0 0 -2 -2 -3 -2 2 3 -2 0 0 0
checker 2 opponent 5 2 0 0 0 2 -3 -2 2 3 2 2 0 0 -2 3 0 0 0 -2 0 -3 -1 0 -2 0 0 1
checker 2 player 6 1 0 0 0 2 0 0 3 -1 2 0 0 0 -3 2 0 0 -2 -2 -3 -2 2 3 -2 0 0 1
checker 2 opponent 5 4 0 -1 0 2 -2 -2 2 3 2 2 -1 0 -2 3 0 0 0 -2 1 -3 0 0 -2 0 0 0
checker 2 player 4 2 0 0 0 2 0 0 3 0 2 0 0 0 -3 2 0 1 -3 -2 -3 -2 2 2 -2 0 1 0
checker 2 opponent 3 2 0 -1 0 2 -2 -2 2 3 2 3 -1 0 -2 3 0 0 0 -1 0 -2 0 -2 -2 0 0 0
checker 2 player 3 1 0 0 0 2 2 0 2 0 1 0 0 0 -2 2 0 1 -3 -3 -3 -2 2 2 -2 0 1 0
checker 2 opponent 6 5 0 -1 0 2 -2 -2 2 3 3 3 0 -1 -2 2 0 0 0 0 0 -2 -1 -2 -2 0 0 0
checker 2 player 6 6 0 0 0 2 2 1 2 0 0 0 0 0 0 2 1 0 -3 -4 -4 -2 2 2 -2 0 1 0
checker 2 opponent 5 5 0 -1 0 2 -2 -2 2 4 4 3 0 0 0 0 0 0 0 0 -2 -2 -1 -2 -2 -1 0 0
checker 2 player 5 3 0 0 1 2 2 1 2 2 0 0 0 0 0 0 0 0 -3 -2 -2 -2 2 2 -4 -2 1 0
checker 2 opponent 6 2 0 0 2 4 -3 -2 2 2 2 3 0 0 0 0 0 0 0 0 -1 -2 -1 -2 -2 -2 0 0
checker 2 player 3 1 0 0 2 2 2 1 2 1 0 0 0 0 0 0 0 0 -2 -2 -2 -2 2 3 -4 -2 -1 0
checker 2 player 6 2 0 0 2 2 3 1 2 0 0 0 0 0 0 0 0 0 -2 -2 0 0 3 2 -6 -4 -1 0
checker 2 player 4 1 0 0 2 2 3 1 2 0 0 0 0 0 1 0 0 0 -2 0 0 0 2 2 -8 -4 -1 0
checker 2 player 4 1 0 0 2 2 3 1 2 1 0 0 0 0 0 0 0 0 -2 0 0 0 2 2 -8 -4 -1 0
checker 2 opponent 6 4 0 0 0 0 -3 -2 3 2 3 2 2 0 0 3 0 0 0 0 -2 -2 -2 -2 0 -2 0 0
checker 2 player 6 5 0 0 2 0 2 2 2 2 0 0 0 0 -1 0 0 -2 -3 -3 -3 -3 2 3 0 0 0 0
checker 2 opponent 2 1 0 -1 0 0 -2 -3 3 2 3 2 2 0 -2 2 0 0 0 -2 -1 -2 0 -2 0 1 0 0
checker 2 player 6 3 0 0 0 0 2 -1 2 1 2 0 0 0 -2 2 0 -2 -2 -3 -2 -3 3 2 0 0 1 0
checker 2 opponent 6 3 0 -1 0 0 -2 -2 3 2 3 2 2 -1 -2 2 0 0 0 -1 -1 -2 -1 -2 0 0 0 1
checker 2 player 6 4 0 0 0 0 2 1 2 1 1 -1 0 0 -2 2 1 -2 -2 -3 -2 -3 2 2 0 0 1 0
checker 2 opponent 5 5 0 0 0 0 -2 -2 3 2 3 2 2 -2 -2 2 0 0 1 -1 -1 -2 -1 -2 0 0 0 0
checker 2 player 6 3 0 0 0 0 2 1 2 1 1 -1 0 0 0 2 2 -2 -2 -3 -2 -3 2 2 -2 0 0 0
checker 2 opponent 2 2 0 0 0 2 -2 -2 3 2 3 2 2 -1 -2 0 0 0 1 -1 -1 -2 -2 -2 0 0 0 0
checker 2 player 3 1 0 0 0 0 2 2 2 1 1 0 0 -1 0 2 1 -2 -2 -2 -2 -4 2 2 0 0 -2 0
checker 2 opponent 6 3 0 2 0 0 -2 -2 4 2 2 2 2 0 -2 0 -1 0 0 0 -2 -2 -2 -2 0 0 0 1
checker 2 player 6 2 0 0 0 0 2 2 2 2 0 -1 0 1 0 2 0 -2 -2 -2 -2 -4 2 2 0 0 -2 0
checker 2 opponent 6 1 0 -1 0 0 -2 -2 3 2 3 2 2 0 -2 3 0 0 0 -1 -1 -2 -2 -2 0 0 0 0
checker 2 player 5 5 0 0 0 0 2 2 2 1 1 0 0 0 -2 2 0 -2 -2 -3 -2 -4 2 2 0 0 1 0
checker 2 opponent 6 2 0 -1 0 0 -2 -2 4 2 3 2 2 0 0 2 0 0 0 -1 -1 -2 -2 -2 -2 0 0 0
checker 2 player 3 2 0 0 0 2 2 2 2 1 1 0 0 0 -1 0 0 -2 -2 -2 -3 -5 2 2 0 0 1 0
checker 2 opponent 6 3 0 -1 0 0 -2 -2 5 3 2 2 2 0 0 1 0 0 0 -1 0 -2 -2 -2 -2 -1 0 0
checker 2 opponent 4 3 0 -1 0 1 -2 -2 4 4 2 2 2 0 0 0 0 0 0 0 0 0 -2 -2 -3 -1 -2 0
checker 2 player 6 4 0 2 1 3 2 2 0 0 0 0 0 0 0 0 0 -2 -2 -2 -3 -3 2 2 -3 0 1 0
checker 2 opponent 3 1 0 0 0 3 -2 -2 3 3 2 2 2 -1 0 0 0 0 0 0 0 0 -2 -2 -3 -1 -2 0
checker 2 player 6 5 0 2 1 3 2 2 0 0 0 0 0 0 0 0 1 0 -3 -2 -4 -3 2 2 -3 0 0 0
checker 2 opponent 3 3 0 0 0 2 -3 -2 2 3 2 2 0 0 -2 2 0 0 0 -3 0 -3 2 0 -2 0 0 0
checker 2 player 4 1 0 0 0 2 0 -2 3 0 3 0 0 0 0 2 0 -2 0 -2 -3 -4 2 3 -2 0 0 0
checker 2 opponent 6 2 0 0 0 2 -2 -2 4 3 2 -1 2 0 -2 0 0 0 0 -3 0 -3 2 0 -2 0 0 0
checker 2 player 5 3 0 0 0 2 0 -2 3 0 3 0 0 0 0 2 0 -2 1 -2 -2 -4 2 2 -1 0 -2 0
checker 2 opponent 6 2 0 2 0 1 -2 -2 4 2 2 0 2 0 -2 0 0 0 0 -4 0 -3 2 0 -2 0 0 0
checker 2 player 4 1 0 0 0 2 0 -2 3 0 4 0 0 0 0 2 0 -2 0 0 -2 -5 2 2 -1 -1 -2 0
checker 2 opponent 4 1 0 2 1 1 -2 -2 5 2 0 0 2 0 -2 0 0 0 0 -2 -1 -3 2 -1 -2 0 0 0
checker 2 player 5 3 0 0 0 2 1 -2 3 1 2 0 0 0 0 2 0 -2 0 0 0 -6 2 2 -2 -1 -2 0
checker 2 opponent 3 3 0 2 1 2 -2 -2 6 0 0 0 2 0 -1 0 0 0 0 -3 0 -3 2 -2 -2 0 0 0
checker 2 player 3 1 0 0 0 2 2 -2 3 0 3 0 0 0 0 1 0 0 0 0 -2 -4 2 2 -4 -1 -2 0
checker 2 opponent 2 1 0 2 1 4 -2 -2 4 2 0 0 0 0 -1 0 0 0 0 -2 0 -3 2 -3 -2 0 0 0
checker 2 player 3 2 0 0 0 2 3 -2 3 0 2 0 0 0 0 1 0 0 0 0 -2 -4 2 2 -2 -2 -3 0
checker 2 opponent 2 2 0 3 2 2 -2 -2 4 2 0 0 0 0 0 0 0 0 0 -3 0 -3 2 -3 -2 0 0 0
checker 2 player 4 1 0 0 0 2 3 0 3 0 3 -2 0 0 0 0 0 0 0 0 -2 -4 2 2 -2 -2 -3 0
checker 2 opponent 6 4 0 3 2 2 -2 -2 4 2 0 0 0 0 0 0 0 0 2 -2 0 -3 0 -3 -3 0 0 0
checker 2 player 5 4 0 0 0 3 3 0 3 0 2 -1 0 0 0 0 0 0 0 0 -2 -5 2 2 -2 -2 -3 0
checker 2 player 5 2 0 0 0 4 4 0 3 0 0 0 0 0 0 0 0 -1 0 0 0 -5 2 2 -2 -2 -5 0
checker 2 opponent 4 4 0 -1 0 0 -2 -3 3 2 3 2 2 0 -2 2 0 0 0 -2 -1 -2 0 -2 0 1 0 0
checker 2 player 2 1 0 0 -1 0 2 0 2 1 2 0 0 0 -2 2 0 0 -2 -3 -2 -3 3 2 0 -2 1 0
checker 2 opponent 3 1 0 -1 2 0 -2 -3 3 2 3 2 0 0 -1 2 -1 0 0 -1 -2 -2 0 -2 0 1 0 0
checker 2 player 1 1 0 0 0 0 2 -1 2 2 1 0 0 1 -1 -1 0 0 -2 -3 -2 -3 3 2 0 -2 1 1
checker 2 opponent 6 2 0 -2 2 0 -2 -3 3 2 3 2 0 0 1 1 -1 0 0 0 -2 -2 -1 -2 0 0 0 1
checker 2 player 5 2 0 0 0 0 2 1 2 2 -1 0 0 1 -1 -1 0 0 -2 -3 -2 -3 3 2 0 -2 2 0
checker 2 opponent 5 1 0 -2 2 0 -2 -2 3 2 3 2 0 0 -1 1 -1 0 0 1 -2 -2 -1 -2 0 0 0 1
checker 2 player 5 5 0 0 0 0 2 -1 2 2 -1 0 0 1 0 -1 0 0 -2 -3 -2 -3 2 2 0 -2 2 2
checker 2 opponent 6 6 0 -2 2 0 -2 -2 3 2 3 2 -2 0 1 0 -1 0 0 1 -2 -2 1 -2 0 0 0 0
checker 2 player 2 1 0 0 0 0 2 0 2 2 -1 0 0 -1 0 0 0 2 0 -3 -2 -4 2 2 -2 -2 2 1
checker 2 opponent 6 5 0 -3 2 2 -2 -2 4 2 3 0 -2 0 0 0 1 0 0 1 -1 -2 -1 -2 0 0 0 0
checker 2 player 3 1 0 0 0 0 2 1 2 1 0 0 0 -1 0 0 0 2 0 -3 -2 -5 2 2 -2 -2 3 0
checker 2 opponent 6 1 0 -2 2 2 -2 -3 5 2 3 0 -2 0 0 0 1 0 0 0 -1 -2 -1 -2 0 0 0 0
checker 2 player 6 6 0 0 0 0 2 1 2 1 0 0 0 0 0 0 0 2 0 -4 -1 -6 3 2 -2 -2 2 0
checker 2 opponent 5 4 0 -2 2 2 -2 -2 6 1 4 0 0 0 0 0 0 0 -2 -1 -1 -2 -1 -2 0 0 0 0
checker 2 player 6 5 0 0 0 0 2 1 2 1 1 2 0 0 0 0 0 0 0 -3 0 -6 2 2 -4 -2 2 0
checker 2 player 2 2 0 0 0 2 2 1 2 1 0 1 0 0 0 0 0 0 0 -1 0 -6 2 2 -5 -3 2 0
checker 2 player 5 4 0 0 0 3 2 2 2 0 0 0 0 0 0 0 0 0 0 0 0 -6 2 2 -6 -3 2 0
checker 2 player 5 3 0 0 0 2 0 -2 3 0 3 0 0 0 -2 2 0 0 -2 -2 -3 -2 2 3 -2 0 0 0
checker 2 opponent 5 3 0 0 0 2 -3 -2 2 3 2 2 0 0 0 2 0 -1 0 -4 0 -3 2 0 -2 0 0 0
checker 2 opponent 4 3 1 0 0 2 -3 -2 2 3 2 2 0 0 1 2 0 0 0 -4 0 -3 1 0 -2 0 0 0
checker 2 player 6 5 0 0 0 2 0 0 3 0 4 0 0 0 -3 -1 0 0 -2 -2 -3 -2 2 3 -2 0 0 1
checker 2 opponent 6 1 0 0 0 2 -2 -3 2 3 2 2 -1 0 1 3 0 0 0 -4 0 -3 0 0 -2 0 0 0
checker 2 player 4 2 0 0 0 2 0 0 3 0 4 0 0 0 -3 0 0 1 -2 -2 -2 -4 3 2 -2 0 0 0
checker 2 opponent 6 4 0 0 0 2 -2 -3 4 2 2 2 -1 0 0 3 0 0 0 -3 0 -2 0 -2 -2 0 0 0
checker 2 player 5 2 0 0 0 2 2 0 2 0 3 0 0 0 -2 0 0 1 -2 -2 -2 -4 3 2 -3 0 0 0
checker 2 opponent 5 2 0 0 0 3 -2 -2 4 2 2 2 -2 0 0 2 0 0 0 -2 0 -3 0 -2 -2 0 0 0
checker 2 player 6 1 0 0 0 2 2 0 3 0 2 0 0 0 -2 0 0 2 -2 -2 -2 -3 2 2 -2 0 -2 0
checker 2 opponent 5 1 0 2 0 2 -2 -2 3 2 2 2 -1 0 0 2 0 0 -1 -2 0 -2 -1 -2 -2 0 0 0
checker 2 player 4 2 0 0 0 2 2 1 2 0 2 1 0 0 -2 0 0 1 -2 0 -3 -3 2 2 -3 0 -2 0
checker 2 opponent 6 6 0 2 0 3 -2 -2 3 3 0 2 0 0 -1 2 0 0 0 -2 0 -2 -2 -2 -2 0 0 0
checker 2 player 4 2 0 0 0 2 2 2 2 0 2 0 0 0 0 1 0 0 0 0 -5 -3 2 2 -5 0 -2 0
checker 2 player 6 6 0 0 0 2 2 2 2 1 2 0 0 0 0 0 0 0 0 0 -4 -2 2 2 -6 0 -3 0
checker 2 player 4 3 0 0 2 0 2 2 2 2 0 0 0 0 -3 0 0 -2 -2 -3 -2 -3 2 3 0 0 0 0
checker 2 opponent 4 1 0 0 0 0 -3 -2 3 2 3 2 2 0 0 3 0 0 0 0 -1 -1 -2 -2 -2 -2 0 0
checker 2 player 3 1 0 0 2 2 2 2 1 1 0 0 0 0 -2 0 0 -2 -3 -2 -3 -3 2 3 0 0 0 0
checker 2 opponent 6 5 0 0 0 0 -2 -3 3 3 2 3 2 0 0 2 0 0 0 0 -1 0 -2 -2 -3 -2 0 0
checker 2 player 6 1 0 0 2 3 2 2 0 1 0 0 0 0 -2 0 0 -2 -3 -2 -2 -2 3 2 0 0 -2 0
checker 2 opponent 1 1 0 2 0 0 -2 -2 2 2 2 3 2 0 -1 2 0 0 0 0 -1 0 -2 -2 -3 -2 0 0
checker 2 player 4 3 0 0 2 3 2 2 0 1 0 0 0 0 -1 -1 0 -2 -2 -2 -2 -3 2 2 0 0 -2 1
checker 2 opponent 4 3 0 2 0 0 -3 -2 3 2 2 2 2 0 1 1 0 0 0 0 0 0 -2 -3 -3 -2 0 0
checker 2 player 6 1 0 0 2 3 3 2 0 0 0 0 0 0 0 0 0 -3 -2 -3 -2 -3 2 3 0 0 -2 0
checker 2 opponent 6 6 0 2 0 0 -2 -2 3 2 3 2 3 -1 0 0 0 0 0 0 0 0 -2 -3 -3 -2 0 0
checker 2 player 5 2 0 0 2 3 3 2 0 0 0 0 0 0 0 0 1 -3 0 -3 0 -3 2 2 -2 0 -4 0
checker 2 opponent 6 5 0 4 0 2 -2 -2 3 0 3 0 3 0 0 0 0 0 -1 0 0 0 -2 -3 -2 -2 -1 0
checker 2 player 5 4 0 1 2 2 3 2 0 0 0 1 0 0 0 0 0 -3 0 -2 0 -2 2 2 -2 -1 -5 0
checker 2 opponent 2 1 0 -1 0 0 -2 -2 3 2 3 2 2 0 0 3 0 -2 0 -1 -1 0 -2 -2 -2 0 0 0
checker 2 opponent 6 4 0 -1 0 0 -2 -2 3 2 3 2 3 0 0 2 0 0 0 0 0 0 -4 -2 -3 -1 0 0
checker 2 player 4 4 0 0 1 3 2 4 0 0 0 0 0 0 0 0 0 -3 -3 -3 -3 -3 2 2 0 0 1 0
checker 2 opponent 6 4 0 0 0 0 -2 -3 3 3 3 3 3 0 0 0 0 0 0 0 0 0 -1 -2 -3 -1 -3 0
checker 2 opponent 6 5 0 0 1 0 -2 -2 4 3 2 3 2 0 0 0 0 0 -1 0 0 0 -1 -2 -3 -1 -3 0
checker 2 player 5 1 0 3 1 3 2 1 0 0 0 1 0 0 0 0 0 -2 -3 -2 -2 -3 2 2 0 -1 -2 0
checker 2 opponent 5 1 0 2 1 0 -2 -2 3 2 2 3 2 0 0 0 0 0 0 0 0 0 -1 -3 -2 -2 -3 0
checker 2 player 5 1 0 3 2 2 3 1 0 0 0 0 0 0 0 0 0 -2 -2 -2 -2 -3 2 2 -1 -1 -2 0
checker 2 opponent 2 1 0 2 1 1 -2 -2 3 2 2 2 2 0 0 0 0 0 0 0 0 0 -1 -2 -3 -2 -3 0
checker 2 player 6 1 0 3 2 3 2 1 0 0 0 0 0 0 0 0 0 0 -3 -3 -2 -3 2 2 -1 -1 -2 0
checker 2 player 3 2 0 0 -1 0 2 0 2 1 2 0 0 0 -2 2 0 -2 -2 -3 -2 -3 3 2 0 0 1 0
checker 2 opponent 6 2 0 -1 0 0 -2 -3 3 2 3 2 2 0 -2 2 0 0 0 -1 0 -2 -2 -2 0 1 0 0
checker 2 player 5 3 0 0 0 0 2 2 2 0 -1 0 0 0 -1 2 -1 -2 -2 -3 -2 -3 3 2 0 0 1 1
checker 2 player 5 4 1 0 0 0 2 2 2 0 1 0 0 0 -1 1 -1 -2 -2 -3 -2 -3 3 2 1 0 1 0
checker 2 opponent 4 1 0 -1 0 -1 -2 -3 3 2 3 2 2 1 0 1 0 0 -1 0 0 -2 -2 -2 -1 0 0 1
checker 2 player 6 3 0 -1 0 1 2 2 2 0 0 1 0 0 -1 0 0 -2 -2 -3 -3 -3 3 2 1 0 1 0
checker 2 opponent 1 1 0 -1 0 -1 -2 -2 3 3 3 2 2 0 0 1 -1 0 -1 0 0 -2 -2 -2 -1 0 1 0
checker 2 player 6 4 0 0 -1 1 2 2 2 0 0 1 0 1 0 0 0 -3 -2 -3 -3 -3 2 2 1 0 1 0
checker 2 opponent 3 3 0 0 0 -1 -2 -2 3 3 3 2 3 -1 0 0 -1 0 -1 0 0 -2 -2 -2 -1 1 0 0
checker 2 player 5 3 0 0 -1 1 2 2 2 0 0 1 0 1 0 0 1 -3 0 -3 -3 -3 2 2 -2 0 0 1
checker 2 opponent 5 3 0 0 0 2 -2 -3 3 3 3 0 3 0 0 0 -2 0 -1 0 0 -2 -2 -2 -1 1 0 0
checker 2 player 5 1 0 0 0 1 2 2 2 0 0 1 -1 2 0 0 0 -3 0 -3 -3 -3 3 2 -2 0 0 0
checker 2 player 4 2 1 0 0 1 2 2 3 0 0 1 1 0 0 0 0 -3 0 -3 -3 -3 3 2 -2 0 0 0
checker 2 opponent 6 2 0 0 0 2 -2 -3 3 3 3 0 3 0 0 0 0 -1 0 0 0 -3 -2 -2 -2 0 0 1
checker 2 player 4 2 0 0 0 2 2 2 3 0 -1 0 1 0 0 0 0 -3 0 -3 -3 -3 3 2 -2 0 0 0
checker 2 player 4 2 1 0 0 2 2 2 3 0 1 0 0 0 0 0 0 -3 1 -3 -3 -3 2 2 -2 0 0 0
checker 2 player 4 3 0 0 0 0 2 2 2 1 1 0 0 0 -3 2 0 -2 -2 -3 -2 -3 2 2 0 0 1 0
checker 2 opponent 5 3 0 -1 0 0 -2 -2 3 2 3 2 2 0 -2 3 0 0 0 -1 0 -1 -2 -2 -2 0 0 0
checker 2 player 3 1 0 0 0 2 2 2 1 0 1 0 0 0 -2 2 0 -3 -2 -3 -2 -2 2 2 0 0 -1 1
checker 2 opponent 6 2 0 1 0 -1 -2 -2 2 2 3 2 3 0 -2 2 0 0 0 0 -1 -1 -2 -2 -2 0 0 0
checker 2 player 2 1 0 0 0 2 2 2 1 1 0 0 0 0 -1 2 0 -3 -2 -2 -3 -3 2 2 1 0 -1 0
checker 2 opponent 6 4 0 1 0 0 -2 -3 3 3 2 2 3 0 -1 -1 0 0 0 0 -1 -1 -2 -2 -2 0 0 1
checker 2 player 6 3 0 0 0 2 2 2 0 1 0 0 -1 0 1 1 0 -3 -2 -2 -3 -3 3 2 0 0 -1 1
checker 2 opponent 6 5 0 1 0 -1 -2 -2 3 3 2 2 3 -1 -1 -1 0 1 0 0 -1 0 -2 -2 -2 0 0 0
checker 2 player 6 4 0 0 0 2 2 2 0 1 0 0 0 0 1 1 1 -3 -3 -2 -3 -2 2 2 1 0 -2 0
checker 2 opponent 6 4 0 2 0 -1 -2 -2 2 3 2 3 3 0 -1 0 0 -1 0 0 -1 -1 -2 -2 -2 0 0 0
checker 2 player 6 3 0 0 0 2 2 2 1 1 0 0 1 0 0 1 0 -2 -2 -2 -3 -3 2 2 -1 0 -2 1
checker 2 opponent 6 1 0 2 0 -1 -2 -2 3 3 2 2 2 0 0 0 0 -1 0 0 -2 -1 -2 -2 -2 0 0 1
checker 2 player 3 1 0 0 0 2 2 2 -1 2 0 0 1 0 0 0 0 -2 -2 -2 -2 -4 2 2 1 0 -2 1
checker 2 opponent 5 1 0 2 0 -2 -2 -2 4 2 2 2 2 0 0 0 0 -1 0 0 -1 -1 -2 -2 -2 0 0 1
checker 2 player 5 4 0 0 0 2 2 2 -1 1 0 0 1 0 0 0 0 -2 -2 -2 -2 -4 2 2 2 0 -2 1
checker 2 opponent 5 2 0 2 0 -2 -2 -3 4 2 2 2 2 0 0 0 0 0 0 0 -1 -1 -2 -2 -2 0 0 1
checker 2 player 4 3 0 0 -1 2 2 2 1 1 0 0 0 0 0 0 0 -2 -2 -2 -2 -3 3 2 2 0 -3 0
checker 2 opponent 6 2 0 3 0 -2 -2 -3 3 2 2 2 2 0 0 0 0 0 0 0 0 0 -2 -3 -2 -1 0 1
checker 2 opponent 1 1 0 3 0 -2 -2 -2 3 2 2 2 2 0 0 0 0 0 -1 1 0 0 -2 -3 -2 -1 0 0
checker 2 player 4 2 0 0 1 2 3 2 0 0 0 0 0 0 -1 0 0 -2 -2 -2 -2 -3 2 2 2 0 -3 1
checker 2 opponent 3 2 0 3 0 -2 -3 -2 3 2 2 2 2 0 0 1 0 0 0 0 0 0 -2 -2 -2 -2 0 0
checker 2 player 5 2 0 0 2 2 2 2 0 0 0 0 0 0 0 0 0 -2 -2 -3 -2 -3 2 3 2 0 -3 0
checker 2 opponent 3 1 0 3 0 -2 -3 -2 3 2 3 2 2 0 0 0 0 0 0 0 0 0 -1 -2 -3 -2 0 0
checker 2 player 6 5 0 0 2 3 2 1 0 0 0 0 0 0 0 0 0 -1 -2 -2 -4 -3 2 3 2 0 -3 0
checker 2 player 6 6 1 0 2 3 2 1 0 0 0 0 1 0 0 0 0 0 -2 -2 -4 -3 2 2 2 0 -3 0
checker 2 player 4 1 0 0 0 2 0 -2 3 0 3 0 0 0 0 2 0 -1 -2 -3 -3 -2 2 3 -2 0 0 0
checker 2 opponent 3 3 0 0 0 2 -2 -3 2 3 3 2 1 0 -2 0 0 0 0 -2 0 -3 2 -1 -2 0 0 0
checker 2 player 2 1 0 0 0 2 1 -2 3 0 2 0 0 0 0 2 0 0 0 -3 -4 -3 3 2 -3 0 0 0
checker 2 opponent 6 5 0 0 0 3 -2 -3 3 4 3 0 0 0 -1 -1 0 0 0 -2 0 -2 2 -2 -2 0 0 0
checker 2 player 6 2 0 0 0 2 2 -2 2 0 2 0 0 0 1 1 0 0 0 -2 -3 -3 3 2 -3 -2 0 0
checker 2 opponent 3 1 0 0 2 3 -2 -2 3 3 2 0 0 0 -1 -2 0 0 0 -2 0 -2 2 -2 -2 0 0 0
checker 2 player 5 3 0 0 0 2 2 -2 2 0 2 0 0 0 2 1 0 0 0 -2 -2 -3 2 2 -4 -2 0 0
checker 2 opponent 2 1 0 0 0 0 -2 -3 3 2 3 2 2 0 0 3 0 0 0 0 -1 -2 -2 -2 -1 -2 0 0
checker 2 player 6 5 0 0 2 1 2 2 2 1 0 0 0 0 -2 0 0 -3 -2 -3 -2 -3 3 2 0 0 0 0
checker 2 opponent 5 5 0 0 0 0 -2 -2 3 2 3 2 3 0 0 2 0 0 -1 0 -1 -2 -2 -2 -1 -2 0 0
checker 2 player 3 1 0 0 2 1 2 2 2 1 0 1 0 0 0 0 0 -3 -2 -3 -2 -3 2 2 -2 0 0 0
checker 2 opponent 1 1 0 0 0 2 -2 -2 3 2 3 2 3 0 0 0 0 0 -1 0 0 -2 -2 -2 -2 -2 0 0
checker 2 player 4 2 0 0 2 2 2 2 2 0 0 1 0 0 0 0 0 -2 -3 -2 -3 -3 2 2 0 -2 0 0
checker 2 opponent 4 2 0 0 2 0 -2 -2 3 3 2 3 2 0 0 0 0 0 0 0 0 -2 -2 -2 -3 -2 0 0
checker 2 player 2 1 0 0 2 3 2 2 2 0 0 0 0 0 0 0 0 0 -3 -3 -3 -4 2 2 0 -2 0 0
checker 2 opponent 4 4 0 0 2 0 -2 -2 4 3 3 3 0 0 0 0 0 0 0 0 0 -2 -2 -2 -2 -1 -2 0
checker 2 player 5 4 0 2 1 2 2 2 2 0 0 0 0 0 0 0 0 0 -3 -3 0 -3 2 2 -3 -3 0 0
checker 2 player 2 1 0 0 0 0 2 2 2 1 1 0 0 0 -3 2 0 -2 -2 -3 -2 -3 2 2 0 0 1 0
checker 2 opponent 6 1 0 -1 0 0 -2 -2 3 2 3 2 2 0 -1 3 -1 0 0 0 -2 -2 -2 -2 0 0 0 0
checker 2 player 3 1 0 0 0 0 2 2 2 2 0 0 0 1 -1 -1 0 -2 -2 -3 -3 -3 2 2 0 0 1 1
checker 2 opponent 6 2 0 0 -1 -1 -2 -2 3 3 3 2 2 0 1 1 -1 0 0 0 -2 -2 -2 -2 0 0 0 0
checker 2 player 5 2 0 0 0 0 2 2 2 2 0 0 0 1 0 0 0 -3 -2 -3 -4 -3 2 2 1 1 0 0
checker 2 opponent 6 2 0 0 -1 -1 -2 -2 3 4 3 2 3 0 0 0 0 0 0 0 -2 -2 -2 -3 0 0 0 0
checker 2 player 6 4 0 0 0 0 3 2 2 2 0 0 0 0 0 0 0 -2 -2 -4 -3 -3 2 2 1 1 -1 0
checker 2 opponent 6 2 0 0 0 0 -3 -2 3 2 3 2 2 0 0 3 0 0 0 0 -2 -2 -2 -2 0 -2 0 0
checker 2 player 5 2 0 0 2 0 2 2 2 2 0 0 0 0 -2 0 0 -2 -2 -2 -3 -4 2 3 0 0 0 0
checker 2 opponent 4 2 0 0 0 0 -3 -2 4 3 2 2 2 0 0 2 0 0 0 0 -2 0 -2 -3 0 -2 -1 0
checker 2 player 2 1 0 1 2 0 3 2 0 2 0 0 0 0 -2 0 0 -2 -2 -2 -2 -4 2 3 0 0 -1 0
checker 2 opponent 5 2 0 1 0 0 -2 -3 4 2 2 2 2 0 0 2 0 0 0 0 -1 0 -3 -3 0 -2 -1 0
checker 2 player 4 1 0 1 2 0 3 3 0 1 0 0 0 0 -1 0 0 -2 -2 -2 -2 -5 3 2 0 0 -1 0
checker 2 opponent 4 1 0 1 0 0 -2 -3 5 2 2 2 2 0 0 1 0 0 0 0 0 0 -3 -2 -2 -2 -1 0
checker 2 player 6 3 0 1 2 2 2 3 0 0 0 0 0 0 -1 0 0 -2 -2 -2 -2 -4 3 2 0 0 -2 0
checker 2 opponent 5 1 0 2 0 0 -2 -2 4 2 2 2 2 0 0 1 -1 0 0 0 0 0 -3 -2 -2 -2 -1 0
checker 2 player 5 2 0 1 2 2 2 3 0 0 0 0 0 1 0 0 0 -2 -2 -2 -3 -4 2 2 0 0 -2 0
checker 2 opponent 3 2 0 2 0 0 -2 -2 4 3 2 2 2 0 0 0 0 0 0 0 0 -1 -2 -2 -3 -2 -1 0
checker 2 player 5 1 0 1 2 3 2 2 1 0 0 0 0 0 0 0 0 0 -2 -3 -4 -4 2 2 0 0 -2 0
checker 2 player 6 4 0 0 0 2 0 -2 3 0 3 0 0 0 -2 2 0 0 -2 -2 -3 -2 2 3 -2 0 0 0
checker 2 opponent 5 3 0 0 0 2 -2 -2 2 3 2 2 -1 0 -2 2 0 0 0 -2 0 -3 2 -1 -2 0 0 0
checker 2 player 5 2 0 0 0 2 1 -2 3 0 2 0 0 0 0 2 0 -1 -2 -3 -3 -2 2 2 -2 0 0 1
checker 2 opponent 3 2 0 0 0 2 -2 -3 2 3 3 2 1 0 -2 0 0 0 0 -2 0 -2 2 -2 -2 0 0 0
checker 2 player 6 1 0 0 0 2 2 -2 2 0 2 0 0 0 0 2 0 0 -2 -2 -4 -3 3 2 -2 0 0 0
checker 2 opponent 5 4 0 0 0 2 -2 -2 3 4 2 2 0 0 -3 0 0 0 0 -2 0 -2 2 -2 -2 0 0 0
checker 2 player 6 3 0 0 0 2 2 -2 2 0 2 0 0 0 0 3 0 0 -2 -2 -3 -2 2 2 -2 -2 0 0
checker 2 opponent 4 1 0 0 2 2 -2 -2 2 3 2 2 0 0 -2 0 0 0 0 -2 0 -2 2 -3 -2 0 0 0
checker 2 player 5 5 0 0 0 2 3 -2 2 0 2 0 0 0 0 2 0 0 -2 -2 -2 -2 2 2 -2 -3 0 0
checker 2 player 5 1 0 0 0 0 2 -1 2 1 2 0 0 0 -2 2 0 -2 -2 -3 -2 -3 3 2 0 0 1 0
checker 2 opponent 6 6 0 -1 0 0 -2 -3 3 2 3 2 2 0 -2 2 0 0 0 -1 -1 -1 -1 -2 -1 0 0 1
checker 2 opponent 5 4 0 1 1 -1 -2 -4 3 2 2 2 2 0 -2 1 0 0 0 -1 -1 1 -1 -2 -1 0 0 0
checker 2 player 6 1 0 0 0 1 2 1 0 1 1 0 -1 0 0 2 0 -2 -2 -3 -2 -3 4 2 1 -1 -1 0
checker 2 opponent 6 6 0 1 1 -1 -2 -3 3 2 3 2 2 -1 -2 0 0 1 0 -1 0 -1 -1 -2 -1 0 0 0
checker 2 opponent 5 2 1 2 2 2 -2 -3 3 1 2 0 2 -1 -2 0 0 1 0 -1 0 -1 -1 -2 -1 0 0 0
checker 2 opponent 5 4 1 2 2 3 -2 -3 4 1 0 0 2 -1 -2 0 0 1 0 -1 0 -1 -1 -2 -1 0 0 0
checker 2 opponent 4 2 2 4 2 3 -2 -3 4 0 0 0 2 0 -2 0 0 0 0 -1 0 -1 -1 -2 -1 0 0 0
checker 2 opponent 5 3 1 4 2 3 -2 -4 5 0 1 0 0 0 -2 0 0 0 0 -1 0 -1 -1 -2 -1 0 0 0
checker 2 player 5 4 0 0 0 1 2 1 1 0 1 0 0 0 0 2 0 0 0 0 0 -4 4 2 -5 -2 -4 1
checker 2 opponent 5 2 0 4 2 5 -2 -5 4 0 0 0 0 0 -1 0 0 0 -1 -1 0 -1 -1 -2 -1 0 0 0
checker 2 player 5 2 0 0 0 1 2 1 1 0 1 1 0 0 0 1 0 0 0 0 0 -3 5 2 -4 -2 -6 0
checker 2 opponent 6 1 0 6 2 4 -2 -5 3 0 0 0 0 0 0 0 0 0 -1 -1 0 -2 -1 -2 -1 0 0 0
checker 2 player 4 3 0 0 0 1 2 1 2 0 1 1 0 0 0 0 0 0 0 0 0 -2 5 2 -3 -3 -6 0
checker 2 player 5 5 0 0 -1 0 2 0 2 1 2 0 0 0 -2 2 0 -2 -2 -3 -2 -3 3 2 0 0 1 0
checker 2 opponent 6 3 0 -1 0 0 -2 -3 3 2 3 2 2 0 0 2 0 0 0 -2 -1 -2 0 -2 -2 1 0 0
checker 2 player 2 1 0 0 0 2 2 -1 2 1 2 0 0 0 -1 0 0 -2 -2 -3 -3 -3 3 2 0 0 1 0
checker 2 opponent 6 1 0 -1 0 0 -2 -3 3 3 3 2 2 0 0 1 0 0 0 -2 0 -2 -1 -2 -1 -1 0 1
checker 2 player 6 3 0 0 1 1 2 1 2 -1 2 0 0 0 -1 0 0 -2 -2 -3 -3 -3 3 2 0 0 1 0
checker 2 opponent 4 2 0 -1 0 0 -2 -2 3 3 3 2 2 -1 0 1 0 0 0 -1 1 -2 -2 -2 -1 -1 0 0
checker 2 player 5 4 0 0 1 1 2 2 2 -1 1 0 0 0 0 0 0 -2 -2 -3 -4 -3 2 2 0 0 1 1
checker 2 opponent 5 1 0 -1 0 0 -2 -3 3 4 3 2 2 0 0 0 0 0 0 0 1 -2 -2 -3 -1 -1 0 0
checker 2 player 3 2 0 0 1 1 3 2 2 0 -1 0 0 0 0 0 0 -2 -2 -3 -3 -3 3 2 0 -1 1 0
checker 2 opponent 4 2 0 0 1 -1 -2 -3 3 3 3 2 2 0 0 0 0 0 0 1 0 -1 -2 -3 -2 -1 0 0
checker 2 player 6 4 0 0 1 2 3 2 1 0 -1 0 0 0 0 0 0 -2 -2 -2 -3 -3 3 2 1 -2 0 0
checker 2 opponent 6 5 0 0 2 -1 -2 -2 3 3 2 2 2 0 0 0 0 -1 0 1 0 -1 -2 -3 -2 -1 0 0
checker 2 player 1 1 0 0 1 2 3 2 1 0 0 0 1 0 0 0 0 -2 -2 -2 -3 -4 2 2 1 -2 0 0
checker 2 opponent 6 1 0 0 2 -1 -2 -2 4 3 2 2 2 0 0 0 0 0 0 0 0 -2 -2 -3 -2 -1 0 0
checker 2 player 6 2 0 0 1 2 3 2 2 0 0 0 0 0 0 0 0 -2 -2 -2 -2 -4 2 2 1 -1 -2 0
checker 2 opponent 4 1 0 2 2 0 -2 -2 5 2 0 2 2 0 0 0 -1 0 0 0 0 -2 -2 -2 -2 -2 0 0
checker 2 player 5 3 0 0 2 2 2 2 2 0 0 0 0 1 0 0 0 0 -3 0 -2 -6 2 2 0 -2 -2 0
checker 2 opponent 6 5 0 2 2 0 -2 -2 6 2 0 3 0 0 0 0 0 0 0 0 0 -2 -2 -2 -3 -2 0 0
checker 2 player 2 1 0 0 2 3 2 2 2 0 0 0 0 0 0 0 0 0 -2 0 -2 -5 2 2 -1 -2 -3 0
checker 2 opponent 6 4 0 3 2 1 -2 -2 5 2 0 2 0 0 0 0 0 0 0 0 0 -2 -2 -2 -2 -1 -2 0
checker 2 player 5 4 0 2 1 2 2 2 2 0 0 0 0 0 0 0 0 0 -2 0 0 -5 2 2 -2 -2 -4 0
checker 2 opponent 4 1 0 0 0 0 -3 -2 3 2 3 2 2 0 0 3 0 0 0 0 0 -2 -3 -2 -1 -2 0 0
checker 2 player 4 1 0 0 2 1 2 3 2 0 0 0 0 0 -2 0 0 -2 -3 -2 -3 -3 2 3 0 0 0 0
checker 2 opponent 3 2 0 0 0 0 -2 -3 3 3 2 3 2 0 0 2 0 0 0 0 0 -2 -2 -2 -1 -2 -1 0
checker 2 player 6 3 0 1 2 1 2 2 2 0 0 0 0 0 -1 0 0 -2 -3 -3 -3 -3 3 2 0 0 0 0
checker 2 opponent 4 2 0 0 0 0 -2 -2 3 3 3 3 2 0 0 1 -1 0 0 0 0 -2 -2 -2 -1 -2 -1 0
checker 2 player 4 2 0 1 2 1 2 2 2 0 0 0 0 1 0 0 0 -2 -3 -3 -4 -3 2 2 0 0 0 0
checker 2 opponent 3 2 0 0 0 0 -2 -2 3 4 3 3 2 0 0 0 0 0 0 0 -1 -2 -1 -2 -2 -2 -1 0
checker 2 player 4 1 0 1 2 2 2 1 2 1 0 0 0 0 0 0 0 -2 -3 -2 -4 -3 2 2 -1 0 0 0
checker 2 opponent 4 2 0 0 0 1 -2 -2 3 4 2 3 2 0 0 0 0 0 0 0 0 -1 -2 -2 -3 -2 -1 0
checker 2 opponent 5 4 0 0 0 2 -2 -2 3 4 2 2 2 0 0 0 0 0 0 0 0 0 0 -2 -3 -3 -3 0
checker 2 player 6 2 0 3 3 3 2 0 0 0 0 0 0 0 0 0 0 -2 -2 -2 -3 -2 2 2 -2 -2 0 0
checker 2 player 6 3 0 0 0 0 2 2 2 1 1 0 0 0 -3 2 0 -2 -2 -3 -2 -3 2 2 0 0 1 0
checker 2 opponent 6 5 0 0 0 0 -2 -2 4 2 3 2 2 0 -2 2 -1 0 0 -1 -1 -2 -2 -1 -1 0 0 0
checker 2 player 2 1 0 0 0 1 1 2 2 1 1 0 0 1 0 2 0 -2 -2 -4 -3 -4 2 2 0 0 0 0
checker 2 opponent 5 1 0 0 0 0 -2 -2 4 3 4 2 2 0 -1 -1 -1 0 0 -1 -1 -1 -2 -2 -1 0 0 0
checker 2 player 4 2 0 0 0 1 2 2 1 1 1 0 0 1 1 1 0 -2 -2 -2 -4 -4 2 2 -1 0 0 0
checker 2 opponent 5 3 0 0 0 1 -2 -2 4 4 2 2 2 0 -1 -1 -1 0 0 0 0 -2 -2 -2 -2 0 0 0
checker 2 player 3 3 0 0 0 2 2 2 2 0 0 0 0 1 1 1 0 -2 -2 -2 -3 -3 2 2 -2 -1 0 0
checker 2 opponent 6 1 0 0 1 2 -2 -2 3 3 2 2 2 0 0 -1 0 -1 0 0 0 -2 -2 -2 -2 -1 0 0
checker 2 player 5 2 0 0 1 2 2 2 2 0 0 0 1 0 1 0 0 -2 -2 -2 -2 -3 2 2 -1 -2 -1 0
checker 2 opponent 4 3 0 1 2 1 -2 -2 3 2 2 2 2 0 0 0 0 0 0 -1 -1 -2 -2 -2 -2 -1 0 0
checker 2 player 5 5 0 0 1 2 2 2 2 1 1 0 0 0 0 0 0 0 -2 -2 -3 -4 2 2 -1 -2 -1 0
checker 2 player 6 4 0 0 0 2 0 0 3 0 3 -1 0 -1 -2 2 0 0 -2 -2 -3 -2 2 3 -2 0 0 0
checker 2 opponent 2 1 0 0 0 2 -2 -2 2 3 2 2 0 0 -2 2 -1 0 1 -3 0 -3 0 0 -2 0 0 1
checker 2 player 5 1 0 -1 0 2 0 0 3 0 3 0 0 -1 -2 2 0 0 -2 -2 -3 -2 2 2 -2 0 0 1
checker 2 opponent 4 1 0 0 0 2 -2 -3 2 3 2 2 0 0 -2 2 1 0 0 -3 0 -2 -1 0 -2 0 1 0
checker 2 player 6 5 0 0 0 2 0 -1 2 0 3 0 0 0 -3 2 0 0 -2 -2 -3 -2 3 2 -2 0 0 1
checker 2 opponent 3 1 0 0 0 2 -2 -3 2 3 2 2 0 -1 -2 3 0 0 0 -3 0 -2 1 0 -2 0 0 0
checker 2 player 5 4 0 0 0 2 0 -1 2 0 3 0 0 0 -2 2 1 0 -3 -2 -3 -2 3 2 -2 0 0 0
checker 2 opponent 3 1 0 0 0 2 -2 -3 2 3 2 3 0 0 -2 2 0 0 0 -3 0 -2 -1 0 -2 0 0 1
checker 2 player 5 2 0 0 0 2 -1 1 2 0 3 0 0 0 -2 2 0 0 -3 -2 -3 -2 3 2 -2 0 0 0
checker 2 opponent 3 1 0 0 0 2 -2 -2 2 3 2 3 -1 0 -2 2 0 0 0 -2 0 -3 -1 1 -2 0 0 0
checker 2 opponent 2 1 1 0 0 2 -3 -2 2 3 2 3 1 0 -2 1 0 0 0 -2 0 -3 1 0 -2 0 0 0
checker 2 player 6 1 0 0 0 2 0 -1 3 0 2 0 0 0 0 2 0 -2 -3 -2 -3 -2 2 3 -2 0 0 1
checker 2 opponent 5 4 0 -1 0 2 -3 -2 2 3 2 3 2 0 -1 0 0 0 0 -2 -1 -3 1 0 -2 0 0 0
checker 2 player 4 1 0 0 0 2 0 0 3 1 2 -1 0 0 0 1 0 -2 -3 -2 -2 -2 2 3 -2 -1 1 0
checker 2 opponent 3 2 0 -1 1 2 -2 -3 2 2 2 3 2 0 0 0 0 0 -1 -2 -1 -3 0 0 -2 0 0 1
checker 2 player 4 2 0 0 0 2 0 -1 3 1 2 1 0 0 0 0 0 -2 -3 -2 -2 -2 3 2 -2 -1 1 0
checker 2 opponent 5 1 0 -1 1 2 -2 -3 2 2 2 3 2 0 0 0 0 0 0 -2 0 -3 -2 0 -2 0 0 1
checker 2 player 5 2 0 -1 0 2 0 2 3 0 2 0 0 0 0 0 0 -2 -3 -2 -1 -2 3 2 -2 -2 1 0
checker 2 opponent 5 2 0 -1 2 2 -2 -2 2 0 2 3 2 0 -1 0 0 0 0 -2 0 -3 -2 0 -2 0 1 1
checker 2 player 5 1 0 -1 0 2 0 2 3 -1 2 0 0 0 0 1 0 -2 -3 -2 0 -2 2 2 -2 -2 1 0
checker 2 opponent 6 4 0 -1 2 2 -2 -2 2 0 2 3 2 0 0 0 0 0 0 -2 -1 -3 -2 0 -2 0 1 1
checker 2 player 6 5 0 0 0 2 -1 2 3 -1 2 0 0 0 0 0 0 -2 -3 -2 0 -2 2 2 -2 -2 1 1
checker 2 opponent 3 1 0 -1 2 2 -2 -2 2 0 2 3 2 -1 0 0 0 0 0 -2 1 -3 -2 1 -2 0 0 0
checker 2 player 5 2 0 0 0 2 0 2 3 -2 2 0 0 0 0 0 1 -2 -2 -3 0 -2 2 2 -2 -2 1 0
checker 2 opponent 5 2 0 -1 2 2 -2 -2 2 0 3 2 2 0 0 0 0 0 -1 -2 2 -2 -2 -1 -2 0 0 0
checker 2 player 5 2 0 0 0 2 1 2 2 0 2 -1 0 0 -1 0 0 -2 -2 -3 0 -2 2 2 -2 -2 1 1
checker 2 opponent 5 5 0 -1 2 2 -2 -2 2 -1 3 2 2 0 0 1 0 0 1 -2 0 -2 -2 -1 -2 0 0 0
checker 2 player 5 5 0 0 0 2 1 2 2 0 2 0 0 0 0 0 0 -2 -2 -4 1 -2 2 2 -2 -2 -1 1
checker 2 opponent 4 2 0 1 2 2 -2 -3 2 0 4 2 2 0 0 0 0 0 0 -2 0 -2 -2 -1 -3 0 0 0
checker 2 player 6 3 0 0 0 3 1 2 2 0 2 0 0 0 0 0 0 0 -2 -5 0 -3 3 2 -2 -2 -1 0
checker 2 opponent 5 4 0 1 2 2 -2 -2 3 0 5 2 0 -1 0 0 0 0 0 -1 0 -2 -3 -1 -3 0 0 0
checker 2 player 5 1 0 0 0 3 1 3 2 0 1 0 0 0 0 0 1 0 -2 -4 0 -2 2 2 -3 -3 -1 0
checker 2 opponent 6 4 0 1 3 3 -2 -2 2 0 4 2 0 0 0 0 0 0 -1 -1 0 -2 -3 -1 -2 -1 0 0
cube 2 player - - 0 0 1 2 1 3 2 0 1 1 0 0 0 0 0 0 -2 -3 0 -1 2 2 -3 -5 -1 0
checker 2 player 4 1 0 0 1 2 1 3 2 0 1 1 0 0 0 0 0 0 -2 -3 0 -1 2 2 -3 -5 -1 0
cube 2 player - - 0 -1 0 2 2 2 2 0 1 0 0 0 0 1 0 1 -2 -2 0 0 2 2 -4 -4 -2 0
checker 2 opponent 1 1 0 0 0 0 -3 -2 3 2 3 2 2 0 0 3 0 0 0 0 -1 -1 -2 -2 -2 -2 0 0
checker 2 opponent 4 3 0 0 0 0 -3 -2 3 2 3 2 2 2 0 1 0 0 0 0 0 0 -2 -2 -2 -2 -2 0
checker 2 player 5 3 0 2 2 2 2 2 0 0 0 0 0 0 0 0 -2 -2 -3 -3 -2 -2 2 3 -1 0 0 0
checker 2 opponent 5 2 0 0 0 1 -3 -2 2 2 3 3 2 2 0 0 0 0 0 0 0 0 -1 -2 -2 -3 -2 0
checker 2 player 6 1 0 2 3 2 2 1 0 0 0 0 0 0 0 0 -2 -2 -3 -2 -2 -2 2 3 -1 0 -1 0
checker 2 opponent 4 3 0 1 0 1 -2 -3 2 2 2 3 2 2 0 0 0 0 0 0 0 0 -1 -2 -2 -3 -2 0
checker 2 player 3 2 0 2 3 2 2 1 0 0 0 0 0 0 0 0 -2 -2 -2 -2 -2 -2 3 2 -1 -1 -1 0
checker 2 opponent 3 1 0 1 1 1 -2 -3 2 2 2 2 2 2 0 0 0 0 0 0 0 0 0 -1 -3 -3 -3 0
checker 2 opponent 4 4 0 2 0 1 -2 -3 2 2 3 2 2 1 0 0 0 0 0 0 0 0 0 0 -3 -3 -4 0
checker 2 player 6 1 0 4 3 3 0 0 0 0 0 0 0 0 0 0 0 0 -2 -3 -3 -3 3 2 -1 -1 -2 0
checker 2 opponent 2 1 0 2 1 1 -2 -2 3 3 3 2 0 0 -1 0 0 0 0 0 0 0 0 0 -3 -3 -4 0
checker 2 player 3 2 0 4 3 3 0 0 0 0 0 0 0 0 0 1 0 0 -2 -2 -2 -5 2 2 -1 -1 -2 0
checker 2 opponent 5 2 0 2 1 1 -2 -2 5 2 2 2 0 0 0 0 0 0 0 -1 0 0 0 0 -3 -3 -4 0
checker 2 player 4 3 0 4 3 3 0 0 0 0 1 0 0 0 0 0 0 0 -2 0 -2 -6 2 2 -2 -1 -2 0
checker 2 player 6 1 0 0 0 0 2 2 2 1 1 0 0 0 -3 2 0 -2 -2 -3 -2 -3 2 2 0 0 1 0
checker 2 opponent 2 1 0 0 0 0 -2 -2 3 4 3 3 0 0 -1 2 0 0 -1 -1 -2 -2 -2 -2 0 0 0 0
checker 2 player 1 1 0 0 0 0 2 2 2 2 1 1 0 0 -2 1 0 0 -2 -3 -4 -4 2 2 0 0 0 0
checker 2 opponent 5 2 0 0 0 0 -2 -2 4 4 3 2 0 0 -1 2 0 0 0 -1 -2 -2 -3 -2 0 0 0 0
checker 2 player 1 1 0 0 0 0 2 3 2 2 1 0 0 0 -2 1 0 0 -2 -2 -4 -4 2 2 0 0 -1 0
checker 2 opponent 6 2 0 1 0 0 -2 -2 4 4 2 2 0 0 -1 2 0 0 0 -1 -1 -2 -3 -2 -1 0 0 0
checker 2 player 3 1 0 0 0 1 2 3 2 1 1 0 0 0 -2 1 0 0 0 -2 -5 -4 2 2 -1 0 -1 0
checker 2 opponent 1 1 0 1 0 1 -2 -2 4 5 2 0 0 0 -1 2 0 0 0 -1 0 -3 -2 -2 -1 -1 0 0
checker 2 player 5 1 0 0 1 1 2 2 3 0 1 0 0 0 0 -2 0 0 0 -2 -5 -4 2 2 0 0 -2 1
checker 2 opponent 2 1 0 2 0 0 -2 -3 4 5 2 0 0 0 2 0 0 0 0 -1 0 -2 -3 -2 -1 -1 0 0
checker 2 player 5 1 0 0 1 1 2 3 2 0 1 0 0 0 0 -2 0 0 0 0 -6 -5 3 2 0 0 -2 0
checker 2 opponent 6 5 0 2 0 0 -2 -3 5 6 0 0 0 0 2 0 0 0 0 0 0 -2 -3 -2 -1 -2 0 0
checker 2 player 5 3 0 0 2 1 2 3 2 0 0 0 0 0 0 0 0 0 0 0 -7 -6 3 2 0 0 -2 0
checker 2 opponent 3 1 0 0 0 2 -3 -2 2 3 2 2 0 0 0 2 0 -1 0 -4 0 -3 2 0 -2 0 0 0
checker 2 player 6 3 0 0 0 2 0 -2 3 0 4 0 1 0 -1 0 0 0 -3 -2 -3 -2 2 3 -2 0 0 0
checker 2 opponent 4 2 0 0 0 2 -2 -2 2 3 2 3 0 0 0 -1 0 -1 0 -4 0 -3 2 0 -2 0 0 1
checker 2 player 6 4 0 0 0 2 -1 -2 3 0 4 0 1 0 1 0 0 0 -2 -2 -4 -2 2 2 -2 0 0 0
checker 2 opponent 2 1 0 0 0 2 -2 -2 2 4 2 2 0 0 0 -1 0 0 0 -3 0 -3 2 -2 -2 0 0 1
checker 2 player 6 6 0 0 -1 2 2 -2 3 0 3 0 0 0 1 0 0 0 -2 -2 -3 -3 2 2 -2 0 0 0
checker 2 player 5 3 0 0 -1 0 2 0 2 1 2 0 0 0 -2 2 0 0 -2 -3 -2 -3 3 2 0 -2 1 0
checker 2 opponent 3 3 0 -1 2 0 -2 -2 3 2 3 2 -1 0 -1 2 0 -1 0 -2 -1 -2 0 -2 0 1 0 0
checker 2 player 5 3 0 0 0 0 2 -1 2 1 2 0 1 0 0 1 0 -2 -2 -3 -2 -2 2 2 -1 -2 1 1
checker 2 opponent 6 3 0 -1 2 1 -2 -3 2 2 3 2 2 0 -1 0 0 0 0 -2 -2 -2 1 -2 0 0 0 0
checker 2 player 4 3 0 0 0 0 2 0 2 2 2 0 0 0 0 1 -1 -2 -2 -3 -2 -2 3 2 -1 -2 1 0
checker 2 opponent 4 1 0 -1 2 1 -2 -3 2 2 3 2 2 1 0 0 0 0 -1 -1 -2 -2 -1 -2 0 0 0 0
checker 2 player 3 1 0 0 0 0 2 1 2 2 1 1 0 0 0 0 0 -2 -2 -3 -2 -3 3 2 -1 -2 1 0
checker 2 opponent 6 1 0 -1 2 1 -2 -3 3 2 3 2 2 0 0 0 0 0 0 -1 -2 -2 -2 -2 0 0 0 0
checker 2 player 5 4 0 0 0 0 2 2 2 2 1 0 0 0 0 0 0 -2 0 -4 -2 -3 3 2 -2 -2 1 0
checker 2 opponent 3 2 0 -1 2 2 -2 -2 3 2 4 0 2 0 0 0 -1 0 0 -1 -2 -2 -2 -2 0 0 0 0
checker 2 player 5 1 0 0 0 0 2 2 2 2 1 0 0 1 0 0 0 0 0 -5 -3 -3 2 2 -2 -2 1 0
checker 2 opponent 4 1 0 -1 2 2 -2 -2 3 3 5 0 0 0 0 0 -1 0 0 0 -1 -3 -2 -2 -1 0 0 0
checker 2 player 4 2 0 0 0 1 2 2 3 1 0 0 0 1 0 0 0 0 0 -4 -3 -3 2 2 -3 -2 1 0
checker 2 opponent 5 1 0 -1 2 3 -2 -2 3 3 4 0 0 0 0 0 0 0 -1 0 -1 -2 -2 -2 -1 -1 0 0
checker 2 player 1 1 0 0 1 1 2 2 2 1 0 1 0 0 0 0 0 0 0 -3 -2 -4 2 2 -4 -2 1 0
checker 2 opponent 4 3 0 -1 2 4 -2 -2 4 2 3 0 0 0 0 0 0 0 -1 0 0 -2 -2 -2 -2 -1 0 0
checker 2 player 4 3 0 0 1 2 2 2 2 0 0 1 0 0 0 0 0 0 0 -3 -2 -2 2 2 -5 -3 1 0
checker 2 opponent 2 1 0 -1 3 5 -2 -2 2 2 3 0 0 0 0 0 0 0 0 0 0 -2 -2 -2 -2 -2 0 0
checker 2 player 5 2 0 0 2 2 2 2 2 0 0 0 0 0 0 0 0 0 0 -3 -2 -2 2 2 -4 -2 -2 1
checker 2 opponent 6 1 0 2 2 4 -2 -3 2 2 3 0 0 0 0 0 0 0 0 0 0 -2 -2 -2 -1 -2 -1 0
checker 2 player 4 1 0 1 2 1 2 2 2 0 0 0 0 0 0 0 0 0 0 -3 0 -3 3 2 -4 -2 -3 0
checker 2 opponent 4 2 0 3 2 4 -2 -2 3 0 3 0 -1 0 0 0 0 0 0 0 0 -2 -2 -2 -1 -2 -1 0
checker 2 player 4 3 0 1 2 1 2 2 2 0 0 0 0 0 0 0 0 1 0 -2 0 -3 2 2 -4 -3 -3 0
checker 2 player 3 2 0 1 2 1 2 2 2 0 1 0 0 0 0 0 0 0 0 -1 0 -2 2 2 -5 -4 -3 0
checker 2 opponent 5 4 0 0 0 0 -3 -2 3 2 3 2 2 0 0 3 0 0 0 0 -2 -2 -2 -2 0 -2 0 0
checker 2 player 3 1 0 0 2 0 2 2 2 2 0 0 0 0 -1 0 0 -2 -3 -4 -2 -3 2 3 0 0 0 0
checker 2 opponent 6 5 0 0 0 0 -2 -3 3 2 4 3 2 0 0 1 0 0 0 0 -1 -2 -2 -3 0 -2 0 0
checker 2 player 6 5 0 0 2 0 3 2 2 1 0 0 0 0 0 0 0 -2 -3 -3 -3 -3 3 2 -1 0 0 0
checker 2 opponent 6 4 0 0 0 1 -2 -2 3 3 3 3 2 0 0 0 0 0 -1 0 -1 -2 -2 -3 0 -2 0 0
checker 2 player 4 4 0 0 2 0 3 2 2 1 0 1 0 0 0 0 0 -2 -3 -2 -2 -3 2 2 -2 -1 0 0
checker 2 opponent 6 3 0 0 1 2 -2 -2 3 2 2 3 2 0 0 0 0 0 0 0 0 -2 -1 -3 -1 -2 -2 0
checker 2 player 3 2 0 2 2 1 3 1 2 0 0 0 0 0 0 0 0 -2 -2 -2 -2 -2 2 2 -4 -1 0 0
checker 2 opponent 5 4 0 0 1 4 -2 -2 2 2 2 2 2 0 0 0 0 0 0 0 0 -2 0 -2 -2 -2 -3 0
checker 2 player 2 1 0 3 2 2 2 0 2 0 0 0 0 0 0 0 0 -2 -2 -2 0 -2 2 2 -5 -2 0 0
checker 2 opponent 4 1 0 0 2 5 -2 -2 2 0 2 2 2 0 0 0 0 0 0 0 0 0 -1 -3 -2 -2 -3 0
checker 2 player 5 1 0 3 2 2 3 1 0 0 0 0 0 0 0 0 0 0 -3 -2 0 -3 2 2 -5 -2 0 0
checker 2 opponent 5 3 0 -1 0 0 -2 -2 3 2 3 2 2 0 -2 3 0 0 0 -1 -1 -2 -2 -2 0 0 0 0
checker 2 player 6 3 0 0 0 0 2 2 2 1 1 0 0 0 -2 2 0 -3 -2 -3 -2 -2 2 2 0 0 -1 1
checker 2 opponent 2 2 0 1 0 -1 -2 -2 2 2 3 2 3 0 -1 2 0 0 0 -1 -2 -2 -2 -2 0 0 0 0
checker 2 player 5 5 0 0 0 0 2 2 2 2 1 0 0 0 0 1 -2 -2 -2 -3 -2 -3 2 2 1 0 -1 0
checker 2 opponent 6 6 0 1 0 -1 -2 -2 3 2 3 2 2 2 0 0 0 0 0 0 -1 -2 -2 -2 -2 -1 0 0
checker 2 player 4 3 0 0 1 2 2 2 2 1 0 0 0 0 0 0 -2 -2 0 -3 0 -3 2 2 -2 0 -3 1
checker 2 opponent 4 3 0 3 0 2 -2 -2 3 -1 3 0 2 2 0 0 0 0 0 0 -1 -2 -2 -2 -2 -1 0 0
checker 2 player 4 4 0 0 1 2 2 2 2 1 0 0 0 0 0 0 -2 0 0 -3 -1 -4 2 2 -2 0 -3 1
checker 2 opponent 6 4 0 -1 0 0 -2 -3 3 2 3 2 2 0 -2 2 0 0 0 -2 -1 -2 0 -2 0 1 0 0
checker 2 player 5 1 0 0 -1 0 2 0 2 1 2 0 0 0 0 2 0 -2 -3 -3 -3 -3 3 2 0 0 1 0
checker 2 opponent 5 2 0 -1 0 0 -2 -3 3 3 3 3 2 0 -1 0 0 0 0 -2 -2 -2 0 -2 0 1 0 0
checker 2 player 5 1 0 0 -1 0 2 0 2 2 2 0 0 0 0 1 0 -2 -2 -2 -4 -3 3 2 -1 0 1 0
checker 2 opponent 5 3 0 -1 0 1 -2 -3 3 4 2 2 2 0 0 0 0 0 0 -2 -3 -2 0 -2 0 1 0 0
checker 2 player 6 1 0 0 0 0 2 0 2 3 2 0 -1 0 0 0 0 -2 -2 -2 -4 -3 3 2 -1 0 1 0
checker 2 opponent 6 5 0 -1 0 1 -2 -2 3 4 2 2 2 -1 0 0 0 1 0 -2 -2 -3 0 -2 0 0 0 0
checker 2 player 6 2 0 0 0 0 2 0 3 2 2 0 0 0 0 0 1 -3 -2 -2 -3 -3 2 2 -1 0 -1 1
checker 2 opponent 6 2 0 1 -1 1 -2 -2 3 3 2 2 3 0 0 0 0 0 0 -3 -2 -3 0 -2 0 0 0 0
checker 2 player 4 2 0 0 0 0 2 0 3 2 3 0 0 0 0 0 0 -3 0 -2 -4 -3 2 2 -2 1 -1 0
checker 2 opponent 4 3 0 1 -1 2 -2 -2 3 4 2 0 3 0 0 0 0 0 0 -3 0 -3 -1 -2 -1 0 0 0
checker 2 player 4 4 0 0 0 1 2 1 3 0 3 0 0 0 0 0 0 -2 0 -2 -4 -3 2 2 -3 1 -1 0
checker 2 opponent 2 1 0 0 0 2 -3 -2 2 3 2 2 0 0 -2 2 0 0 0 -3 0 -3 2 0 -2 0 0 0
checker 2 player 4 1 0 0 0 2 0 -2 3 0 3 0 0 0 -1 2 -1 0 -2 -2 -2 -3 2 3 -2 0 0 0
checker 2 opponent 6 5 0 0 0 2 -2 -3 3 2 2 2 0 1 -2 1 0 0 0 -2 0 -3 2 -1 -2 0 0 0
checker 2 player 2 2 0 0 0 2 1 -2 3 0 2 0 0 0 0 2 0 0 -2 -2 -3 -4 3 2 -2 0 0 0
checker 2 opponent 5 3 0 0 0 2 -2 -3 4 3 2 2 0 0 0 0 0 0 -2 -2 0 -3 2 -1 -2 0 0 0
checker 2 player 3 1 0 0 0 2 1 -1 3 0 2 2 0 0 0 -1 0 0 -2 -2 -3 -4 3 2 -2 0 0 0
checker 2 opponent 4 4 0 0 0 2 -2 -3 4 3 2 2 0 0 1 0 0 0 -2 -1 0 -2 -2 -1 -2 0 0 1
checker 2 opponent 5 5 0 0 -1 2 -3 -3 4 3 2 3 0 0 1 0 0 0 -2 0 0 -2 -2 0 -2 0 0 0
checker 2 opponent 3 1 1 0 2 3 -3 -3 4 2 1 3 0 0 0 0 0 0 -2 0 0 -2 -2 0 -2 0 0 0
checker 2 player 4 3 0 0 0 2 0 2 2 0 0 2 0 0 0 0 0 0 -2 0 -3 -5 3 3 -3 -2 0 1
checker 2 opponent 6 3 0 0 2 3 -4 -3 5 3 0 2 0 0 0 0 0 0 -1 0 0 -3 -2 0 -2 0 0 0
checker 2 player 2 1 0 0 0 2 0 2 3 0 0 1 0 0 0 0 0 0 0 0 -3 -6 3 4 -4 -2 0 0
checker 2 opponent 2 1 0 0 2 4 -3 -4 6 3 0 0 0 0 0 0 0 0 -1 0 0 -2 -2 -1 -2 0 0 0
checker 2 player 5 1 0 0 0 2 1 2 2 0 0 1 0 0 0 0 0 0 0 0 -2 -7 4 3 -3 -2 -1 0
checker 2 player 5 4 0 0 0 2 2 2 2 0 0 0 0 0 0 0 0 0 0 0 -2 -6 5 2 -3 -2 -2 0
checker 2 player 2 1 0 0 0 2 2 2 2 0 0 0 0 0 0 0 0 1 1 0 -2 -6 3 2 0 -2 -5 0
checker 2 opponent 6 1 0 5 2 0 -2 -3 6 2 0 -1 0 0 0 -1 0 0 0 0 0 -2 -2 -2 -2 0 0 0
checker 2 player 6 4 0 0 0 2 2 2 2 0 0 0 0 0 1 0 0 0 1 0 0 -7 3 2 0 -2 -6 0
checker 2 player 2 2 0 0 0 2 2 2 3 0 0 0 0 0 1 0 0 0 0 0 0 -6 3 2 0 -1 -6 0
checker 2 player 1 1 0 0 0 2 2 2 3 0 0 0 0 0 2 0 0 0 0 0 0 -4 2 2 -1 -1 -6 0
checker 2 opponent 6 2 0 6 1 1 -2 -2 4 0 0 0 0 0 0 -1 0 0 0 -1 0 -3 -2 -2 -2 0 0 0
checker 2 player 2 2 0 0 0 2 2 2 3 0 1 0 0 0 1 0 0 0 0 0 0 -3 2 2 -1 0 -6 0
checker 2 opponent 5 3 0 6 0 1 -2 -2 3 0 0 0 0 0 0 0 0 0 0 -1 0 -3 -2 -3 -2 0 0 0
checker 2 player 6 3 0 0 0 2 3 2 3 0 1 0 0 0 0 0 0 0 0 0 0 -2 2 2 0 0 -7 0
checker 2 opponent 5 2 0 -1 0 0 -2 -3 3 2 3 2 2 0 -2 2 0 0 0 -2 -1 -2 0 -2 0 1 0 0
checker 2 player 3 1 0 0 0 0 2 0 2 -1 2 0 0 0 -1 2 -1 -2 -2 -3 -2 -3 3 2 0 0 1 1
checker 2 opponent 5 4 0 -2 0 0 -2 -3 3 2 3 2 2 1 -2 1 0 0 0 -1 1 -2 -1 -2 0 0 0 0
checker 2 player 5 3 0 0 0 0 2 1 2 -1 1 0 0 0 0 2 -1 -2 -3 -2 -2 -3 3 2 -1 0 2 0
checker 2 opponent 3 1 0 -2 0 1 -2 -3 3 2 2 3 2 1 0 0 0 -1 0 -2 1 -2 -1 -2 0 0 0 0
checker 2 player 1 1 0 0 0 0 2 1 2 0 2 0 -1 0 0 0 -1 -2 -3 -2 -2 -3 3 2 0 -1 2 1
checker 2 opponent 4 1 0 -3 1 0 -2 -3 3 2 2 3 2 1 0 0 0 1 0 -1 0 -2 -2 -2 0 0 0 0
checker 2 player 5 1 0 0 0 0 2 2 2 0 1 0 0 0 0 0 -2 -2 -2 -3 -2 -3 3 2 0 -1 3 0
checker 2 opponent 4 4 0 -3 1 0 -2 -3 3 2 3 2 2 2 0 0 0 0 0 0 0 -2 -2 -1 -2 0 0 0
checker 2 player 6 4 0 0 0 2 1 2 2 0 0 0 0 0 0 0 0 -2 -2 -3 -2 -3 3 2 -2 -1 3 0
checker 2 opponent 6 2 0 -2 1 2 -2 -3 3 2 3 2 2 -1 0 0 0 0 0 0 0 -2 -2 -1 -2 0 0 0
checker 2 player 2 1 0 0 0 2 1 2 2 0 0 0 0 0 0 0 1 -2 -2 -1 -2 -4 3 2 -2 -2 2 0
checker 2 opponent 5 2 0 -2 2 2 -2 -3 4 2 1 2 2 0 0 -1 0 0 0 0 0 -2 -1 -2 -2 0 0 0
checker 2 player 3 1 0 0 0 2 2 1 2 0 0 0 0 0 1 0 0 -2 -1 0 -3 -4 3 2 -3 -2 2 0
checker 2 opponent 5 2 0 -2 2 3 -2 -2 4 3 -1 1 2 0 0 0 -1 0 0 0 0 -2 -1 -2 -2 0 0 0
checker 2 opponent 5 3 1 -2 2 4 -2 -2 4 3 0 1 1 0 0 0 -1 0 0 0 0 -2 -1 -2 -2 0 0 0
checker 2 player 6 5 0 0 0 2 2 1 2 0 0 0 0 1 0 0 0 -1 0 0 -2 -5 2 2 -4 -3 2 1
checker 2 player 5 4 0 0 0 2 2 2 2 0 0 0 0 0 0 0 0 0 0 -1 -2 -4 3 2 -5 -3 2 0
checker 2 player 3 2 0 0 0 2 0 -2 3 0 3 0 0 0 -2 2 0 0 -2 -2 -3 -2 2 3 -2 0 0 0
checker 2 opponent 4 1 0 0 0 2 -3 -2 2 3 2 2 0 0 -2 2 0 0 0 -2 0 -3 2 0 -3 0 0 0
checker 2 player 4 3 0 0 0 3 0 -1 3 0 2 0 -1 0 -2 2 0 0 -2 -2 -3 -2 2 3 -2 0 0 0
checker 2 opponent 6 1 0 0 0 2 -3 -2 2 3 2 2 0 0 -1 2 0 0 0 -2 0 -4 1 0 -3 0 0 1
checker 2 player 4 1 0 -1 0 3 0 0 4 0 2 0 0 -1 -2 1 0 0 -2 -2 -3 -2 2 3 -2 0 0 0
checker 2 opponent 5 2 0 0 0 2 -2 -3 2 3 2 2 0 0 0 2 1 0 -1 -2 0 -4 0 0 -3 0 1 0
checker 2 player 5 1 0 -1 0 3 0 0 4 0 2 1 0 0 -2 0 0 0 -2 -2 -4 -2 3 2 -2 0 0 0
checker 2 opponent 2 2 0 0 0 2 -2 -2 2 4 2 2 -1 0 0 2 0 0 -1 -2 0 -4 0 0 -2 -1 1 0
checker 2 player 5 5 0 -1 1 2 0 0 4 0 2 1 0 0 0 0 -2 1 -2 -2 -4 -2 2 2 0 0 -2 0
checker 2 player 5 2 0 0 2 0 2 2 2 2 0 0 0 0 -3 0 0 -2 -2 -3 -2 -3 2 3 0 0 0 0
checker 2 opponent 5 4 0 0 0 0 -3 -2 3 2 3 2 2 0 0 3 0 0 0 0 -2 0 -2 -3 0 -2 -1 0
checker 2 player 6 2 0 1 2 0 3 2 0 2 0 0 0 0 -1 0 0 -2 -3 -4 -2 -3 2 3 0 0 0 0
checker 2 player 5 4 0 0 0 0 2 2 2 1 1 0 0 0 -3 2 0 -2 -2 -3 -2 -3 2 2 0 0 1 0
checker 2 opponent 5 3 0 -1 0 0 -2 -2 3 2 3 2 2 0 -2 3 0 0 0 0 0 -2 -2 -2 -2 0 0 0
checker 2 player 1 1 0 0 0 2 2 2 2 0 0 0 0 0 -2 2 0 -3 -2 -3 -2 -2 2 2 0 0 -1 1
checker 2 opponent 5 3 0 0 0 0 -2 -3 4 3 4 3 0 0 -1 0 0 0 0 1 0 -2 -3 -2 -2 0 0 0
checker 2 player 3 1 0 0 0 2 2 3 2 0 0 0 0 0 0 1 0 0 -4 -4 -3 -4 3 2 0 0 0 0
checker 2 opponent 6 5 0 0 0 0 -2 -3 4 3 4 4 0 0 0 -1 0 0 0 0 0 -2 -2 -2 -2 -1 0 0
checker 2 player 4 2 0 0 1 2 2 2 2 0 0 0 0 0 1 0 0 0 -4 -2 -3 -4 3 2 -1 -1 0 0
checker 2 opponent 3 3 0 0 1 1 -2 -3 4 3 2 4 0 0 0 0 0 0 0 0 0 -3 -2 -2 -2 -1 0 0
checker 2 player 4 1 0 0 1 2 2 2 3 0 0 0 0 0 0 0 0 0 0 -2 -3 -8 3 2 -1 -1 0 0
checker 2 opponent 6 2 0 0 1 1 -2 -2 8 3 2 0 -1 0 0 0 0 0 0 0 0 -3 -2 -2 -2 -1 0 0
checker 2 player 5 4 0 0 1 2 2 2 3 0 0 0 0 0 0 0 0 1 0 0 -3 -9 2 2 -1 -2 0 0
checker 2 opponent 5 4 0 0 2 1 -2 -2 9 3 0 0 0 0 0 0 0 -1 0 0 0 -2 -2 -2 -2 -2 0 0
checker 2 player 3 2 0 0 2 2 2 2 2 0 0 0 1 0 0 0 0 0 0 0 -2 -8 2 2 -2 -2 -1 0
checker 2 opponent 5 1 0 1 2 2 -2 -2 8 2 0 0 0 0 0 0 0 0 0 0 0 -2 -3 -2 -2 -2 0 0
checker 2 player 4 3 0 0 2 2 2 3 2 0 0 0 0 0 0 0 0 0 0 0 0 -9 2 2 -2 -3 -1 0
checker 2 player 6 1 0 0 0 2 0 -2 3 0 3 0 0 0 -2 2 0 0 -2 -2 -3 -2 2 3 -2 0 0 0
checker 2 opponent 4 1 0 0 0 2 -2 -2 2 3 2 2 0 -1 -2 2 0 0 0 -3 0 -3 2 0 -2 0 0 0
checker 2 player 5 4 0 0 0 2 0 -2 3 0 3 0 0 0 -1 2 1 0 -3 -2 -2 -3 2 2 -2 0 0 0
checker 2 opponent 2 2 0 0 0 2 -2 -2 3 2 2 3 0 0 -2 1 0 0 -1 -2 0 -3 2 -1 -2 0 0 0
checker 2 player 5 2 0 0 0 2 1 0 3 0 2 -2 0 0 -1 2 0 0 -3 -2 -2 -3 2 2 -2 0 0 1
checker 2 opponent 2 1 0 0 0 2 -2 -3 3 2 2 3 0 0 -2 1 0 0 2 -2 0 -2 0 -2 -2 0 0 0
checker 2 player 4 2 0 0 0 2 2 0 2 0 2 -1 0 0 -2 2 0 0 -3 -2 -2 -3 3 2 -2 0 0 0
checker 2 opponent 6 1 0 0 0 2 -2 -3 3 2 2 3 0 0 0 2 -1 0 -1 -2 0 -2 0 -2 -2 0 0 1
checker 2 player 3 2 0 0 0 2 2 0 2 -1 2 1 0 1 -2 0 0 0 -3 -2 -2 -3 3 2 -2 0 0 0
checker 2 opponent 5 2 0 0 0 2 -2 -3 3 2 2 3 0 0 0 2 -1 0 0 -1 -1 -2 -1 -2 -2 0 0 1
checker 2 opponent 6 3 0 -1 0 2 -2 -4 3 2 2 3 0 0 0 2 -1 0 0 -1 1 -2 0 -2 -2 0 0 0
checker 2 player 6 4 0 0 0 2 2 0 2 0 1 0 0 1 -2 -1 0 0 -2 -2 -2 -4 4 2 -2 0 1 0
checker 2 opponent 6 3 0 -1 0 2 -2 -3 4 2 2 2 0 0 1 2 -1 -1 0 -1 0 -2 0 -2 -2 0 0 0
checker 2 player 3 1 0 0 0 2 2 0 2 0 1 0 1 1 -1 0 0 0 -3 -2 -3 -4 3 2 -2 0 1 0
checker 2 opponent 3 1 0 -1 0 2 -2 -3 4 3 2 3 0 0 0 1 -1 0 -1 0 0 -2 -1 -2 -2 0 0 0
checker 2 player 6 2 0 0 0 2 2 1 2 0 0 1 0 1 0 0 0 0 -4 -2 -3 -4 3 2 -2 0 1 0
checker 2 opponent 2 1 0 -1 0 2 -2 -2 4 3 2 4 0 0 0 -1 -1 0 -1 0 0 -2 -1 -2 -2 0 0 0
checker 2 player 6 1 0 0 0 2 2 1 2 0 0 1 0 1 1 0 0 0 -2 -3 -4 -4 2 2 -2 0 1 0
checker 2 opponent 5 4 0 -1 0 2 -2 -2 4 4 3 2 0 0 0 -1 0 0 0 -1 0 -2 -2 -2 -2 0 0 0
checker 2 player 6 3 0 0 0 2 2 2 2 0 1 0 0 0 1 0 0 0 -2 -3 -3 -3 2 2 -2 -2 1 0
checker 2 opponent 2 2 0 0 2 2 -2 -2 3 3 3 2 -1 0 0 -1 0 0 0 -1 0 -2 -2 -2 -2 0 0 0
checker 2 player 5 4 0 0 0 2 2 2 2 0 1 0 0 0 1 0 0 1 0 -2 -5 -4 2 2 -1 -2 -1 0
checker 2 opponent 4 1 0 1 2 1 -2 -2 4 5 2 0 0 0 0 0 -1 0 0 -1 -1 -2 -2 -2 -2 0 0 0
checker 2 player 6 6 0 0 0 2 2 2 2 1 1 0 0 1 0 0 0 0 0 -2 -3 -5 2 2 -2 -2 -1 0
checker 2 player 4 2 0 0 0 0 2 2 2 1 1 0 0 0 -3 2 0 -2 -2 -3 -2 -3 2 2 0 0 1 0
checker 2 opponent 5 2 0 -1 0 0 -2 -2 3 2 3 2 2 0 -1 3 0 0 0 -1 -2 -2 -2 -2 0 0 0 0
checker 2 player 2 1 0 0 0 0 2 2 2 2 1 0 0 0 -2 1 0 -2 -2 -3 -2 -4 2 2 0 0 1 0
checker 2 opponent 4 2 0 -1 0 0 -2 -2 4 2 3 2 2 0 0 2 0 -1 0 -1 -2 -2 -2 -2 0 0 0 0
checker 2 player 3 2 0 0 0 0 2 2 2 2 1 0 1 0 -1 0 0 -2 -2 -3 -3 -4 2 2 0 0 1 0
checker 2 opponent 3 2 0 -1 0 0 -2 -2 4 3 3 2 2 0 0 1 0 -1 0 0 -2 -2 -2 -2 -1 0 0 0
checker 2 player 4 3 0 0 0 1 2 2 2 2 0 0 1 0 0 0 0 -2 -2 -4 -3 -4 2 2 0 0 1 0
checker 2 opponent 3 3 0 -1 0 0 -2 -2 4 3 4 2 2 0 0 0 0 0 0 0 -2 -2 -2 -2 -2 0 0 0
checker 2 player 5 4 0 0 0 2 2 2 2 2 0 0 0 0 0 0 0 -2 0 -4 -3 -4 2 2 -2 0 1 0
checker 2 opponent 6 5 0 0 0 2 -2 -3 4 3 4 0 2 0 0 0 0 0 0 0 -1 -2 -2 -2 -2 -1 0 0
checker 2 player 6 5 0 0 1 2 2 2 2 1 0 0 0 0 0 0 0 -2 0 -2 -3 -4 3 2 -3 -1 0 0
checker 2 opponent 6 1 0 0 1 3 -2 -2 4 3 2 0 2 -1 0 0 0 0 0 0 0 -2 -2 -2 -2 -2 0 0
checker 2 player 5 3 0 0 2 2 2 2 2 0 0 0 0 0 0 0 1 -2 0 0 -4 -4 2 2 -3 -2 0 0
checker 2 opponent 5 4 0 0 2 3 -2 -2 4 4 0 0 2 0 0 0 0 0 0 0 0 -3 -2 -2 -2 -2 0 0
checker 2 player 6 1 0 0 2 2 2 2 3 0 0 0 0 0 0 0 0 -2 0 0 -3 -3 2 2 -4 -2 -1 0
checker 2 opponent 5 1 0 0 0 0 -3 -2 3 2 3 2 2 0 0 3 0 0 0 0 -2 -2 -2 -2 0 -2 0 0
checker 2 player 3 3 0 0 2 0 2 2 2 2 0 0 0 0 -2 0 0 -2 -2 -3 -3 -3 2 3 0 0 0 0
checker 2 opponent 6 4 0 0 0 0 -3 -2 3 3 3 2 2 0 0 2 0 0 0 0 -1 0 -2 -2 -2 -2 -1 0
checker 2 player 2 1 0 1 2 2 2 2 0 1 0 0 0 0 0 0 0 -2 -3 -3 -4 -3 2 3 0 0 0 0
checker 2 opponent 6 6 0 0 0 0 -2 -3 3 4 3 3 2 0 0 0 0 0 0 0 0 0 -3 -2 -2 -2 -1 0
checker 2 player 3 1 0 1 2 2 2 3 0 0 0 0 0 0 0 0 0 -2 -2 -2 -2 -3 3 2 -1 -1 -2 0
checker 2 opponent 4 1 0 2 1 1 -2 -3 3 2 2 2 2 0 0 0 0 0 0 0 0 0 -2 -2 -2 -2 -2 0
checker 2 player 4 1 0 2 2 2 2 2 0 0 0 0 0 0 0 0 0 0 -3 -2 -2 -4 3 2 -1 -1 -2 0
checker 2 opponent 1 1 0 2 1 1 -2 -3 4 2 2 3 0 0 0 0 0 0 0 0 0 0 0 -3 -2 -2 -3 0
checker 2 opponent 6 5 0 2 2 0 -2 -3 5 2 2 2 0 0 0 0 0 0 0 0 0 0 0 0 -2 -2 -6 0
checker 2 player 6 1 0 6 2 2 0 0 0 0 0 0 0 0 0 0 0 0 -2 0 -2 -5 3 2 -1 -3 -2 0
checker 2 opponent 3 1 0 2 3 1 -2 -2 5 2 0 2 0 0 -1 0 0 0 0 0 0 0 0 0 -2 -2 -6 0
checker 2 player 1 1 0 6 2 2 0 0 0 0 0 0 0 0 0 1 0 0 -2 0 -2 -4 2 2 -2 -2 -3 0
checker 2 opponent 5 2 0 3 2 2 -2 -2 4 2 0 2 0 0 0 0 0 0 -1 0 0 0 0 0 -2 -2 -6 0
checker 2 player 5 3 0 6 2 2 0 0 0 0 0 1 0 0 0 0 0 0 -2 0 -2 -3 2 2 -1 -2 -5 0
checker 2 player 3 2 0 0 0 0 2 -1 2 1 2 0 0 0 -2 2 0 -2 -2 -3 -2 -3 3 2 0 0 1 0
checker 2 opponent 3 1 0 0 0 -1 -2 -3 3 2 3 2 2 0 -2 2 0 0 0 -1 -1 -2 -1 -2 0 0 0 1
checker 2 player 4 4 0 0 0 -1 2 1 2 1 1 0 0 0 -2 2 0 -2 -2 -2 -3 -3 3 2 1 0 0 0
checker 2 opponent 2 2 0 0 0 -1 -2 -3 3 3 2 2 2 0 0 2 0 0 -1 -1 0 -2 -2 -2 -1 0 0 1
checker 2 player 6 4 0 0 -1 1 2 2 2 0 1 1 0 0 -1 0 0 -2 -2 -2 -4 -3 3 2 1 0 0 0
checker 2 opponent 3 2 0 0 0 -1 -2 -2 3 4 2 2 2 0 0 1 0 -1 -1 -1 0 -2 -2 -2 -1 1 0 0
checker 2 player 1 1 0 0 -1 1 2 2 2 0 1 1 1 0 0 0 0 -2 -2 -3 -4 -3 2 2 1 0 0 0
checker 2 opponent 6 4 0 0 0 0 -2 -3 3 4 3 2 2 0 0 0 0 0 -1 -2 0 -2 -2 -2 -1 1 0 0
checker 2 player 4 3 0 0 -1 1 2 2 2 0 2 1 0 0 0 0 0 -2 -2 -2 -3 -3 3 2 -1 -1 0 0
checker 2 opponent 4 3 0 0 1 1 -2 -3 3 3 2 2 2 0 0 0 0 0 0 -2 0 -2 -2 -2 -1 -1 0 1
checker 2 player 4 2 0 0 1 0 2 2 2 -1 2 0 0 0 0 0 0 -2 -2 -2 -3 -3 3 2 -1 -1 0 1
checker 2 opponent 5 2 0 0 1 1 -3 -3 3 3 2 2 2 0 0 0 0 0 0 -2 1 -2 -1 -2 -1 -1 0 0
checker 2 player 3 2 0 0 1 1 2 1 2 0 2 0 0 0 -1 0 0 -2 -2 -2 -3 -3 3 3 0 -1 -1 0
checker 2 opponent 2 1 0 1 1 0 -3 -3 3 3 2 2 2 0 0 1 0 0 0 -1 0 -2 -1 -2 -2 -1 0 0
checker 2 player 4 3 0 0 1 2 2 1 2 0 1 0 0 0 0 0 0 -3 -2 -2 -3 -3 3 3 0 -1 -1 0
checker 2 opponent 5 1 0 1 1 0 -3 -3 3 3 2 2 3 0 0 0 0 0 0 0 0 -1 -2 -2 -2 -2 0 0
checker 2 opponent 5 2 0 1 2 0 -3 -3 3 2 2 3 2 0 0 0 0 0 0 0 0 0 -1 -2 -2 -2 -2 0
checker 2 player 6 2 0 2 2 2 2 1 0 0 0 0 0 0 0 0 0 -2 -2 -2 -3 -2 3 3 0 -2 -2 0
checker 2 opponent 5 5 0 2 2 0 -3 -2 2 3 2 2 2 0 0 -1 0 0 0 0 0 0 -1 -2 -2 -2 -2 0
checker 2 player 5 2 0 2 2 2 2 1 0 0 0 0 0 0 1 0 0 -2 -2 0 -1 -2 2 3 -2 -4 -2 0
checker 2 opponent 3 2 0 2 4 2 -3 -2 2 1 0 2 2 0 0 0 0 0 0 0 0 0 -2 -2 -2 -2 -2 0
checker 2 player 5 2 0 2 2 2 2 2 0 0 0 0 0 0 0 0 0 -2 0 0 -2 -3 2 3 -2 -4 -2 0
checker 2 opponent 4 1 0 2 4 2 -2 -2 3 2 0 0 2 -1 0 0 0 0 0 0 0 0 -2 -2 -2 -2 -2 0
checker 2 player 1 1 0 2 2 2 2 2 0 0 0 0 0 0 0 0 1 -2 0 0 0 -4 2 2 -3 -4 -2 0
checker 2 opponent 3 3 0 2 4 3 -2 -2 4 0 0 0 2 0 0 0 0 -1 0 0 0 0 -2 -2 -2 -2 -2 0
checker 2 player 6 2 0 2 2 2 2 2 0 0 0 0 1 0 0 0 0 0 0 0 -2 -2 2 2 -5 -4 -2 0
checker 2 opponent 6 5 0 2 4 5 -2 -2 2 2 0 0 0 0 0 0 0 0 0 0 0 0 -2 -2 -2 -3 -2 0
checker 2 player 6 1 0 2 3 2 2 2 0 0 0 0 0 0 0 0 0 0 0 0 0 -2 2 2 -5 -5 -3 0
checker 2 opponent 4 2 0 0 0 2 -3 -2 2 3 2 2 0 0 -2 2 0 0 0 -3 0 -3 2 0 -2 0 0 0
checker 2 player 5 4 0 0 0 2 0 0 3 -1 3 -1 0 0 -2 2 0 0 -2 -2 -3 -2 2 3 -2 0 0 0
checker 2 opponent 1 1 0 0 0 2 -3 -2 2 3 2 2 0 0 0 2 0 0 -1 -4 1 -3 0 0 -2 0 0 1
checker 2 player 4 4 0 -1 0 2 0 0 3 -1 4 1 0 0 0 -2 0 0 -2 -2 -2 -3 2 3 -2 0 0 0
checker 2 player 6 1 1 1 0 2 2 0 3 -1 2 0 0 0 0 -2 0 0 -2 -2 -2 -3 2 3 -2 0 0 0
cube 2 player - - 2 1 0 2 2 0 3 1 1 0 0 0 0 -2 0 1 -2 -2 -2 -3 2 2 -2 0 0 0
checker 2 player 4 1 2 1 0 2 2 0 3 1 1 0 0 0 0 -2 0 1 -2 -2 -2 -3 2 2 -2 0 0 0
cube 2 player - - 2 2 0 2 2 0 2 1 1 0 0 0 0 -2 0 1 -2 -2 -2 -3 2 2 -2 0 0 0
checker 2 player 2 1 2 2 0 2 2 0 2 1 1 0 0 0 0 -2 0 1 -2 -2 -2 -3 2 2 -2 0 0 0
checker 2 player 4 1 0 0 0 0 2 2 2 1 1 0 0 0 -2 2 0 -2 -3 -3 -2 -2 2 2 -1 0 1 0
checker 2 opponent 6 2 0 -1 0 1 -2 -2 2 2 3 3 2 0 -1 2 0 0 -1 0 -2 -2 -2 -2 0 0 0 0
checker 2 player 6 5 0 0 0 0 2 2 2 2 0 1 0 0 -2 1 0 -2 -2 -2 -2 -3 2 2 -2 0 1 0
checker 2 opponent 5 3 0 -1 0 2 -2 -2 3 2 2 2 2 0 0 2 0 0 0 -1 -2 -2 -2 -2 -1 0 0 0
checker 2 player 3 2 0 0 0 1 2 2 2 2 1 0 0 0 0 0 0 -3 -2 -3 -2 -3 2 2 -2 0 1 0
checker 2 opponent 5 2 0 -1 0 2 -2 -2 3 2 3 2 3 0 0 0 0 0 0 0 -2 -2 -2 -2 -2 0 0 0
checker 2 player 5 3 0 0 0 2 2 2 2 2 0 0 0 0 0 0 0 -2 -2 -3 -2 -3 2 2 -3 0 1 0
checker 2 opponent 6 3 0 -1 0 3 -2 -2 3 2 3 2 2 0 0 0 0 0 0 0 0 -2 -2 -3 -2 -1 0 0
checker 2 player 3 3 0 0 1 2 3 2 2 0 0 0 0 0 0 0 0 -2 0 -3 -2 -4 2 2 -4 0 1 0
checker 2 opponent 4 1 0 0 0 4 -3 -2 4 2 3 0 2 0 0 0 0 0 0 0 0 -2 -1 -1 -2 -2 -2 0
checker 2 player 5 4 0 2 2 2 1 1 2 0 0 0 0 0 0 0 0 -2 0 -3 -2 -3 2 3 -3 -2 0 0
checker 2 opponent 5 2 0 0 2 3 -2 -2 3 2 3 0 2 0 0 -1 0 0 0 0 0 -2 -1 -1 -2 -2 -2 0
checker 2 player 4 2 0 2 2 2 1 1 2 0 0 0 0 0 1 0 0 -2 0 -2 -2 -3 2 2 -3 -2 -1 0
checker 2 opponent 3 2 0 1 2 3 -2 -2 3 2 2 0 2 0 0 0 0 0 0 -1 0 -1 -1 -2 -2 -2 -2 0
checker 2 player 6 6 0 2 2 2 2 1 1 0 1 0 0 0 0 0 0 0 0 -3 -3 -3 2 2 -3 -2 -1 0
checker 2 opponent 5 4 0 -1 0 0 -2 -3 3 2 3 2 2 0 -2 2 0 0 0 -2 -1 -2 0 -2 0 1 0 0
checker 2 player 4 1 0 0 0 0 2 0 2 -1 2 0 0 0 -2 2 0 -2 -2 -3 -2 -2 3 2 0 -1 1 1
checker 2 opponent 1 1 0 -2 1 0 -2 -3 2 2 3 2 2 0 -1 2 0 0 -1 -2 1 -2 0 -2 0 0 0 0
checker 2 player 6 3 0 0 0 0 2 0 2 -1 2 1 0 0 0 0 -2 -2 -2 -3 -2 -2 3 2 0 -1 2 1
checker 2 opponent 3 2 0 -2 1 -1 -2 -3 2 2 3 2 2 2 0 0 0 0 0 -2 1 -2 0 -2 -1 0 0 0
checker 2 player 4 2 0 0 0 1 2 0 2 -1 2 0 0 0 0 0 -2 -2 -2 -2 -2 -2 3 2 -1 -1 2 1
checker 2 opponent 2 2 0 -2 1 1 -3 -3 2 2 2 2 2 2 0 0 0 0 0 -2 1 -1 0 -3 -1 0 0 0
checker 2 player 4 4 0 0 0 1 3 0 1 0 2 0 0 0 0 0 -2 -3 -2 -2 -2 -2 3 3 -1 -1 2 0
checker 2 opponent 5 2 0 0 1 1 -3 -5 2 2 2 2 3 2 0 0 0 0 0 -1 0 0 0 -4 -1 -1 0 0
checker 2 opponent 4 2 0 0 1 2 -3 -5 2 2 2 2 2 2 0 0 0 0 0 0 0 0 0 -4 -2 -1 0 0
checker 2 player 4 1 0 0 1 2 4 0 0 0 0 0 0 0 0 0 -1 -2 -2 -2 -3 -2 5 3 -1 -1 -1 0
checker 2 opponent 6 4 0 1 1 1 -3 -5 2 3 2 2 2 1 0 0 0 0 0 0 0 0 0 -3 -3 -1 0 0
checker 2 player 6 3 0 0 1 3 3 0 0 0 0 0 0 0 0 0 0 -2 -2 -2 -3 -2 5 3 -1 -1 -2 0
checker 2 opponent 3 1 0 2 1 1 -3 -4 2 3 2 2 2 0 0 0 -1 0 0 0 0 0 0 -3 -3 -1 0 0
checker 2 player 3 1 0 0 1 3 3 0 0 0 0 0 0 1 0 0 0 0 -3 -2 -4 -2 4 3 -1 -1 -2 0
checker 2 opponent 6 5 0 2 1 1 -3 -4 2 4 2 3 0 0 0 0 0 0 0 -1 0 0 0 -3 -2 -2 0 0
checker 2 player 2 2 0 0 2 2 3 0 0 0 1 0 0 0 0 0 0 0 -2 -2 -3 -2 4 3 -2 -2 -2 0
checker 2 opponent 5 1 0 2 2 2 -3 -4 2 3 2 2 0 0 0 0 0 0 0 0 0 0 0 -2 -2 -4 0 0
checker 2 player 3 1 0 0 4 2 2 0 0 0 0 0 0 0 0 0 0 0 -2 -2 -2 -2 4 3 -2 -2 -3 0
checker 2 opponent 5 4 0 3 2 2 -3 -4 2 2 2 2 0 0 0 0 0 0 0 0 0 0 0 -1 -2 -3 -2 0
checker 2 opponent 1 1 0 3 3 3 -3 -4 2 0 2 2 0 0 0 0 0 0 0 0 0 0 0 -1 -2 -3 -2 0
checker 2 player 2 2 0 2 3 2 1 0 0 0 0 0 0 0 0 0 0 0 -2 0 0 -4 4 3 -3 -3 -3 0
checker 2 player 6 2 0 0 2 0 2 2 2 2 0 0 0 0 -2 0 0 -2 -2 -2 -3 -4 2 3 0 0 0 0
checker 2 player 4 1 0 0 0 2 0 -2 3 0 3 0 0 0 -2 2 0 0 -2 -2 -3 -2 2 3 -2 0 0 0
checker 2 opponent 6 2 0 0 0 2 -2 -3 2 3 2 2 0 0 -2 2 0 0 0 -2 0 -3 2 -1 -2 0 0 0
checker 2 player 5 3 0 0 0 2 1 0 3 -1 2 0 0 -1 -2 2 0 0 -2 -2 -3 -2 3 2 -2 0 0 0
checker 2 opponent 3 1 0 0 0 2 -2 -2 2 3 2 2 -1 0 -2 2 1 0 0 -1 1 -3 -1 -1 -2 0 0 0
checker 2 opponent 6 1 1 0 0 2 -3 -2 2 3 2 2 1 0 -2 1 1 0 0 1 0 -3 -1 -1 -2 0 0 0
checker 2 player 4 4 0 0 0 2 1 1 3 0 0 0 0 -1 -1 2 0 -2 -2 -2 -3 -2 2 3 -2 0 0 1
checker 2 opponent 5 2 0 0 0 2 -4 -2 2 3 2 2 2 0 0 1 1 0 -1 0 0 -3 -2 -1 -2 0 0 0
checker 2 player 4 2 0 0 0 2 1 2 3 0 0 1 0 -1 0 0 0 -2 -2 -2 -3 -3 2 4 -2 0 0 0
checker 2 opponent 5 3 0 0 0 2 -4 -2 3 3 2 2 2 0 0 0 1 0 0 0 0 -2 -3 -2 -2 0 0 0
checker 2 player 2 2 0 0 0 2 2 3 2 0 0 0 0 0 0 0 0 -2 -2 -2 -3 -4 2 4 -2 0 0 0
checker 2 opponent 3 1 0 0 0 2 -4 -2 4 3 2 2 2 0 0 0 0 0 0 0 0 0 -3 -2 -2 -2 0 0
checker 2 player 4 2 0 0 2 2 2 3 0 0 0 0 0 0 0 0 0 -2 -2 -2 -3 -3 2 4 -2 -1 0 0
checker 2 opponent 4 2 0 0 1 2 -4 -2 3 3 2 2 2 0 0 0 0 0 0 0 0 0 -2 -2 -1 -2 -2 0
checker 2 opponent 6 3 0 1 1 2 -4 -2 3 2 2 2 2 0 0 0 0 0 0 0 0 0 -2 -2 -1 -2 -2 0
checker 2 player 3 2 0 2 2 1 2 2 0 0 0 0 0 0 0 0 0 -1 -2 -2 -2 -3 2 4 -2 -1 -2 0
checker 2 opponent 2 1 0 2 1 2 -4 -2 3 2 2 2 1 0 0 0 0 0 0 0 0 0 0 -2 -2 -3 -2 0
checker 2 player 6 5 0 2 3 2 2 0 0 0 0 0 0 0 0 0 0 0 -2 -2 -3 -3 2 4 -2 -1 -2 0
checker 2 opponent 5 3 0 2 1 2 -3 -2 3 3 2 2 0 0 0 0 0 -1 0 0 0 0 0 -2 -2 -3 -2 0
checker 2 player 6 2 0 2 3 2 2 0 0 0 0 0 1 0 0 0 0 0 -2 -2 -2 -2 2 3 -3 -2 -2 0
checker 2 opponent 2 1 0 2 2 3 -2 -2 2 2 2 2 0 0 -1 0 0 -1 0 0 0 0 0 -2 -2 -3 -2 0
checker 2 player 5 3 0 2 3 2 2 0 0 0 0 0 1 0 0 1 0 0 -2 0 -3 -3 2 2 -3 -2 -2 0
checker 2 opponent 5 3 0 2 2 3 -2 -2 3 3 0 2 0 0 0 0 0 -1 0 0 0 0 -1 -2 -2 -3 -2 0
checker 2 player 3 2 0 2 3 2 2 1 0 0 0 0 1 0 0 0 0 0 -2 0 -2 -2 2 2 -4 -3 -2 0
checker 2 opponent 5 2 0 2 3 4 -2 -2 2 2 0 2 0 0 0 0 0 0 0 0 0 0 -2 -2 -2 -3 -2 0
checker 2 player 6 2 0 2 3 2 2 2 0 0 0 0 0 0 0 0 0 0 -1 0 -2 -2 2 2 -4 -4 -2 0
checker 2 opponent 2 2 0 -1 0 0 -2 -2 3 2 3 2 2 0 -2 3 0 0 0 -1 0 -1 -2 -2 -2 0 0 0
checker 2 player 3 1 0 0 0 2 2 2 1 0 1 0 0 0 0 2 -2 -2 -3 -3 -2 -3 2 2 0 0 1 0
checker 2 opponent 5 2 0 -1 0 0 -2 -2 3 2 3 3 2 2 0 -1 0 -1 0 -1 0 -1 -2 -2 -2 0 0 0
checker 2 player 3 1 0 0 0 2 2 2 1 0 1 0 1 0 1 0 -2 -2 -2 -3 -3 -2 2 2 0 0 -1 1
checker 2 opponent 4 4 0 1 0 -1 -2 -2 2 3 3 2 2 2 0 -1 0 -1 0 0 -1 -1 -2 -2 -2 0 0 0
checker 2 player 6 2 0 0 0 2 2 2 1 1 0 0 1 0 1 0 0 0 -2 -3 -5 -4 2 2 1 0 -1 0
checker 2 opponent 5 4 0 1 0 -1 -2 -2 4 5 3 2 0 0 0 0 0 0 0 -1 -1 -2 -2 -2 -2 0 0 0
checker 2 player 6 5 0 0 0 2 2 2 2 1 1 0 0 0 0 0 0 0 -2 -3 -4 -3 2 2 1 -2 -1 0
checker 2 opponent 3 1 0 1 2 -1 -2 -2 3 4 3 2 0 0 0 0 0 0 0 0 0 -2 -2 -2 -2 -2 0 0
checker 2 player 2 1 0 0 2 2 2 2 2 0 0 0 0 0 0 0 0 0 0 -4 -4 -4 2 2 1 -2 -1 0
checker 2 opponent 4 4 0 1 2 -1 -2 -2 4 4 4 0 0 0 0 0 0 0 0 0 0 -2 -2 -1 -2 -2 -1 0
checker 2 player 5 5 0 1 2 2 1 2 2 0 0 0 0 0 0 0 0 0 0 -4 0 -4 2 2 -4 -2 -1 1
checker 2 player 5 4 0 1 2 2 1 3 2 0 0 0 0 0 0 0 0 0 0 0 0 -4 2 2 -4 -6 -1 0
checker 2 player 6 1 0 0 2 0 2 2 2 2 0 0 0 0 -2 0 0 -2 -2 -4 -2 -3 2 3 0 0 0 0
checker 2 opponent 6 6 0 0 0 0 -2 -2 3 2 4 2 2 -1 0 2 0 0 0 0 -2 -2 -2 -2 0 -2 0 0
checker 2 player 6 3 0 0 2 0 2 2 2 2 0 0 0 0 0 0 1 -2 -2 -2 -4 -3 2 2 0 -2 0 0
checker 2 opponent 3 2 0 0 2 0 -2 -2 3 4 2 2 2 0 0 0 0 0 0 -1 -1 -2 -2 -3 0 -2 0 0
checker 2 player 6 1 0 0 2 0 3 2 2 1 1 0 0 0 0 0 0 0 -2 -3 -5 -3 2 2 0 -2 0 0
checker 2 opponent 4 1 0 0 2 0 -2 -2 3 5 3 2 0 0 0 0 0 0 0 -1 0 -2 -2 -2 -1 -2 -1 0
checker 2 player 6 1 0 1 2 1 2 2 2 0 1 0 0 0 0 0 0 0 -2 -3 -3 -4 2 2 -1 -2 0 0
checker 2 player 1 1 0 0 -1 0 2 0 2 1 2 0 0 0 -2 2 0 -2 -2 -3 -2 -3 3 2 0 0 1 0
checker 2 opponent 6 1 0 0 -1 0 -2 -3 3 2 3 2 2 0 -2 2 0 0 0 -2 -1 -1 -1 -1 0 -1 0 1
checker 2 player 5 4 0 -1 1 0 1 1 1 1 2 0 0 0 -1 2 0 -2 -2 -3 -3 -3 3 2 0 1 0 0
checker 2 opponent 4 1 0 0 -1 0 -2 -3 3 3 3 2 2 0 0 1 0 0 -1 -3 -1 -1 -1 -1 0 -1 1 0
checker 2 player 6 4 0 -1 1 0 1 1 1 1 3 1 0 0 -1 0 0 -2 -2 -3 -3 -2 3 2 0 0 -1 1
checker 2 opponent 6 3 0 1 0 0 -3 -2 2 3 3 2 2 -1 0 1 0 0 -1 -3 -1 -1 -1 -1 0 -1 1 0
checker 2 player 5 1 0 0 1 0 1 1 1 0 3 1 -1 0 -1 0 1 -2 -2 -3 -3 -2 2 3 0 0 -1 1
checker 2 opponent 5 1 0 -1 0 0 -3 -2 2 3 3 2 2 0 0 1 0 1 -2 -3 0 -1 -1 -1 0 -1 0 1
checker 2 player 4 2 0 -1 1 0 1 1 1 0 3 2 -1 0 -1 0 0 -2 -2 -2 -3 -2 2 3 -1 0 1 0
checker 2 opponent 3 1 0 0 0 1 -3 -3 2 3 2 2 2 0 0 1 0 1 -2 -2 0 -2 -1 -1 0 -1 1 0
checker 2 opponent 6 1 0 0 -1 1 -4 -3 2 3 2 2 2 0 0 1 0 1 -2 -2 0 -2 1 0 0 -1 0 0
checker 2 player 4 1 0 0 1 0 0 0 2 0 2 2 -1 -1 -1 0 0 -2 -2 -2 -3 -2 3 4 0 -1 0 1
checker 2 opponent 6 5 0 -1 1 0 -4 -3 2 3 2 2 2 0 0 1 1 1 -2 -1 0 -2 0 -1 0 -1 0 0
checker 2 player 4 3 0 0 1 0 1 0 2 0 1 2 0 -1 0 0 0 -2 -3 -3 -3 -2 3 4 0 -1 1 0
checker 2 opponent 4 3 0 -1 1 0 -4 -3 2 3 3 3 2 0 0 0 1 0 -1 0 0 -2 -2 -1 0 -1 0 0
checker 2 player 4 4 0 0 1 0 1 2 2 0 0 1 0 0 0 0 0 -3 -2 -3 -3 -3 3 4 0 -1 1 0
checker 2 opponent 4 4 0 0 1 0 -4 -4 3 3 3 2 3 0 0 0 0 0 0 0 0 -1 -2 -1 0 -2 -1 0
checker 2 player 4 3 0 1 2 0 1 2 1 0 0 0 0 0 0 0 0 0 -2 -3 -3 -5 4 4 0 -2 0 0
checker 2 opponent 5 1 0 0 2 0 -4 -4 5 3 3 2 0 0 0 0 0 0 0 0 0 0 -1 -1 -1 -2 -2 0
checker 2 opponent 4 4 0 0 2 1 -4 -4 6 2 2 2 0 0 0 0 0 0 0 0 0 0 0 0 -1 -2 -4 0
checker 2 player 6 3 0 4 2 1 0 0 0 0 0 0 0 0 0 0 0 0 -2 -2 0 -4 4 4 -3 -4 0 0
checker 2 opponent 5 2 0 0 4 3 -4 -3 4 0 2 2 0 0 0 0 -1 0 0 0 0 0 0 0 -1 -2 -4 0
checker 2 player 6 5 0 4 2 1 0 0 0 0 0 0 0 1 0 0 0 0 -2 0 0 -5 3 4 -4 -4 0 0
checker 2 opponent 4 3 0 0 4 4 -3 -3 5 0 0 2 0 0 0 0 -1 -1 0 0 0 0 0 0 -1 -2 -4 0
checker 2 player 6 1 0 4 2 1 0 0 0 0 0 0 1 1 0 0 0 0 -1 0 0 -5 3 3 -4 -5 0 0
checker 2 opponent 3 1 0 0 5 4 -2 -3 5 0 0 1 -1 0 0 0 0 -2 0 0 0 0 0 0 -1 -2 -4 0
checker 2 player 2 1 0 4 2 1 0 0 0 0 0 0 2 0 0 0 0 1 0 0 0 -6 3 2 -4 -4 -1 0
checker 2 opponent 3 2 0 1 4 4 -2 -3 6 0 0 0 0 0 -1 0 0 -1 -1 0 0 0 0 0 -1 -2 -4 0
checker 2 player 4 4 0 4 2 1 0 0 0 0 0 1 1 0 0 1 0 0 0 0 0 -6 3 2 -3 -3 -1 0
checker 2 opponent 2 1 0 1 3 3 -2 -2 6 0 0 0 0 0 -1 -1 0 0 0 0 0 -1 -1 0 -1 -2 -4 0
checker 2 player 3 2 0 4 2 1 0 1 1 0 0 0 0 0 1 1 0 0 0 0 0 -6 2 2 -3 -2 0 0
checker 2 opponent 5 2 0 0 2 3 -2 -2 6 0 0 0 0 0 0 0 0 -2 0 0 0 -1 -1 0 -1 -2 -4 0
checker 2 player 4 2 0 4 2 1 0 1 1 0 0 0 2 0 0 0 0 0 0 0 0 -5 2 2 -2 -2 -2 0
checker 2 opponent 5 3 0 2 2 2 -2 -2 5 0 0 0 0 0 0 0 0 -1 0 0 0 -2 0 0 -2 -2 -4 0
checker 2 player 6 1 0 4 2 2 0 0 2 0 0 0 1 0 0 0 0 0 0 0 0 -4 2 2 -1 -2 -3 0
checker 2 player 4 2 0 0 0 0 2 2 2 1 1 0 0 0 -2 2 0 -2 -3 -3 -2 -2 2 2 0 0 -1 1
checker 2 opponent 3 2 0 1 -1 0 -2 -2 2 2 3 3 2 0 -2 2 0 0 0 -1 0 -2 -2 -2 -1 0 0 0
checker 2 player 6 2 0 0 0 1 2 2 2 0 1 0 0 0 -2 2 0 -2 -2 -2 -2 -4 2 2 0 1 -1 0
checker 2 opponent 3 1 0 1 -1 0 -2 -2 4 2 2 2 2 0 0 2 -1 0 0 -1 -1 -2 -2 -2 -1 0 0 0
checker 2 player 6 6 0 0 0 1 2 2 2 1 1 0 0 1 -2 0 0 0 -3 -2 -3 -4 2 2 0 1 -1 0
checker 2 opponent 6 1 0 0 0 0 -3 -2 3 2 3 2 2 0 0 3 0 0 0 0 -2 -2 -2 -2 0 -2 0 0
checker 2 player 4 2 0 0 2 0 2 2 2 2 0 0 0 0 -2 0 0 -2 -2 -2 -4 -3 2 3 0 0 0 0
checker 2 opponent 3 2 0 0 0 0 -3 -2 3 4 2 2 2 0 0 2 0 0 0 0 0 -2 -3 -2 -1 -2 0 0
checker 2 player 2 2 0 0 2 1 2 3 2 0 0 0 0 0 -1 0 0 -2 -2 -3 -4 -3 2 3 0 0 0 0
checker 2 opponent 6 3 0 0 0 0 -3 -2 3 4 3 2 2 0 0 1 0 0 0 0 0 0 -2 -3 -2 -3 0 0
checker 2 player 2 2 0 0 3 2 3 2 0 0 0 0 0 0 0 0 0 -3 -2 -3 -3 -3 2 3 0 0 -1 0
checker 2 opponent 5 4 0 1 0 0 -3 -2 3 3 3 2 3 0 0 0 0 0 0 0 0 0 0 -3 -2 -3 -2 0
checker 2 opponent 5 3 0 -1 0 0 -2 -3 3 2 3 2 2 0 -2 2 0 0 0 -2 -1 -2 0 -2 0 1 0 0
checker 2 player 2 1 0 0 0 0 2 -1 2 1 2 0 0 0 -2 2 0 -2 -2 -3 -2 -2 3 2 0 0 -1 1
checker 2 opponent 6 2 0 1 -1 0 -2 -3 2 2 3 2 2 0 -2 2 0 0 0 -2 -1 -1 -1 -2 0 0 0 1
checker 2 player 6 5 0 0 -1 0 2 1 1 1 2 0 0 0 -1 2 0 -2 -2 -3 -3 -2 3 2 0 1 -1 0
checker 2 opponent 6 1 0 1 -1 0 -2 -2 2 3 3 2 2 0 -2 1 0 0 -1 -2 -1 -1 -1 -2 0 1 0 0
checker 2 opponent 6 3 1 1 -1 0 -2 -2 2 3 3 2 2 0 -2 1 0 0 1 -2 -1 -1 -1 -2 0 0 0 0
checker 2 opponent 6 2 0 1 -1 0 -3 -2 2 3 2 2 3 0 -2 0 0 0 1 -2 -1 -1 -1 -2 0 0 0 1
checker 2 player 5 2 0 0 0 0 2 1 -1 1 2 0 0 -1 0 2 0 -3 -2 -2 -3 -2 2 3 0 1 -1 1
checker 2 opponent 5 2 0 1 -2 0 -3 -2 2 3 2 2 3 0 -1 0 1 0 0 -3 -1 1 -1 -2 0 0 0 0
checker 2 player 4 1 0 0 0 0 2 1 -1 1 3 0 0 -1 0 1 0 -2 -2 -2 -3 -2 2 3 -1 2 -1 0
checker 2 opponent 6 3 0 1 -2 1 -2 -3 2 3 2 2 2 0 0 0 1 0 -1 -3 -1 1 -1 -2 0 0 0 0
checker 2 player 5 2 0 0 0 0 2 1 -1 1 3 1 0 0 0 0 -1 -2 -2 -2 -2 -2 3 2 -1 2 -2 0
checker 2 opponent 6 1 0 2 -2 1 -2 -3 2 2 2 2 2 1 0 0 0 0 -1 -2 0 1 -2 -2 -1 0 0 0
checker 2 opponent 6 2 0 2 -2 1 -2 -3 2 2 2 2 2 1 1 0 0 0 0 0 0 0 -2 -3 -3 0 0 0
checker 2 player 5 3 0 0 0 3 3 2 0 0 0 0 0 0 0 0 0 -2 -3 -2 -2 -3 3 2 -1 2 -2 0
checker 2 opponent 6 6 0 2 -2 1 -2 -3 3 2 2 3 2 0 0 0 0 0 0 0 0 0 -2 -2 -3 0 -1 0
checker 2 player 6 3 0 1 0 3 2 2 0 0 0 0 0 0 0 0 0 -2 0 -2 -1 -3 3 2 -4 2 -3 0
checker 2 player 1 1 0 1 0 3 2 2 0 0 0 0 0 1 0 0 0 0 0 -2 0 -5 2 2 -5 2 -3 0
checker 2 opponent 5 4 0 3 -2 5 -2 -2 5 0 2 0 0 0 0 0 0 0 -1 0 0 0 -2 -2 -2 0 -2 0
checker 2 player 5 3 0 2 0 2 2 2 0 0 0 1 0 0 0 0 0 0 0 -2 0 -4 2 2 -5 2 -4 0
checker 2 opponent 1 1 0 0 0 2 -3 -2 2 3 2 2 0 0 -2 2 0 0 0 -3 0 -3 2 0 -2 0 0 0
checker 2 player 5 4 0 0 0 2 0 -2 3 0 3 0 0 0 -2 2 0 0 -2 -2 -3 -2 2 3 0 0 -2 0
checker 2 opponent 5 1 0 0 0 2 -3 -2 2 3 2 2 0 0 0 2 0 0 -1 -4 0 -3 2 0 -2 0 0 0
checker 2 player 6 2 0 0 0 2 0 -1 3 0 4 1 0 -1 -2 0 0 0 -2 -2 -3 -2 2 3 -2 0 0 0
checker 2 opponent 5 3 0 0 0 2 -2 -2 2 3 2 2 -1 0 0 2 1 0 -1 -3 0 -4 1 0 -2 0 0 0
checker 2 player 6 4 0 0 0 2 0 0 4 0 3 1 -1 -1 -1 0 0 -1 -2 -2 -3 -2 2 2 -2 0 0 1
checker 2 opponent 4 1 0 0 0 2 -2 -2 2 3 2 2 -1 0 0 1 1 1 -1 -3 0 -4 0 0 -2 0 0 1
checker 2 player 6 5 0 -1 0 2 0 0 4 0 3 1 -1 0 -1 0 0 -1 -2 -2 -3 -2 2 2 -2 0 0 1
checker 2 opponent 6 2 0 0 0 2 -2 -3 2 3 2 2 1 0 0 0 0 0 -1 -3 0 -4 0 0 -2 0 3 0
checker 2 player 6 5 0 -2 0 2 0 0 4 0 3 -1 0 0 0 0 0 -1 -2 -2 -3 -2 3 2 -2 0 0 1
checker 2 opponent 6 3 0 -1 0 0 -2 -2 3 2 3 2 2 0 -1 3 0 0 0 -1 -2 -2 -2 -2 0 0 0 0
checker 2 player 4 2 0 0 0 0 2 2 2 2 1 0 0 0 -2 1 0 -2 -2 -3 -3 -2 2 2 -1 0 1 0
checker 2 opponent 6 2 0 0 0 -1 -2 -2 2 3 3 2 2 0 0 2 0 0 -1 -1 -2 -2 -2 -2 0 0 0 1
checker 2 player 4 2 0 0 0 0 2 2 2 2 -1 1 0 0 -2 0 0 -2 -2 -3 -3 -2 2 2 1 0 0 1
checker 2 opponent 5 2 0 0 -1 -1 -2 -2 2 3 3 2 2 0 0 2 0 0 -1 1 -1 -2 -2 -2 -1 0 0 0
checker 2 player 5 2 0 0 0 1 2 2 2 1 0 1 0 0 -2 -1 0 -2 -2 -2 -3 -3 2 2 1 1 0 0
checker 2 opponent 4 2 0 0 -1 0 -2 -3 3 3 2 2 2 0 1 2 0 0 0 0 -1 -2 -2 -3 -1 0 0 0
checker 2 player 6 6 0 0 0 1 3 2 2 1 0 0 0 0 -1 0 0 -3 -3 -2 -3 -3 3 2 0 1 0 0
checker 2 player 5 5 0 0 0 -1 2 0 2 1 2 0 0 0 -2 2 0 -2 -2 -3 -2 -2 3 2 0 -1 1 0
checker 2 opponent 2 1 0 -1 1 0 -2 -3 2 2 3 2 2 0 0 2 0 0 0 -2 -1 -2 0 -2 -2 0 0 1
checker 2 player 2 1 0 0 -1 2 2 0 2 1 2 0 0 0 -2 0 0 -2 -2 -2 -3 -2 3 2 0 -1 1 0
checker 2 opponent 2 1 0 -1 1 0 -2 -3 2 3 2 2 2 0 0 2 0 0 0 -2 0 -1 -2 -2 -2 1 0 0
checker 2 player 3 2 0 0 -1 2 2 2 1 0 2 0 0 0 -1 0 0 -3 -2 -2 -3 -2 3 2 0 -1 1 0
checker 2 opponent 3 2 0 -1 1 0 -2 -3 2 3 2 2 3 0 0 1 0 0 0 0 0 -2 -3 -2 -2 1 0 0
checker 2 player 4 1 0 0 -1 2 2 3 2 0 0 0 0 0 0 0 0 -3 -2 -3 -3 -2 3 2 0 -1 1 0
checker 2 opponent 2 1 0 0 1 0 -2 -4 2 3 3 2 3 0 0 0 0 0 0 0 0 -2 -2 -3 -2 1 0 0
checker 2 player 3 1 0 0 -1 2 3 2 2 0 0 0 0 0 0 0 0 -3 -2 -2 -3 -3 4 2 0 0 -1 0
checker 2 opponent 3 1 0 1 0 0 -2 -4 3 3 2 2 3 0 0 0 0 0 0 0 0 0 -3 -3 -3 1 0 0
checker 2 player 1 1 0 0 -1 3 3 3 0 0 0 0 0 0 0 0 0 -2 -3 -2 -3 -2 4 2 -1 0 -1 0
checker 2 opponent 6 3 0 1 0 1 -2 -4 2 3 2 3 2 0 0 0 0 0 0 0 0 0 -2 -3 -2 -2 0 1
checker 2 opponent 3 2 0 1 0 1 -2 -4 3 3 2 2 2 0 0 0 0 0 0 0 0 1 0 -3 -2 -2 -2 0
checker 2 player 6 2 0 2 2 2 3 0 -1 0 0 0 0 0 0 0 0 -2 -2 -2 -3 -2 4 2 -1 0 -2 0
checker 2 opponent 4 4 0 2 0 1 -2 -3 2 3 2 2 2 0 0 -1 0 0 0 0 0 1 0 -3 -2 -2 -2 0
checker 2 player 3 1 0 2 2 2 3 0 -1 0 0 0 0 0 1 0 0 0 -2 -2 -2 -3 3 2 -2 -1 -2 0
checker 2 opponent 2 1 0 2 1 2 -2 -3 3 2 2 2 0 0 0 0 0 0 0 -1 0 1 0 -3 -2 -2 -2 0
checker 2 opponent 6 6 1 2 2 1 -2 -3 3 2 2 2 0 0 0 0 0 0 0 1 0 0 0 -3 -2 -2 -2 0
checker 2 player 5 4 0 2 2 2 3 0 0 0 -1 0 0 0 0 0 0 0 0 0 -2 -3 3 2 -3 -4 -2 1
checker 2 opponent 5 5 0 2 4 3 -3 -2 3 2 0 0 -1 0 0 0 0 0 0 1 0 0 0 -3 -2 -2 -2 0
checker 2 player 2 2 0 2 2 2 3 0 0 0 0 0 0 0 0 0 0 1 0 0 -2 -2 2 3 -3 -5 -3 0
checker 2 opponent 4 2 0 3 5 3 -3 -2 2 2 0 0 0 0 0 0 0 0 0 0 -1 0 0 -3 -2 -2 -2 0
checker 2 player 5 4 0 2 2 2 3 0 0 1 0 0 0 0 0 0 0 0 0 0 -1 -2 2 3 -3 -5 -4 0
checker 2 opponent 4 2 0 4 5 3 -2 -2 2 1 0 0 0 0 0 -1 0 0 0 0 -1 0 0 -3 -2 -2 -2 0
checker 2 player 3 3 0 2 2 2 3 0 0 1 0 0 0 0 1 0 0 0 0 0 0 -2 2 2 -4 -4 -4 0
checker 2 opponent 4 4 0 0 0 0 -3 -2 3 2 3 2 2 0 0 3 0 0 0 0 -2 -2 -2 -2 0 -2 0 0
checker 2 player 6 3 0 0 2 0 2 2 2 2 0 0 0 0 0 0 0 -2 -5 -3 -2 -2 2 3 0 -1 0 0
checker 2 player 4 3 0 0 0 0 2 0 2 -1 2 0 0 0 -1 2 -1 -2 -2 -3 -2 -3 3 2 0 0 1 1
checker 2 opponent 5 5 0 -1 0 -1 -2 -3 3 2 3 2 2 1 -1 1 0 0 -1 -2 1 -2 0 -2 0 0 0 0
checker 2 opponent 4 1 1 1 0 -1 -2 -3 3 2 3 2 2 0 -1 0 0 0 -1 -2 1 -2 0 -2 0 0 0 1
checker 2 player 6 2 0 0 0 0 2 -1 2 -1 2 1 0 0 0 1 0 -2 -2 -3 -2 -3 3 2 1 0 -1 1
checker 2 opponent 6 4 0 1 -1 -1 -2 -2 3 2 3 2 2 -1 -1 0 0 0 -1 -2 1 -2 1 -2 0 0 0 0
checker 2 opponent 4 3 0 1 1 -2 -3 -2 2 2 3 2 2 -1 1 0 0 0 -1 -2 0 -2 1 -2 0 0 0 0
checker 2 player 3 1 0 0 0 0 2 0 2 0 2 -1 0 0 0 0 1 -2 -3 -3 -2 -2 2 3 2 -1 -1 1
checker 2 opponent 4 3 0 1 1 -3 -2 -3 2 2 3 3 2 -1 0 0 0 0 1 -2 0 -2 0 -2 0 0 0 0
checker 2 player 6 2 0 0 0 0 2 0 2 0 2 0 0 0 0 -1 1 -2 -2 -3 -2 -3 3 2 3 -1 -1 0
checker 2 opponent 6 5 0 1 1 -2 -2 -3 3 2 3 2 2 -2 1 0 0 0 0 -2 0 -2 0 -2 0 0 0 0
checker 2 player 5 1 0 0 0 0 2 0 2 0 2 0 0 0 0 -1 2 -2 -2 -2 -2 -2 3 2 2 -2 -2 0
checker 2 opponent 6 4 0 2 2 -2 -2 -3 2 2 2 2 2 -1 1 0 0 0 -1 -1 -1 -2 0 -2 0 0 0 0
checker 2 player 6 6 0 0 0 0 2 0 2 1 1 1 0 0 0 0 1 -1 -2 -2 -2 -4 3 2 2 -2 -2 0
checker 2 player 5 4 0 0 0 0 2 2 2 1 1 0 0 0 -2 2 0 -2 -2 -3 -3 -2 2 2 0 0 -1 1
checker 2 opponent 3 2 0 1 0 0 -2 -3 2 3 3 2 2 0 -2 2 0 0 0 -1 0 -2 -2 -2 -1 0 0 0
checker 2 player 5 2 0 0 0 1 2 2 2 0 1 0 0 0 -2 2 0 -2 -2 -2 -3 -2 3 2 -1 0 -1 0
checker 2 opponent 4 2 0 1 0 1 -2 -3 2 3 2 2 2 0 -1 2 -1 0 0 0 0 -2 -2 -2 -2 0 0 0
checker 2 player 5 4 0 0 0 2 2 2 2 0 0 0 0 1 -2 1 0 0 -2 -3 -3 -3 3 2 -1 0 -1 0
checker 2 opponent 5 2 0 1 0 1 -2 -2 3 3 3 2 -1 0 -1 2 0 0 0 0 -1 -2 -2 -2 -2 0 0 0
checker 2 player 4 2 0 0 0 2 2 2 2 1 0 0 0 0 -2 1 0 1 -2 -2 -2 -4 2 2 -1 -1 -1 0
checker 2 opponent 4 2 0 1 1 1 -2 -2 4 2 2 2 -1 0 0 2 0 0 0 0 -2 -2 -2 -2 -2 0 0 0
checker 2 player 2 1 0 0 0 2 2 2 2 2 0 0 0 0 -2 0 0 1 -2 -2 -2 -3 2 2 0 -2 -2 0
checker 2 opponent 5 3 0 2 2 0 -2 -2 3 2 2 2 0 0 -1 2 0 0 0 0 -1 -3 -2 -2 -2 0 0 0
checker 2 player 3 1 0 0 0 2 2 2 3 1 0 0 0 0 -1 1 0 0 -2 -3 -2 -2 2 2 -1 -2 -2 0
cube 2 player - - 1 0 0 2 2 2 3 1 0 1 0 0 0 0 0 0 -2 -3 -2 -2 2 2 -1 -2 -2 0
checker 2 player 5 3 1 0 0 2 2 2 3 1 0 1 0 0 0 0 0 0 -2 -3 -2 -2 2 2 -1 -2 -2 0
checker 2 player 5 1 0 0 2 0 2 2 2 2 0 0 0 0 -1 0 -2 -2 -2 -3 -2 -3 2 3 0 0 0 0
checker 2 opponent 5 4 0 0 0 0 -2 -3 3 2 3 2 2 2 0 1 0 0 0 0 -2 -1 -2 -2 0 -2 -1 0
checker 2 player 3 1 0 1 2 0 2 2 1 2 0 0 0 0 -1 0 -2 -2 -2 -2 -2 -2 3 2 -1 -1 0 0
checker 2 opponent 5 1 0 0 1 1 -2 -3 2 2 2 2 2 2 0 1 0 0 0 0 -1 -1 -2 -2 -1 -2 -1 0
checker 2 player 5 2 0 1 2 1 2 2 1 1 0 0 0 0 0 0 -2 -2 -2 -2 -3 -2 3 2 -1 -1 0 0
checker 2 opponent 6 3 0 0 1 1 -2 -3 2 3 2 2 2 2 0 0 0 0 0 0 0 0 -3 -2 -1 -2 -2 0
checker 2 opponent 6 4 0 0 2 1 -2 -3 2 3 2 2 2 1 0 0 0 0 0 0 0 0 -2 -2 -1 -2 -3 0
checker 2 player 6 2 0 3 2 1 2 2 0 0 0 0 0 0 0 0 0 -2 -2 -2 -3 -2 3 2 -1 -2 -1 0
checker 2 opponent 5 4 0 1 2 1 -2 -2 2 3 2 2 2 0 0 -1 0 0 0 0 0 0 -2 -2 -1 -2 -3 0
checker 2 player 4 1 0 3 2 1 2 2 0 0 0 0 0 0 1 0 0 -2 -2 -2 -2 -1 2 2 -2 -2 -2 0
checker 2 opponent 6 2 0 2 2 2 -2 -2 0 2 2 2 2 0 -1 0 0 0 0 1 0 0 -2 -2 -1 -2 -3 0
checker 2 opponent 6 2 0 2 2 2 -2 -2 0 2 2 3 2 0 0 0 0 0 0 0 0 0 -2 -2 -2 -2 -3 0
checker 2 player 3 1 0 0 0 2 0 0 3 -1 3 -1 0 0 -2 2 0 0 -2 -2 -3 -2 2 3 -2 0 0 0
checker 2 opponent 5 2 0 0 0 2 -3 -2 2 3 2 2 0 0 -2 2 0 0 1 -2 0 -3 0 -1 -2 0 0 1
checker 2 player 5 1 0 0 0 2 1 -1 3 0 2 0 0 -1 -2 2 0 0 -2 -2 -3 -2 2 3 -2 0 0 0
checker 2 opponent 4 2 0 0 0 2 -2 -2 2 3 2 2 -1 0 -2 2 1 0 0 -2 0 -3 1 -1 -2 0 0 0
checker 2 player 2 2 0 0 0 2 1 0 3 0 2 0 0 -2 -2 2 0 1 -2 -2 -3 -2 2 2 -2 0 0 0
checker 2 opponent 3 1 0 0 0 2 -2 -2 2 3 2 2 0 0 -3 2 2 0 0 0 0 -4 0 -2 -2 0 0 0
checker 2 player 5 1 0 0 0 2 2 0 4 0 0 0 0 0 -3 3 -1 0 -2 -2 -3 -2 2 2 -2 0 0 0
checker 2 opponent 6 4 0 -1 0 0 -2 -2 3 2 3 2 2 0 -2 3 0 0 0 -1 -1 -2 -2 -2 0 0 0 0
checker 2 player 4 1 0 0 0 0 2 2 2 1 1 0 0 0 -2 2 0 -2 -2 -3 -2 -3 2 2 -1 0 1 0
checker 2 opponent 3 2 0 -1 0 1 -2 -2 3 2 3 2 2 0 -1 2 0 0 -1 0 -2 -2 -2 -2 0 0 0 0
checker 2 player 3 2 0 0 0 0 2 2 2 2 0 1 0 0 -2 1 0 -2 -2 -2 -2 -3 2 2 -2 0 1 0
checker 2 opponent 2 1 0 -1 0 2 -2 -2 3 2 2 2 2 0 0 2 0 0 -1 -1 -2 -2 -2 -2 0 0 0 0
checker 2 player 6 2 0 0 0 0 2 2 2 2 1 1 0 0 -2 0 0 0 -3 -3 -2 -3 2 2 -2 0 1 0
checker 2 opponent 5 3 0 -1 0 2 -2 -2 3 2 3 3 0 0 0 2 0 0 0 0 -2 -3 -2 -2 -1 0 0 0
checker 2 player 6 1 0 0 0 1 2 2 3 2 0 0 0 0 -2 0 0 0 -2 -2 -2 -4 2 2 -3 0 1 0
checker 2 player 4 3 0 0 -1 0 2 0 2 1 2 0 0 0 -2 2 0 -2 -2 -3 -2 -3 3 2 0 0 1 0
checker 2 opponent 5 1 0 -1 0 0 -2 -3 3 2 3 2 2 0 0 2 0 -1 -1 -2 -1 -2 0 -2 0 1 0 0
checker 2 player 5 1 0 0 0 -1 2 0 2 1 2 1 1 0 -2 0 0 -2 -2 -3 -2 -2 3 2 0 0 -1 1
checker 2 opponent 1 1 0 1 0 0 -2 -4 2 2 3 2 2 0 0 2 0 0 -2 -2 -1 -2 0 -2 1 0 0 0
checker 2 player 2 2 0 0 0 -1 2 0 2 1 2 2 0 0 0 0 -2 -2 -2 -3 -2 -2 4 2 0 0 -1 0
checker 2 opponent 6 2 0 1 0 0 -2 -4 2 2 3 2 2 2 0 0 0 0 0 -2 -2 -2 -1 -1 1 -1 0 0
checker 2 player 5 3 0 0 1 0 1 -1 2 2 2 0 0 0 0 0 -2 -2 -2 -2 -2 -2 4 2 0 -1 -1 1
checker 2 opponent 5 2 0 1 1 -1 -2 -4 2 2 2 2 2 2 0 0 0 0 0 -2 -2 -1 1 -1 0 -1 -1 0
checker 2 opponent 6 3 0 1 1 -1 -2 -4 2 2 2 2 2 2 0 1 0 0 0 0 0 -1 0 -1 0 -3 -3 0
checker 2 opponent 3 2 0 1 2 -1 -2 -4 2 2 2 2 2 1 0 1 0 0 0 0 0 0 0 0 0 -4 -4 0
checker 2 player 6 1 0 4 4 0 0 0 0 0 0 0 0 0 -1 0 0 -2 -2 -2 -2 -3 4 2 1 -2 -1 0
checker 2 opponent 5 2 0 1 2 0 -3 -3 3 2 2 2 2 -1 0 1 0 0 0 0 0 0 0 0 0 -4 -4 0
checker 2 opponent 6 3 0 2 2 0 -4 -2 2 2 2 2 2 -1 0 0 0 0 0 0 0 0 0 0 0 -4 -4 1
checker 2 player 5 3 0 4 4 0 0 0 0 0 0 -1 0 0 0 0 1 -2 -2 -2 -2 -2 2 4 0 -2 -2 0
checker 2 opponent 6 3 0 2 2 0 -4 -2 2 2 2 2 2 0 0 0 0 0 1 0 0 -1 0 0 0 -4 -4 0
checker 2 player 6 4 0 4 4 0 0 0 1 0 0 -1 0 0 0 0 0 -2 0 -2 -2 -3 2 4 -1 -2 -2 0
checker 2 player 6 5 0 0 2 0 2 2 2 2 0 0 0 0 -2 0 0 -2 -2 -2 -3 -4 2 3 0 0 0 0
checker 2 player 6 6 0 0 0 2 0 -2 3 0 3 0 0 0 -2 2 0 0 -2 -2 -3 -2 2 3 -2 0 0 0
checker 2 opponent 3 2 0 0 0 0 -2 -2 4 3 2 2 2 0 0 2 0 0 0 0 -2 -2 -3 -2 0 -2 0 0
checker 2 player 3 1 0 0 2 0 2 3 2 2 0 0 0 0 -1 0 0 -2 -2 -3 -3 -4 2 2 0 0 0 0
checker 2 opponent 5 3 0 0 0 0 -2 -2 4 3 3 2 2 0 0 1 0 0 0 0 -1 -2 -3 -2 -1 -2 0 0
checker 2 player 4 4 0 0 2 1 2 3 2 1 0 0 0 0 0 0 0 -3 -2 -3 -3 -3 2 2 0 0 -1 0
checker 2 opponent 5 5 0 1 0 0 -2 -2 3 3 3 2 3 0 0 0 0 0 0 0 0 -2 0 -2 -2 -2 -3 0
checker 2 player 6 6 0 3 2 2 2 0 2 0 0 0 0 0 0 0 0 -3 -2 0 -2 -3 2 2 -3 -1 -1 0
checker 2 opponent 4 2 0 1 0 0 -2 -3 2 3 3 2 2 0 -2 2 0 0 0 -1 0 -2 -2 -2 -1 0 0 0
checker 2 player 5 1 0 0 0 1 2 2 2 0 1 0 0 0 -2 2 0 0 -2 -4 -3 -3 3 2 0 0 -1 0
checker 2 opponent 2 1 0 1 0 0 -2 -2 3 3 4 2 -1 0 -2 2 0 0 0 0 -1 -2 -2 -2 -1 0 0 0
checker 2 player 4 1 0 0 0 1 2 2 2 1 0 0 0 0 -2 2 0 1 -2 -2 -4 -4 2 2 0 0 -1 0
checker 2 opponent 6 2 0 1 0 0 -2 -2 4 4 2 2 0 -1 -2 2 0 0 0 0 0 -2 -2 -2 -2 0 0 0
checker 2 player 5 2 0 0 0 2 2 2 2 0 0 0 0 0 -2 2 1 0 0 -2 -5 -4 2 2 -1 0 -1 0
checker 2 opponent 4 4 0 1 0 1 -2 -2 4 5 2 0 0 -1 -1 2 0 0 0 0 0 -3 -2 -2 -2 0 0 0
checker 2 player 2 1 0 0 0 2 2 2 3 0 0 0 0 0 0 1 1 0 -2 -2 -3 -4 2 2 -3 0 -1 0
checker 2 opponent 6 2 0 1 0 3 -2 -2 4 3 2 2 0 0 -1 0 -1 0 0 0 0 -3 -2 -2 -2 0 0 0
checker 2 player 5 5 0 0 0 2 2 2 3 0 0 0 0 1 0 1 0 0 0 -2 -4 -4 2 2 -4 0 -1 0
checker 2 opponent 3 2 0 0 0 2 -3 -2 2 3 2 2 0 0 -2 2 0 0 0 -3 0 -3 2 0 -2 0 0 0
checker 2 player 6 3 0 0 0 2 0 -1 3 0 3 0 -1 0 -2 2 0 0 -2 -2 -3 -2 2 3 -2 0 0 0
checker 2 opponent 5 3 0 0 0 2 -2 -2 2 3 2 2 -1 0 -1 2 0 -1 0 -3 0 -3 1 0 -2 0 0 1
checker 2 player 4 4 0 0 0 2 0 -2 3 0 3 0 1 0 -1 1 0 -1 -2 -2 -3 -2 2 2 -2 0 0 1
checker 2 opponent 3 1 0 0 0 2 -3 -2 2 3 2 2 1 0 0 1 0 0 -1 -2 0 -4 2 -1 -2 0 0 0
checker 2 player 6 4 0 0 0 2 1 -2 4 0 2 1 0 0 0 0 0 -2 -2 -2 -2 -3 2 3 -2 0 0 0
checker 2 opponent 5 3 0 0 0 2 -3 -2 3 2 2 2 2 0 0 0 0 0 0 -2 0 -3 2 -1 -3 -1 0 0
checker 2 player 6 2 0 0 1 3 1 -1 3 0 2 0 0 0 0 -1 0 -2 -2 -2 -2 -3 2 3 -2 0 0 0
checker 2 opponent 3 2 0 0 0 2 -3 -2 3 2 2 2 3 0 0 0 0 0 0 -2 0 -1 1 -2 -3 -1 -1 0
checker 2 player 4 1 0 1 1 3 2 -1 1 0 2 0 0 0 0 0 0 -2 -2 -2 -3 -3 2 3 -1 0 -1 0
checker 2 opponent 6 5 0 1 0 1 -2 -3 3 3 2 2 2 0 0 0 0 0 0 -2 0 0 1 -2 -3 -2 -1 0
checker 2 player 6 6 0 1 2 3 2 0 0 0 2 0 -1 0 0 0 0 -2 -2 -2 -2 -3 3 2 -1 0 -2 0
checker 2 opponent 6 6 0 -1 0 0 -2 -3 3 2 3 2 2 0 -2 2 0 0 0 -2 -1 -2 0 -2 0 1 0 0
checker 2 player 6 2 0 0 -1 0 2 0 2 1 2 0 0 0 0 2 0 -2 -2 -3 -2 -3 3 2 0 0 -2 1
checker 2 opponent 4 1 0 2 -1 0 -2 -2 3 2 3 2 2 -1 -2 0 0 0 0 -2 -1 -2 0 -2 0 1 0 0
checker 2 player 5 3 0 0 0 0 2 0 2 -1 2 0 0 0 0 2 1 -2 -2 -3 -2 -3 2 2 0 1 -2 1
checker 2 opponent 4 2 0 2 -1 -1 -2 -2 3 2 3 2 2 0 -2 0 0 0 -1 -2 1 -2 0 -2 0 0 0 0
checker 2 opponent 6 4 1 2 1 -1 -2 -3 2 2 3 2 2 0 -2 0 0 0 1 -2 0 -2 0 -2 0 0 0 0
checker 2 opponent 4 3 2 2 2 1 -2 -3 2 1 2 2 2 0 -2 0 0 0 1 -2 0 -2 0 -2 0 0 0 0
checker 2 opponent 3 2 2 2 2 2 -2 -3 3 0 2 1 2 0 -2 0 0 0 1 -2 0 -2 0 -2 0 0 0 0
checker 2 opponent 6 5 2 2 2 2 -2 -3 4 0 3 0 1 0 -2 0 0 0 1 -2 0 -2 0 -2 0 0 0 0
checker 2 opponent 5 2 1 2 3 2 -2 -4 4 0 2 0 1 1 -2 0 0 0 0 -2 0 -2 0 -2 0 0 0 0
checker 2 opponent 4 1 1 2 3 2 -2 -4 5 0 3 0 0 0 -2 0 0 0 0 -2 0 -2 0 -2 0 0 0 0
checker 2 player 4 3 0 0 0 0 2 0 2 0 2 0 0 0 0 2 0 0 0 -2 0 -5 4 2 -3 -3 -2 1
checker 2 opponent 5 3 0 2 3 3 -3 -4 5 0 2 0 0 0 -1 0 0 -1 0 -2 0 -2 0 -2 0 0 0 0
checker 2 player 4 1 0 0 0 0 2 0 2 0 2 0 1 0 0 1 0 0 0 -2 0 -3 4 3 -4 -3 -3 0
checker 2 opponent 4 2 0 3 3 4 -2 -4 3 0 2 -1 0 0 -1 0 0 -1 0 -2 0 -2 0 -2 0 0 0 0
checker 2 player 6 3 0 0 0 0 2 0 2 0 2 0 1 0 0 1 0 0 1 -2 0 -2 4 2 -3 -4 -4 0
checker 2 opponent 2 1 0 4 4 3 -2 -4 2 0 2 -1 0 0 0 0 0 0 0 -2 -2 -2 0 -2 0 0 0 0
checker 2 player 5 2 0 0 0 0 2 0 2 2 2 0 0 0 0 0 0 0 1 -2 0 -2 4 2 -2 -3 -6 0
cube 2 player - - 0 0 0 0 2 0 2 2 2 0 0 0 0 1 0 0 1 -1 0 -1 3 2 -3 -4 -6 0
checker 2 player 5 5 0 0 0 0 2 0 2 2 2 0 0 0 0 1 0 0 1 -1 0 -1 3 2 -3 -4 -6 0
checker 2 player 2 1 0 0 0 0 2 1 2 2 2 0 0 1 0 1 0 0 0 -1 0 0 2 2 -3 -5 -6 0
checker 2 opponent 6 6 0 -1 0 0 -2 -2 3 2 3 2 2 0 -2 3 0 0 0 -1 -1 -2 -2 -2 0 0 0 0
checker 2 player 3 2 0 0 0 0 2 2 2 1 1 0 0 0 0 2 0 -2 -2 -3 -4 -3 2 2 0 0 -1 1
checker 2 opponent 6 4 0 1 0 -1 -2 -2 3 4 3 2 2 0 -1 0 -1 0 0 -1 -1 -2 -2 -2 0 0 0 0
checker 2 player 4 1 0 0 0 0 2 2 2 1 1 0 0 1 0 1 0 -2 -2 -3 -3 -2 2 2 1 -1 -2 0
checker 2 opponent 6 3 0 2 1 -1 -2 -2 2 3 3 2 2 0 0 -1 0 0 0 -1 -2 -2 -2 -2 0 0 0 0
checker 2 player 6 3 0 0 0 0 2 2 2 2 1 0 0 0 1 0 0 -2 0 -3 -3 -3 2 2 -1 -1 -2 1
checker 2 opponent 6 3 0 2 1 0 -2 -2 3 3 3 -1 2 0 0 -1 0 0 0 -1 -2 -2 -2 -2 0 0 0 1
checker 2 player 6 3 0 0 0 0 2 2 2 2 1 -1 0 0 1 0 0 -2 1 -3 -3 -3 2 2 0 -1 -2 0
checker 2 opponent 6 6 0 0 0 2 -3 -2 2 3 2 2 0 0 -2 2 0 0 0 -2 0 -3 2 0 -3 0 0 0
checker 2 player 3 1 0 0 0 3 0 0 3 0 2 0 0 0 -2 2 0 0 -2 -4 -3 -2 2 3 -2 0 0 0
checker 2 opponent 6 6 0 0 0 2 -3 -2 2 3 4 2 0 0 -2 2 0 0 0 -1 0 -2 -2 0 -3 0 0 0
checker 2 player 2 1 0 0 0 3 0 2 2 0 1 0 0 0 0 2 0 0 -2 -2 -5 -2 2 3 -2 -2 0 0
checker 2 opponent 5 4 0 0 2 2 -3 -2 2 5 2 2 0 0 -2 0 0 0 0 0 0 -3 -2 0 -2 -1 0 0
checker 2 player 5 4 0 0 1 2 0 2 3 0 0 0 0 0 0 2 0 0 -2 -2 -3 -2 2 3 -3 -3 0 0
checker 2 opponent 5 2 0 0 3 3 -3 -2 2 3 2 2 0 0 -1 0 0 0 0 0 0 -3 -2 -1 -2 -1 0 0
checker 2 player 6 2 0 0 1 2 1 2 3 0 0 0 0 0 0 1 0 0 -2 0 -3 -3 2 3 -4 -3 0 0
checker 2 opponent 4 3 0 0 3 4 -2 -2 3 3 0 2 -1 0 -1 0 0 0 0 0 0 -2 -2 -2 -2 -1 0 0
checker 2 player 6 5 0 0 1 2 2 2 2 0 0 0 0 0 0 1 0 1 -2 0 -2 -2 2 2 -6 -3 0 0
checker 2 opponent 5 1 0 0 3 6 -2 -2 2 2 0 2 -1 0 0 0 0 0 0 0 0 -2 -2 -2 -2 -2 0 0
checker 2 player 4 1 0 0 2 2 2 2 2 0 0 0 0 0 0 0 0 1 -2 0 0 -3 2 2 -6 -4 0 0
checker 2 opponent 3 3 0 0 4 6 -2 -2 3 0 0 2 0 0 0 0 0 -1 0 0 0 -2 -2 -2 -2 -2 0 0
checker 2 player 5 4 0 0 2 2 2 2 2 0 0 0 1 0 0 0 0 0 0 0 0 -4 2 2 -6 -4 0 0
checker 2 player 5 1 0 0 0 -1 2 0 2 1 2 0 0 0 -2 2 0 -2 -2 -3 -2 -2 3 2 0 -1 1 0
checker 2 opponent 6 3 0 -1 1 0 -2 -3 2 2 3 2 2 0 -1 2 0 0 0 -2 -2 -2 0 -2 1 0 0 0
checker 2 player 6 1 0 0 0 0 2 0 2 2 2 0 0 0 -3 1 0 -2 -2 -3 -2 -2 3 2 0 -1 1 0
checker 2 opponent 6 3 0 -1 1 0 -2 -2 2 2 3 2 2 0 -2 3 0 0 0 -2 -2 -2 0 -2 0 0 0 0
checker 2 player 4 1 0 0 0 0 2 0 2 2 2 0 0 0 -2 2 0 -3 -2 -2 -2 -2 2 2 0 -2 1 0
checker 2 opponent 2 1 0 0 2 0 -2 -3 2 2 2 2 3 0 -2 2 0 0 0 -1 -3 -2 0 -2 0 0 0 0
checker 2 player 6 2 0 0 0 0 2 0 2 3 1 0 0 0 -2 2 0 -2 -2 -2 -3 -2 3 2 0 -2 0 0
checker 2 opponent 5 4 0 0 2 0 -2 -2 2 3 2 2 2 -1 -2 2 0 0 0 -1 -2 -2 -1 -2 0 0 0 0
checker 2 player 6 2 0 0 0 0 2 1 2 2 1 0 0 0 0 2 1 -2 -3 -3 -3 -2 2 2 0 -2 0 0
checker 2 opponent 2 1 0 0 2 0 -2 -2 2 3 3 3 2 -1 -1 0 0 0 0 -1 -2 -2 -2 -2 0 0 0 0
checker 2 player 6 3 0 0 0 0 2 2 2 2 1 0 0 0 0 1 1 0 -4 -4 -3 -2 2 2 0 -2 0 0
checker 2 opponent 6 4 0 0 2 0 -2 -2 2 3 4 4 0 0 0 0 0 -1 0 -2 -2 -2 -2 -2 0 0 0 0
checker 2 player 6 4 0 0 0 0 2 2 2 2 2 0 1 0 0 0 0 0 -3 -4 -2 -2 2 2 -2 -2 0 0
checker 2 player 6 5 0 0 1 1 2 2 2 1 1 0 1 0 0 0 0 0 -3 -4 0 0 2 2 -4 -4 0 0
checker 2 opponent 2 2 0 0 4 4 -2 -2 0 0 4 3 0 0 0 0 0 0 0 0 -1 -2 -2 -3 -2 -1 0 0
checker 2 player 6 2 0 0 1 2 3 2 2 1 0 0 0 0 0 0 0 0 -3 0 0 -4 2 2 -4 -4 0 0
checker 2 opponent 6 1 0 0 0 0 -3 -2 3 2 3 2 2 0 0 3 0 0 0 0 -2 0 -2 -3 0 -2 -1 0
checker 2 player 6 1 0 1 2 0 3 2 0 2 0 0 0 0 -1 -1 0 -2 -2 -3 -3 -3 2 3 0 0 0 0
checker 2 opponent 2 2 0 0 0 0 -2 -2 3 3 3 2 2 -1 1 1 0 0 0 0 -2 0 -2 -3 0 -2 -1 0
checker 2 player 2 1 0 1 2 0 3 2 0 2 0 0 0 0 0 0 0 -2 -3 -4 -3 -3 2 2 0 0 0 1
checker 2 opponent 2 1 0 0 -1 0 -2 -2 3 3 4 3 2 0 0 0 0 0 0 0 -2 0 -2 -2 -1 -2 -1 0
checker 2 player 6 3 0 1 2 1 2 2 0 2 0 0 0 0 0 0 0 -2 -2 -4 -3 -4 2 2 0 1 0 0
checker 2 opponent 6 2 0 0 0 0 -2 -2 4 3 4 2 2 -1 0 0 0 0 0 0 -2 0 -2 -2 -1 -2 -1 0
checker 2 player 3 2 0 1 2 1 2 2 0 2 0 0 0 0 0 0 1 -2 -2 -2 -3 -5 2 2 0 -1 0 0
checker 2 opponent 2 2 0 0 1 0 -2 -2 5 3 2 2 2 0 0 0 -1 0 0 0 -2 0 -1 -2 -2 -2 -1 0
checker 2 player 2 1 0 1 2 2 2 1 0 2 0 0 0 1 0 0 0 0 0 -4 -5 -5 2 2 0 -1 0 0
checker 2 opponent 4 3 0 0 1 0 -2 -2 5 5 4 0 0 0 0 0 -1 0 0 0 0 -1 -2 -2 -2 -2 -1 0
checker 2 player 5 4 0 1 2 2 2 2 1 0 0 0 0 1 0 0 0 0 0 -4 -4 -4 2 2 -2 -1 0 0
checker 2 opponent 6 2 0 0 0 2 -3 -2 2 3 2 2 0 0 -2 2 0 0 0 -3 0 -3 2 0 -2 0 0 0
checker 2 player 3 2 0 0 0 2 0 0 3 -1 3 0 0 -1 -2 2 0 0 -2 -2 -3 -2 2 3 -2 0 0 0
checker 2 opponent 4 2 0 0 0 2 -3 -2 2 3 2 2 0 0 0 2 -1 -1 0 -3 1 -3 0 0 -2 0 0 1
checker 2 player 3 1 0 0 -1 2 0 0 3 0 3 0 1 -1 -2 0 0 0 -2 -2 -3 -2 2 3 -2 0 0 1
checker 2 opponent 5 4 0 -1 0 2 -3 -2 2 3 2 2 0 0 0 2 1 -1 0 -2 0 -3 -1 0 -2 1 0 0
checker 2 player 4 2 0 0 0 2 0 1 3 0 2 0 1 -2 -2 0 0 0 -2 -2 -3 -2 2 3 -2 0 1 0
checker 2 opponent 6 2 0 -1 0 2 -3 -2 2 3 2 2 0 0 0 2 2 -1 0 -1 0 -2 -1 -2 -2 0 0 0
checker 2 player 6 2 0 0 0 2 2 1 2 0 1 0 1 -1 -2 0 0 0 -2 -2 -3 -3 2 3 -2 0 1 0
checker 2 opponent 6 4 0 -1 0 2 -2 -2 3 3 2 2 0 0 -1 2 1 -1 0 -1 0 -2 -1 -2 -2 0 0 0
checker 2 player 6 2 0 0 0 2 2 1 2 0 1 0 1 0 -1 1 0 0 -3 -3 -3 -3 2 2 -2 0 1 0
checker 2 player 5 1 0 0 0 0 2 2 2 1 1 0 0 0 -2 2 0 -2 -2 -3 -2 -4 2 2 0 0 1 0
checker 2 opponent 6 2 0 -1 0 0 -2 -2 4 2 3 2 2 0 -1 2 0 0 0 -1 -2 -2 -2 -2 0 0 0 0
checker 2 player 3 2 0 0 0 0 2 2 2 2 1 0 0 0 -1 1 0 -2 -2 -2 -3 -5 2 2 0 0 1 0
checker 2 opponent 5 1 0 -1 0 0 -2 -2 5 3 2 2 2 0 0 1 0 0 0 -2 -2 -2 -2 -2 0 0 0 0
checker 2 player 4 1 0 0 0 0 2 2 2 2 2 0 0 0 0 -1 0 -2 -2 -2 -3 -4 2 2 0 0 -1 1
checker 2 player 4 1 1 0 0 0 2 2 2 2 2 0 0 0 0 -1 0 -2 -2 -2 -3 -4 3 2 0 0 0 0
checker 2 player 1 1 1 0 0 1 2 2 2 2 1 0 0 0 0 -1 0 -2 -2 -2 -3 -4 3 2 0 0 0 0
checker 2 opponent 4 1 0 0 0 0 -2 -3 4 3 2 2 2 0 1 0 0 0 0 -1 -1 -2 -2 -2 -2 0 0 1
checker 2 player 6 6 0 -1 0 2 2 2 2 1 1 0 0 0 0 -1 0 -2 -2 -2 -3 -3 3 2 0 -1 0 0
checker 2 player 3 2 0 0 2 0 2 2 2 2 0 0 0 0 -3 0 0 -2 -2 -3 -2 -3 2 3 0 0 0 0
checker 2 opponent 5 4 0 0 0 0 -3 -2 3 2 3 2 2 0 0 3 0 0 0 0 -2 0 -2 -3 -1 -2 0 0
checker 2 player 1 1 0 0 2 1 3 2 0 2 0 0 0 0 -1 0 0 -2 -3 -4 -2 -3 2 3 0 0 0 0
checker 2 opponent 4 3 0 0 0 0 -2 -3 3 2 4 3 2 0 0 1 0 0 0 0 0 -2 -2 -2 -2 -2 0 0
checker 2 player 6 2 0 0 2 2 2 2 2 0 0 0 0 0 0 0 0 -2 -3 -4 -2 -4 3 2 0 0 0 0
checker 2 opponent 5 1 0 0 0 0 -2 -2 4 2 4 3 2 0 0 -1 0 0 0 0 0 -2 -2 -2 -2 -2 0 0
checker 2 player 5 2 0 0 2 2 2 2 2 0 0 0 0 0 1 0 0 -2 -3 -3 -3 -3 2 2 0 0 -1 0
checker 2 opponent 3 2 0 1 0 0 -2 -2 3 3 3 3 2 0 0 0 0 -1 0 0 0 -1 -2 -2 -2 -2 -1 0
checker 2 player 5 4 0 1 2 2 2 2 1 0 0 0 1 0 0 0 0 -2 -3 -3 -3 -2 2 2 0 0 -2 0
checker 2 opponent 2 1 0 2 0 0 -2 -2 2 3 3 3 2 0 0 0 0 0 0 0 0 -1 -2 -2 -2 -2 -2 0
checker 2 player 5 2 0 2 2 2 2 2 1 0 0 0 0 0 0 0 0 -2 -2 -3 -3 -3 2 2 0 0 -2 0
checker 2 opponent 5 3 0 2 0 0 -2 -2 3 3 3 2 2 0 0 0 0 0 0 0 0 0 -1 -2 -3 -2 -3 0
checker 2 opponent 2 1 0 2 0 2 -2 -2 2 3 2 2 2 0 0 0 0 0 0 0 0 0 0 -2 -3 -2 -4 0
checker 2 opponent 5 4 0 3 0 1 -2 -2 3 2 2 2 2 0 0 0 0 0 0 0 0 0 0 -2 -3 -2 -4 0
checker 2 player 6 5 0 0 -1 0 2 0 2 1 2 0 0 0 -2 2 0 -2 -2 -3 -2 -3 3 2 0 0 1 0
checker 2 opponent 6 1 0 -1 0 0 -2 -2 3 2 3 2 2 0 -2 2 0 0 -1 -2 -1 -2 0 -2 0 1 0 0
checker 2 player 6 5 0 0 0 0 2 0 2 1 2 -1 0 0 -2 2 0 -2 -2 -3 -2 -3 2 2 0 0 1 1
checker 2 opponent 6 3 0 -1 0 0 -2 -2 3 2 3 2 2 -1 -2 2 0 0 1 -2 -1 -2 0 -2 0 0 0 0
checker 2 player 4 2 0 0 0 0 2 0 2 1 2 0 0 0 -2 2 1 -3 -2 -3 -2 -2 2 2 -1 0 1 0
checker 2 opponent 5 4 0 -1 0 1 -2 -2 2 2 3 2 3 -1 0 2 -1 0 -1 -2 -1 -2 0 -2 0 0 0 0
checker 2 player 5 4 0 0 0 0 2 0 2 1 2 1 0 1 -2 0 1 -2 -2 -2 -2 -3 2 2 -2 0 1 0
checker 2 opponent 5 1 0 -1 0 2 -2 -2 3 2 2 2 2 -1 0 2 -1 0 -1 -1 0 -2 0 -2 -2 0 0 0
checker 2 player 6 3 0 0 0 2 2 0 2 0 1 1 0 1 -1 0 1 -2 -2 -2 -3 -3 2 2 -2 0 1 0
checker 2 opponent 3 2 0 -1 0 2 -2 -2 3 3 2 2 2 -1 0 1 0 0 -1 0 0 -2 -2 -2 -2 0 0 0
checker 2 player 6 4 0 0 0 2 2 2 2 0 0 1 0 0 0 0 1 -2 -2 -3 -3 -3 2 2 -2 0 1 0
checker 2 opponent 6 3 0 0 0 2 -2 -2 3 3 3 2 2 -2 0 0 0 0 -1 0 0 -2 -2 -2 -2 0 0 0
checker 2 player 4 3 0 0 0 2 2 2 2 0 0 1 0 0 0 0 2 -2 0 -3 -3 -4 2 2 -3 0 0 0
checker 2 opponent 6 4 0 0 0 3 -2 -2 4 3 3 0 2 -1 0 0 0 0 -1 0 -1 -2 -2 -2 -2 0 0 0
checker 2 player 4 3 0 0 0 2 2 2 2 1 0 1 0 0 0 0 1 -2 0 -2 -3 -3 2 2 -3 -2 0 0
checker 2 opponent 2 2 0 0 2 3 -2 -2 3 3 2 0 2 -1 0 0 0 0 0 0 -1 -2 -2 -2 -2 -1 0 0
checker 2 player 2 2 0 0 1 2 2 2 2 1 0 0 0 0 0 0 1 0 0 -2 -3 -5 2 2 -3 -2 0 0
checker 2 opponent 5 5 0 0 2 3 -2 -2 5 3 2 0 0 0 0 0 0 0 0 0 -1 -3 -2 -2 -2 -1 0 0
checker 2 player 2 2 0 0 1 2 2 2 3 1 0 0 0 0 0 0 0 0 0 0 -2 -4 2 2 -5 -3 -1 0
checker 2 opponent 6 5 0 1 3 5 -2 -2 4 2 0 0 0 0 0 0 0 0 0 0 0 -2 -2 -2 -3 -2 0 0
checker 2 player 2 1 0 0 2 3 2 2 2 0 0 0 0 0 0 0 0 0 0 0 0 -4 2 2 -5 -4 -2 0
checker 2 player 4 3 0 0 0 0 2 -1 2 1 2 0 0 0 -2 2 0 -2 -2 -3 -2 -3 3 2 0 0 1 0
checker 2 opponent 5 1 0 -1 0 0 -2 -3 3 2 3 2 2 0 -2 2 0 0 0 -1 0 -2 -1 -2 -1 0 0 1
checker 2 player 6 4 0 0 0 1 2 -1 2 0 1 0 0 0 -2 2 0 -2 -2 -2 -3 -3 3 2 0 0 1 1
checker 2 opponent 5 2 0 -1 0 0 -3 -2 3 3 2 2 2 -1 -2 2 0 0 0 -1 0 -2 1 -2 -1 0 0 0
checker 2 opponent 4 4 0 1 -1 0 -3 -3 2 3 2 2 2 1 -2 1 0 0 0 -1 0 -2 1 -2 -1 0 0 0
checker 2 player 5 4 0 0 0 1 2 0 2 0 1 -1 0 0 0 2 0 -2 -3 -2 -3 -2 3 3 -1 1 -1 0
checker 2 opponent 3 2 0 1 -1 1 -3 -3 2 3 2 3 2 0 0 0 0 0 -1 -2 0 -2 0 -2 -1 0 0 1
checker 2 player 3 2 0 0 0 1 2 -1 2 0 2 1 0 0 0 0 0 -2 -3 -2 -3 -2 3 3 -1 1 -1 0
checker 2 opponent 4 3 0 1 -1 1 -3 -3 2 3 2 3 2 0 0 0 0 0 0 -1 -1 -2 -1 -2 -1 0 0 1
checker 2 opponent 4 2 0 1 -2 1 -3 -4 2 3 2 3 2 0 0 0 0 0 0 -1 1 -2 -1 -2 0 0 0 0
checker 2 player 6 1 0 0 0 0 2 1 2 -1 1 0 0 0 0 0 0 -2 -3 -2 -2 -2 4 3 -1 2 -2 0
checker 2 opponent 4 3 0 2 -2 1 -2 -4 2 2 2 3 2 -1 0 0 0 0 0 -1 1 -2 -1 -2 0 0 0 0
checker 2 player 5 3 0 0 0 0 2 1 2 0 1 0 0 0 0 0 -1 -2 -3 -2 -2 -2 4 2 -1 2 -2 1
checker 2 opponent 2 1 0 2 -2 1 -2 -5 2 2 2 3 2 1 0 0 0 0 0 0 0 -2 -2 -2 0 0 0 0
checker 2 player 1 1 0 0 0 0 2 2 2 0 0 0 0 0 0 0 -1 -2 -2 -2 -2 -3 5 2 -1 2 -2 0
checker 2 opponent 1 1 0 2 -2 1 -2 -5 3 2 2 2 2 1 0 0 0 0 0 0 0 -2 0 -2 -2 0 0 0
checker 2 player 3 3 0 0 0 2 2 0 2 0 0 0 0 0 0 0 0 -2 -2 -2 -3 -3 5 2 -1 2 -2 0
checker 2 opponent 5 2 0 2 -2 1 -2 -5 3 3 2 2 2 0 0 0 0 0 0 0 0 0 0 0 -4 0 -2 0
checker 2 player 4 1 0 2 0 4 0 0 0 0 0 0 0 0 0 0 0 -2 -2 0 -3 -4 5 2 -2 2 -2 0
checker 2 opponent 4 2 0 0 0 0 -3 -2 3 2 3 2 2 0 0 3 0 0 0 0 -2 -2 -2 -2 0 -2 0 0
checker 2 player 4 1 0 0 2 0 2 2 2 2 0 0 0 0 -2 0 0 -2 -2 -3 -3 -3 2 3 0 0 0 0
checker 2 opponent 6 4 0 0 0 0 -2 -3 3 3 3 2 2 0 0 2 0 0 0 0 -1 -2 -2 -2 -1 -2 0 0
checker 2 player 6 3 0 0 2 1 2 2 2 1 0 0 0 0 0 0 0 -2 -3 -3 -4 -3 3 2 0 0 0 0
checker 2 opponent 2 2 0 0 0 0 -2 -2 3 4 3 3 2 0 0 0 -1 0 0 0 -1 -2 -2 -2 -1 -2 0 0
checker 2 player 3 2 0 0 2 1 2 2 2 1 0 0 0 1 0 0 0 0 -3 -3 -4 -5 2 2 0 0 0 0
checker 2 opponent 6 4 0 0 0 0 -2 -2 5 4 3 3 0 0 0 0 0 0 0 0 -1 -3 -2 -2 -1 -2 0 0
checker 2 player 5 4 0 0 2 1 2 2 3 1 0 0 0 0 0 0 0 0 -2 -3 -3 -5 2 2 -2 0 0 0
checker 2 opponent 6 4 0 0 0 2 -2 -2 5 3 3 2 0 0 0 0 0 0 0 0 0 -2 -2 -2 -2 -2 -1 0
checker 2 player 2 1 0 1 2 2 2 2 2 0 0 0 0 0 0 0 0 0 -2 -2 -3 -4 2 2 -2 -2 0 0
checker 2 opponent 5 1 0 0 2 2 -2 -2 4 3 2 2 0 0 0 0 0 0 0 0 0 -2 -2 -1 -2 -2 -2 0
checker 2 player 6 3 0 2 2 2 1 2 2 0 0 0 0 0 0 0 0 0 -2 -2 -3 -3 2 2 -2 -1 -2 0
checker 2 player 4 1 0 0 0 0 2 2 2 1 1 0 0 0 -3 2 0 -2 -2 -3 -2 -3 2 2 0 0 1 0
checker 2 opponent 6 6 0 -1 0 0 -2 -2 3 2 3 2 2 0 -1 3 0 0 -1 0 -2 -2 -2 -2 0 0 0 0
checker 2 player 6 4 0 0 0 0 2 2 2 2 0 1 0 0 0 1 0 -2 -2 -3 -4 -3 2 2 0 0 -1 1
checker 2 opponent 6 1 0 1 0 0 -3 -2 3 4 3 2 2 0 -1 0 0 0 0 0 -2 -2 -2 -2 -1 0 0 0
checker 2 player 3 1 0 0 0 1 2 2 2 2 0 0 0 0 0 1 0 -2 -2 -2 -3 -4 2 3 0 -1 -1 0
checker 2 opponent 4 3 0 1 1 0 -2 -3 4 3 2 2 2 0 0 0 0 -1 0 0 -2 -2 -2 -2 -1 0 0 0
checker 2 player 5 2 0 0 0 1 2 2 2 2 0 0 1 0 0 0 0 0 -2 -2 -4 -5 3 2 0 -1 -1 0
checker 2 opponent 6 5 0 1 1 0 -2 -2 5 4 2 2 -1 0 0 0 0 0 0 -1 -2 -2 -2 -2 -1 0 0 0
checker 2 player 6 4 0 0 0 1 2 2 2 2 1 0 0 0 0 0 0 1 -2 0 -4 -5 2 2 -1 -2 -1 0
checker 2 opponent 4 1 0 1 2 1 -2 -2 5 4 0 2 0 0 0 0 0 0 -1 -1 -1 -2 -2 -2 -2 0 0 0
checker 2 player 5 4 0 0 0 2 2 2 2 1 1 1 0 0 0 0 0 0 -2 0 -2 -6 2 2 -2 -2 -1 0
checker 2 opponent 3 2 0 1 2 2 -2 -2 6 2 0 2 0 0 0 0 0 0 0 -1 0 -2 -3 -2 -2 -1 0 0
checker 2 player 2 2 0 0 1 2 2 3 2 0 1 0 0 0 0 0 0 0 0 0 -3 -7 2 2 -2 -2 -1 0
checker 2 opponent 5 2 0 1 2 2 -2 -2 7 3 0 0 0 0 0 0 0 0 0 0 0 -2 -2 -2 -3 -2 0 0
checker 2 player 5 1 0 0 2 3 2 2 2 0 0 0 0 0 0 0 0 0 0 0 -2 -7 2 2 -1 -3 -2 0
checker 2 opponent 2 1 0 0 0 2 -3 -2 2 3 2 2 0 0 0 2 0 0 -1 -4 0 -3 2 0 -2 0 0 0
checker 2 player 6 1 0 0 0 2 0 -2 3 0 4 1 0 0 0 -1 -1 0 -2 -2 -3 -2 2 3 -2 0 0 0
checker 2 opponent 5 3 0 0 2 0 -4 -2 3 2 2 2 2 0 0 0 0 1 0 1 0 -2 -2 -3 -2 0 0 0
checker 2 player 6 3 0 0 0 2 3 2 2 0 -1 0 0 0 0 0 0 -2 -2 -2 -3 -3 2 4 0 -2 0 0
checker 2 player 5 3 0 0 0 2 0 -1 3 0 3 0 -1 0 -2 2 0 0 -2 -2 -3 -2 2 3 -2 0 0 0
checker 2 opponent 2 2 0 0 0 2 -3 -2 2 3 2 2 0 0 -1 2 0 0 0 -3 0 -3 -1 0 -2 0 0 2
checker 2 player 5 2 0 0 0 2 -2 1 3 0 3 0 0 0 -2 1 0 0 -2 -2 -3 -2 2 3 -2 0 0 0
checker 2 player 6 6 0 0 2 0 2 2 2 2 0 0 0 0 -3 0 0 -2 -2 -3 -2 -3 2 3 0 0 0 0
checker 2 opponent 4 2 0 -1 0 0 -2 -2 3 2 3 2 2 0 -2 2 0 0 -1 -2 -1 -2 0 -2 0 1 0 0
checker 2 player 4 2 0 0 -1 0 2 0 2 1 2 1 0 0 -1 2 0 -2 -2 -3 -3 -3 2 2 0 0 1 0
checker 2 opponent 6 2 0 0 0 0 -2 -3 3 3 3 2 2 0 -2 1 0 0 0 -2 -2 -2 0 -2 0 1 0 0
checker 2 player 5 4 0 0 -1 0 2 0 2 2 2 0 0 0 0 2 0 -2 -2 -2 -4 -4 3 2 0 0 0 0
checker 2 opponent 6 3 0 0 0 0 -2 -3 4 4 2 2 2 0 0 0 0 0 -1 -3 -2 -2 0 -2 0 1 0 0
checker 2 player 5 5 0 0 0 0 2 0 2 2 3 1 0 -1 0 0 0 -2 -2 -2 -4 -4 3 2 0 0 0 0
checker 2 opponent 5 2 0 0 0 0 -2 -3 4 4 2 2 2 0 0 0 1 0 -1 -1 0 -2 0 -2 -2 -2 0 0
checker 2 player 6 5 0 0 2 2 2 0 2 0 1 1 0 0 0 0 0 -2 -2 -2 -5 -4 3 2 0 0 0 0
checker 2 opponent 5 3 0 0 0 0 -2 -2 4 5 2 2 2 0 0 0 0 0 -2 -1 0 -2 0 -2 -2 -2 0 0
checker 2 player 3 1 0 0 2 2 2 0 2 0 1 2 0 0 0 0 0 -2 -2 -2 -4 -3 2 2 -1 -1 0 0
checker 2 opponent 2 1 0 0 1 1 -2 -2 3 4 2 2 2 0 0 0 0 0 -1 -1 0 -2 -1 -2 -2 -2 0 0
checker 2 player 4 4 0 0 2 2 2 1 2 0 1 1 0 0 0 0 0 0 -3 -3 -4 -3 2 2 -1 -1 0 0
checker 2 opponent 5 4 0 0 1 1 -2 -2 3 4 3 3 0 0 0 0 0 0 0 0 0 -2 0 -3 -2 -2 -2 0
checker 2 player 4 1 0 2 2 2 3 0 2 0 0 0 0 0 0 0 0 0 -3 -3 -2 -3 2 2 -2 -2 0 0
checker 2 opponent 5 2 0 0 2 2 -2 -2 3 2 3 3 0 0 0 0 0 0 0 0 0 -1 0 -3 -2 -2 -3 0
checker 2 player 5 2 0 3 2 2 3 0 1 0 0 0 0 0 0 0 0 0 -3 -2 -2 -3 2 2 -2 -2 -1 0
checker 2 opponent 6 6 0 0 0 0 -2 -3 3 2 3 2 2 0 0 3 0 0 -1 -1 -1 -2 -3 -2 0 0 0 0
checker 2 player 2 1 0 0 0 0 2 3 2 1 1 1 0 0 0 0 0 -2 -2 -3 -4 -3 3 2 0 0 -1 0
checker 2 opponent 2 1 0 1 0 0 -2 -3 3 4 3 2 2 0 0 0 0 0 0 -2 -1 -2 -2 -2 -1 0 0 0
checker 2 player 5 4 0 0 0 1 2 2 2 1 2 0 0 0 0 0 0 0 -3 -4 -4 -3 3 2 0 0 -1 0
checker 2 opponent 5 3 0 1 0 0 -2 -2 3 4 4 3 -1 0 0 0 0 0 0 -2 -1 -1 -2 -2 -1 -1 0 0
checker 2 player 6 5 0 0 1 1 2 2 1 1 2 0 0 0 0 0 0 1 -2 -3 -4 -4 2 2 -1 0 -1 0
checker 2 opponent 3 2 0 1 0 1 -2 -2 4 4 3 2 0 0 0 0 0 0 -1 -1 -1 -1 -2 -2 -2 -1 0 0
checker 2 player 5 2 0 0 1 2 2 2 1 1 1 1 0 0 0 0 0 0 0 -3 -5 -5 2 2 -1 0 -1 0
checker 2 opponent 6 6 0 1 0 1 -2 -2 5 5 3 0 0 0 0 0 0 0 -1 0 0 -2 -2 -2 -2 -2 0 0
checker 2 player 5 4 0 0 2 2 2 2 2 0 0 1 0 0 0 0 0 0 0 0 -4 -5 2 2 -1 -3 -2 0
checker 2 player 6 5 0 0 0 2 0 -2 3 0 3 0 0 0 -2 2 0 0 -2 -2 -3 -2 2 3 -2 0 0 0
checker 2 opponent 6 5 0 0 0 2 -2 -2 2 3 2 2 0 0 -2 2 0 -1 0 -3 0 -3 2 0 -2 0 0 0
checker 2 player 5 1 0 0 0 2 0 0 3 0 3 0 -1 -1 -2 2 0 0 -2 -2 -3 -2 2 2 -2 0 0 1
checker 2 opponent 2 2 0 0 0 2 -2 -3 2 3 2 2 0 0 -2 2 1 1 0 -3 0 -2 -1 0 -2 0 0 0
checker 2 player 5 1 0 0 0 2 0 1 2 0 3 0 0 -1 0 2 -3 0 -2 -2 -3 -2 3 2 -2 0 0 0
checker 2 opponent 5 4 0 0 0 2 -2 -2 2 3 2 2 -1 3 -1 -1 1 0 0 -3 0 -2 -1 0 -2 0 0 0
checker 2 player 5 4 0 0 0 2 0 1 2 0 3 0 0 0 1 1 -2 1 -3 -2 -4 -2 2 2 -2 0 0 0
checker 2 opponent 3 2 0 0 0 2 -2 -2 2 4 2 3 0 2 -1 -1 0 -1 0 -2 0 -2 -1 -1 -2 0 0 0
checker 2 player 4 2 0 0 0 2 1 1 2 0 2 0 1 0 1 1 -2 0 -2 -2 -4 -3 2 2 -1 0 -1 0
checker 2 opponent 5 4 0 1 0 1 -2 -2 3 4 2 2 0 2 0 -1 -1 -1 0 -1 0 -2 -1 -2 -2 0 0 0
checker 2 player 4 2 0 0 0 2 2 1 2 0 1 0 1 1 1 0 0 0 -2 -2 -5 -4 2 2 -1 0 -1 0
checker 2 opponent 4 2 0 1 0 1 -2 -2 4 5 2 2 0 0 0 -1 -1 -1 0 0 0 -2 -1 -2 -2 -1 0 0
checker 2 player 6 4 0 0 1 2 2 1 2 0 0 0 1 1 1 0 0 0 -2 -2 -4 -4 2 2 -1 0 -2 0
checker 2 opponent 6 2 0 2 0 1 -2 -2 4 4 2 2 0 0 0 0 -1 -1 0 0 0 -2 -1 -2 -2 -2 0 0
checker 2 player 5 1 0 0 2 2 2 1 2 0 0 0 1 1 0 0 0 0 0 -2 -5 -4 2 2 -2 0 -2 0
checker 2 opponent 5 3 0 2 0 2 -2 -2 4 5 2 0 0 0 0 0 0 -1 0 0 0 -2 -2 -2 -2 -2 0 0
checker 2 player 3 3 0 0 2 2 2 2 2 0 0 0 1 0 0 0 0 0 0 -2 -4 -3 2 2 -3 -1 -2 0
checker 2 opponent 4 3 0 2 1 3 -2 -2 3 4 2 0 0 0 0 0 0 0 0 0 0 -2 -2 -1 -2 -2 -2 0
checker 2 player 5 1 0 2 2 2 1 2 2 0 0 0 0 0 0 0 0 0 0 -2 -3 -2 2 2 -5 -1 -2 0
checker 2 player 4 1 0 0 0 -1 2 0 2 1 2 0 0 0 -2 2 0 -2 -2 -3 -2 -2 3 2 0 0 -1 1
checker 2 opponent 4 1 0 1 0 0 -2 -4 2 2 3 2 2 0 -2 2 0 0 0 -2 -1 -2 0 -2 1 0 0 0
checker 2 player 5 2 0 0 0 0 2 0 2 -1 2 0 0 0 -2 2 0 -2 -2 -2 -3 -2 4 2 0 0 -1 1
checker 2 opponent 2 1 0 1 -1 0 -2 -4 2 3 2 2 2 0 -2 2 0 0 0 -1 1 -2 0 -2 -1 0 0 0
checker 2 player 4 2 0 0 0 1 2 0 2 0 -1 0 0 0 -1 2 -1 -2 -2 -2 -3 -2 4 2 0 1 -1 1
checker 2 opponent 4 3 0 1 -2 0 -2 -4 2 3 2 2 2 1 -2 1 0 0 0 1 0 -1 0 -2 -1 -1 0 0
checker 2 player 3 2 0 0 1 1 2 0 1 0 0 0 0 -1 -1 2 -1 -2 -2 -2 -2 -2 4 2 -1 2 -1 0
checker 2 opponent 2 2 0 1 -2 1 -2 -4 2 2 2 2 2 1 0 1 -1 -1 0 0 0 -1 0 -2 -1 -1 0 1
checker 2 player 5 2 0 0 -1 1 2 0 1 0 0 0 1 1 0 0 -1 -2 -2 -2 -3 -2 4 2 -1 2 -1 1
checker 2 opponent 6 2 0 1 -3 1 -2 -4 2 3 2 2 2 1 0 0 -1 0 0 0 0 -1 -1 -2 -1 1 0 0
checker 2 player 2 1 0 0 0 1 2 1 1 0 0 0 -1 1 0 0 -1 -2 -2 -2 -3 -2 4 2 -1 3 -1 0
checker 2 opponent 3 1 0 1 -3 1 -2 -4 2 3 2 2 2 1 0 0 0 1 0 -1 0 -1 -1 -2 -1 0 0 0
checker 2 player 6 3 0 0 0 1 2 1 1 0 1 0 0 0 0 0 -2 -2 -2 -2 -3 -2 4 2 -1 3 -1 0
checker 2 opponent 3 1 0 1 -3 1 -2 -4 2 3 2 2 2 2 0 0 0 0 0 0 0 0 -1 -2 -2 -1 0 0
checker 2 player 4 1 0 0 1 2 2 1 0 0 0 0 0 0 0 0 -2 -2 -2 -2 -2 -2 4 2 -2 3 -1 0
checker 2 opponent 6 4 0 1 -3 2 -2 -4 2 2 2 2 2 2 0 0 0 0 0 0 0 0 0 -2 -2 0 -2 0
checker 2 player 2 2 0 2 0 2 2 0 0 0 0 0 0 0 0 0 -1 -2 -2 -2 -2 -2 4 2 -2 3 -2 0
checker 2 opponent 5 2 0 2 -2 2 -3 -4 2 2 2 2 2 1 0 0 0 0 0 0 0 0 0 0 -1 -2 -3 0
checker 2 player 5 1 0 3 2 1 0 0 0 0 0 0 0 0 0 0 0 -2 -2 -2 -2 -3 4 3 -1 2 -3 0
checker 2 opponent 5 4 0 3 -2 1 -2 -5 3 2 2 2 2 0 0 0 0 0 0 0 0 0 0 0 -1 -2 -3 0
checker 2 player 6 6 0 3 2 1 0 0 0 0 0 0 0 0 0 0 0 -2 -2 -2 -1 -2 5 2 -2 2 -4 0
checker 2 player 4 2 0 3 2 1 0 0 0 0 1 0 0 0 0 0 2 -2 0 -2 0 -2 2 2 -4 2 -5 0
checker 2 player 5 3 0 3 2 1 0 0 1 0 0 0 1 0 0 0 1 -2 0 -2 0 -2 2 2 -4 2 -5 0
checker 2 opponent 5 3 0 5 -2 4 -2 -2 2 0 2 0 2 0 0 0 0 -1 0 0 0 -2 0 0 -1 -2 -3 0
checker 2 player 4 1 0 3 2 1 0 0 2 0 0 0 1 0 0 0 0 -2 0 -2 0 0 2 2 -5 2 -6 0
checker 2 player 3 3 0 3 2 1 0 1 2 0 0 0 0 0 0 0 0 -2 0 -1 0 0 2 2 -6 2 -6 0
checker 2 opponent 3 3 0 6 -2 6 -2 -2 0 0 0 0 2 0 0 0 0 0 0 -1 1 -2 0 0 -1 -2 -3 0
checker 2 player 1 1 0 3 2 1 0 0 2 0 1 0 0 0 0 -1 0 0 0 0 -2 0 2 2 -6 2 -6 0
checker 2 opponent 4 3 0 0 0 0 -3 -2 3 2 3 2 2 0 0 3 0 0 0 0 -2 -2 -2 -2 0 -2 0 0
checker 2 player 6 3 0 0 2 0 2 2 2 2 0 0 0 0 -1 0 0 -3 -3 -3 -2 -3 2 3 0 0 0 0
checker 2 opponent 5 1 0 0 0 0 -2 -2 3 4 3 2 2 0 0 0 -1 0 0 0 -1 -2 -1 -2 -2 -2 0 1
checker 2 player 3 2 0 0 2 2 2 -1 2 1 0 0 0 1 0 0 0 -2 -2 -3 -3 -4 2 2 0 0 0 1
checker 2 player 3 3 1 0 2 2 2 1 2 0 0 0 0 1 0 0 0 -2 -2 -3 -3 -4 2 2 1 0 0 0
checker 2 player 3 2 0 0 0 0 2 2 2 1 1 0 0 0 -3 2 0 -2 -2 -3 -2 -3 2 2 0 0 1 0
checker 2 opponent 6 6 0 -1 0 0 -2 -2 3 2 3 2 2 0 -1 3 0 0 0 -2 -1 -2 -2 -2 0 0 0 0
checker 2 player 5 1 0 0 0 0 2 2 2 1 2 0 0 0 0 1 0 -2 -2 -3 -4 -3 2 2 0 0 -1 1
checker 2 player 3 2 1 0 0 0 2 2 2 1 3 0 0 0 0 0 0 -2 -2 -3 -4 -3 2 2 0 0 1 0
checker 2 opponent 5 2 0 -1 0 0 -2 -2 3 4 3 2 2 0 0 0 0 0 0 -2 -1 -2 -2 -2 -1 0 0 1
checker 2 player 3 1 0 0 0 1 2 2 2 -1 2 0 0 0 0 0 0 -2 -2 -3 -4 -3 2 2 0 0 1 1
checker 2 opponent 4 1 0 -1 0 -1 -2 -2 3 4 3 2 2 0 0 0 0 0 0 -1 -1 -2 -2 -2 -1 0 0 1
checker 2 player 3 1 0 -1 0 1 2 2 2 1 1 0 0 0 0 0 0 -2 -2 -3 -3 -3 2 2 -1 0 1 1
checker 2 opponent 5 2 0 -1 0 -1 -2 -2 3 3 3 2 2 0 0 0 0 0 0 0 -2 -2 -2 -2 -1 0 1 1
checker 2 player 6 3 0 -1 -1 1 2 2 2 2 0 0 0 0 0 0 0 -2 -2 -3 -2 -3 2 2 1 -1 1 0
checker 2 opponent 3 1 0 -1 0 0 -2 -3 3 2 3 2 2 0 -2 2 0 0 0 -1 0 -2 -2 -2 0 1 0 0
checker 2 player 6 3 0 0 0 -1 2 2 2 0 1 0 0 0 -2 2 0 -2 -2 -3 -2 -2 3 2 -1 0 1 0
checker 2 opponent 4 2 0 -1 0 1 -2 -2 2 2 3 2 2 0 -2 2 -1 0 0 -1 0 -2 -2 -2 1 0 0 0
checker 2 player 4 2 0 0 0 0 2 2 2 -1 1 0 0 1 -2 2 0 -2 -2 -3 -2 -2 2 2 0 0 -1 1
checker 2 opponent 4 2 0 1 -1 0 -2 -2 2 2 3 2 2 0 -2 2 0 0 0 -1 -1 -2 -2 -2 0 0 0 1
checker 2 player 6 3 0 0 -1 0 2 2 2 1 1 0 0 0 -1 2 0 -2 -3 -3 -2 -2 2 2 0 1 -1 0
checker 2 opponent 5 5 0 1 0 0 -2 -2 2 2 3 3 2 -1 -2 1 0 0 0 -1 -1 -2 -2 -2 0 1 0 0
checker 2 opponent 4 1 1 1 0 0 -2 -2 2 2 5 3 2 -1 -2 0 0 0 0 -1 0 -2 -2 -2 0 0 0 0
checker 2 player 3 2 0 0 0 0 2 2 2 0 1 0 0 0 0 2 1 0 -4 -5 -2 -3 2 2 0 0 -1 1
checker 2 opponent 2 2 0 1 -1 0 -2 -2 3 2 5 4 0 0 -2 0 -1 0 0 -1 0 -2 -2 -2 0 0 0 0
checker 2 player 4 1 0 0 0 0 2 2 2 0 1 0 0 1 0 2 0 0 -2 -3 -4 -5 2 2 0 1 -1 0
checker 2 opponent 6 1 0 1 -1 0 -2 -2 5 4 3 2 0 0 -1 0 -1 0 -1 0 -1 -2 -2 -2 0 0 0 0
checker 2 player 5 3 0 0 0 0 2 2 2 1 0 1 0 1 0 1 0 0 -2 -2 -4 -5 2 2 0 0 -2 1
checker 2 opponent 6 3 0 2 0 -1 -2 -2 5 4 2 2 0 0 0 0 -1 0 -1 -1 -1 -2 -2 -2 0 0 0 0
checker 2 opponent 6 6 1 2 0 2 -2 -2 4 4 2 1 0 0 0 0 -1 0 -1 -1 -1 -2 -2 -2 0 0 0 0
checker 2 player 4 4 0 0 0 0 2 2 2 1 1 1 0 1 0 0 0 0 0 0 -3 -4 2 2 -3 -2 -3 1
checker 2 opponent 6 5 0 3 2 3 -2 -2 4 3 0 0 0 0 -1 0 0 0 -1 -1 -2 -2 -2 -2 0 0 0 0
checker 2 player 6 2 0 0 0 0 2 2 2 2 1 1 0 0 0 1 0 0 0 0 -2 -3 2 2 -3 -2 -5 0
checker 2 opponent 4 3 0 5 2 3 -2 -2 3 2 0 0 0 0 0 0 0 0 -1 -1 -2 -2 -3 -2 0 0 0 0
checker 2 player 4 2 0 0 0 0 2 3 2 2 1 1 0 0 0 0 0 0 0 0 -1 -2 2 2 -5 -2 -5 0
checker 2 opponent 5 5 0 -1 0 0 -2 -2 3 2 3 2 2 0 -2 3 0 0 0 -1 -1 -2 -2 -2 0 0 0 0
checker 2 player 4 1 0 0 0 0 2 2 2 1 1 0 0 0 -1 2 0 -2 -2 -3 -2 -3 2 2 -2 0 1 0
checker 2 player 4 1 1 0 0 0 2 2 2 1 1 0 0 0 1 1 0 -2 -2 -3 -2 -3 3 2 -2 0 0 0
checker 2 player 5 1 1 0 0 0 2 2 2 2 1 0 0 0 0 1 0 -2 -2 -3 -2 -3 3 2 -2 0 0 0
checker 2 opponent 3 3 0 0 0 2 -2 -3 3 2 3 2 2 0 0 0 0 0 0 -1 -3 -2 -2 -2 0 0 0 1
checker 2 player 5 1 0 0 0 -1 2 2 2 3 1 0 0 0 0 0 0 -2 0 -3 -2 -4 3 2 -3 0 0 0
checker 2 player 5 5 1 0 0 1 2 2 3 2 0 0 0 0 0 0 0 -2 0 -3 -2 -4 3 2 -3 0 0 0
checker 2 player 4 2 0 0 0 2 0 -2 3 0 3 0 0 0 -2 2 0 0 -2 -2 -3 -2 2 3 -2 0 0 0
checker 2 opponent 6 5 0 0 0 2 -3 -2 2 3 2 2 0 0 -2 2 0 0 0 -2 0 -2 2 -2 -2 0 0 0
checker 2 player 4 4 0 0 0 2 2 -1 2 0 2 0 0 0 -2 2 0 0 -3 -2 -3 -2 2 3 -2 0 0 0
checker 2 player 4 4 1 0 0 2 2 2 2 0 2 0 0 0 -2 0 0 0 -3 -2 -3 -2 2 3 -2 0 0 0
checker 2 opponent 2 1 0 0 0 2 -3 -2 2 3 2 3 0 0 0 2 0 0 0 0 0 0 -2 -4 -2 -2 0 1
checker 2 player 5 4 0 -1 2 2 4 2 0 0 0 0 0 0 -2 0 0 0 -2 -2 -4 -2 2 3 -2 0 0 0
checker 2 opponent 5 3 0 0 0 0 -3 -2 3 2 3 2 2 0 0 3 0 0 0 0 -2 -2 -2 -2 0 -2 0 0
checker 2 player 6 2 0 0 2 0 2 2 2 2 0 0 0 0 -1 0 0 -3 -2 -4 -2 -3 2 3 0 0 0 0
checker 2 player 4 1 1 0 2 0 2 2 2 2 1 0 0 0 0 0 0 -3 -2 -4 -2 -3 2 2 0 0 0 0
checker 2 opponent 6 3 0 0 0 2 -3 -2 2 3 2 2 0 0 -2 2 0 0 0 -3 0 -3 2 0 -2 0 0 0
checker 2 player 6 4 0 0 0 2 0 -1 3 0 3 0 0 0 -2 2 -1 0 -2 -2 -3 -2 2 3 -2 0 0 0
checker 2 opponent 6 4 0 0 0 2 -2 -2 2 3 2 2 0 0 -1 2 -1 -1 0 -3 0 -3 0 0 -2 0 1 1
checker 2 player 5 4 0 -1 0 2 0 0 3 0 3 0 -1 1 -2 1 0 0 -2 -2 -3 -2 2 2 -2 0 0 1
checker 2 opponent 5 5 0 0 0 2 -2 -3 2 3 2 2 0 0 0 2 -1 1 -1 -3 0 -3 0 0 -2 0 1 0
checker 2 player 6 6 0 -1 0 2 0 0 3 0 3 1 -1 1 0 0 0 0 -2 -2 -3 -2 3 2 -4 0 0 0
checker 2 opponent 6 2 0 0 0 0 -3 -2 3 2 3 2 2 0 0 3 0 0 0 0 0 -2 -3 -2 -1 -2 0 0
checker 2 player 2 2 0 0 2 1 2 3 2 0 0 0 0 0 -2 0 0 -2 -2 -2 -3 -4 2 3 0 0 0 0
checker 2 opponent 5 4 0 0 0 0 -3 -2 4 3 2 2 2 0 0 2 0 0 0 0 0 0 -2 -3 -2 -3 0 0
checker 2 player 3 1 0 0 3 2 3 2 0 0 0 0 0 0 -2 0 0 -2 -2 -2 -2 -3 2 3 0 -2 0 0
checker 2 opponent 6 4 0 0 2 0 -2 -3 3 2 2 2 2 0 0 2 0 0 0 0 0 0 -2 -2 -2 -3 -1 0
checker 2 player 5 2 0 1 3 2 2 2 0 0 0 0 0 0 -1 0 0 -2 -2 -2 -2 -3 3 2 -1 -2 0 0
checker 2 opponent 5 4 0 0 2 1 -2 -3 3 2 2 2 2 0 0 1 0 0 0 0 0 0 -1 -2 -3 -3 -1 0
checker 2 player 2 2 0 1 3 3 2 1 0 0 0 0 0 0 0 0 0 -2 -3 -2 -2 -2 3 2 -1 -2 -1 0
checker 2 opponent 5 1 0 1 2 1 -2 -3 2 2 2 3 2 0 0 0 0 0 0 0 0 0 0 -1 -2 -4 -3 0
checker 2 player 2 1 0 3 4 2 1 0 0 0 0 0 0 0 0 0 0 -2 -2 -2 -2 -2 3 2 -2 -2 -1 0
checker 2 opponent 5 3 0 1 2 2 -2 -3 2 2 2 2 2 0 0 0 0 0 0 0 0 0 0 0 -2 -4 -4 0
checker 2 player 5 5 0 4 4 2 0 0 0 0 0 0 0 0 0 0 0 -2 -1 -2 -2 -2 3 2 -2 -2 -2 0
checker 2 player 5 1 0 0 0 0 2 2 2 1 1 0 0 0 -3 2 0 -2 -2 -3 -2 -3 2 2 0 0 1 0
checker 2 opponent 2 1 0 -1 0 0 -2 -2 3 2 3 2 2 0 -1 3 0 0 0 -1 -2 -2 -2 -2 0 0 0 0
checker 2 player 3 1 0 0 0 0 2 2 2 2 1 0 0 0 -2 0 0 -3 -2 -3 -2 -3 2 2 0 0 1 1
checker 2 opponent 6 4 0 0 -1 -1 -2 -2 3 2 3 2 3 0 0 2 0 0 0 -1 -2 -2 -2 -2 0 0 0 0
checker 2 player 2 1 0 0 0 0 2 2 2 2 1 0 0 0 -1 0 0 -3 -2 -3 -2 -3 2 2 -1 1 0 1
checker 2 opponent 5 5 0 0 -2 1 -2 -2 3 2 3 2 3 0 0 1 0 0 0 -1 -2 -2 -2 -1 -1 0 0 0
checker 2 player 5 4 0 0 0 1 1 2 2 2 1 0 0 0 0 0 0 -3 -2 -2 -2 -2 2 2 -3 2 -1 0
checker 2 opponent 4 3 0 1 -2 3 -2 -2 2 2 2 2 3 0 0 0 0 0 0 0 -1 -2 -2 -2 -1 -1 0 0
checker 2 player 4 1 0 0 1 1 2 2 2 1 0 0 0 0 0 0 0 -1 -2 -2 -3 -3 2 2 -3 2 -1 0
checker 2 opponent 6 4 0 1 -2 3 -2 -2 3 3 2 2 1 0 0 0 0 0 0 0 0 -2 -2 -2 -1 -2 0 0
checker 2 player 6 5 0 0 2 1 2 2 2 0 0 0 0 0 0 0 0 0 -2 -2 -2 -4 2 2 -3 2 -2 0
checker 2 opponent 6 1 0 -1 0 0 -2 -3 3 2 3 2 2 0 -2 2 0 0 0 -2 -1 -2 0 -2 0 1 0 0
checker 2 player 4 3 0 0 0 0 2 0 2 1 2 -1 0 0 -2 2 0 -2 -2 -3 -2 -3 3 2 0 0 1 0
checker 2 opponent 5 5 0 -1 0 0 -2 -3 3 2 3 2 2 0 0 2 0 -1 -1 -2 -1 -2 0 -2 0 0 0 1
checker 2 opponent 3 3 0 -1 0 -1 -2 -3 2 2 2 2 2 0 0 2 0 1 -1 -2 -1 -2 0 -2 0 0 0 2
checker 2 player 5 4 0 0 0 -2 2 0 2 1 2 1 -1 0 -1 0 0 -2 -2 -2 -3 -2 3 2 1 0 1 0
checker 2 opponent 4 1 0 -1 0 -1 -2 -3 2 3 2 2 2 0 0 1 0 1 0 -2 -1 -1 -1 -2 2 0 -1 0
checker 2 player 5 4 0 1 0 -2 2 1 1 1 2 0 0 0 0 -1 -1 -2 -2 -2 -3 -2 3 2 1 0 1 0
checker 2 opponent 4 2 0 0 0 -1 -2 -4 2 3 2 2 2 1 1 0 0 0 0 -2 0 -1 -1 -2 2 -1 -1 0
checker 2 opponent 6 4 0 -1 0 1 -2 -5 2 2 2 2 2 1 1 0 0 0 0 -2 0 -1 1 -2 1 -1 -1 0
checker 2 player 4 2 0 1 1 0 2 0 1 0 2 -2 0 0 0 -1 -1 -2 -2 -2 -2 -2 5 2 -1 0 1 0
checker 2 opponent 3 2 0 0 0 -1 -2 -5 2 2 2 2 2 1 1 0 0 0 2 -1 0 -1 0 -3 0 -1 -1 1
checker 2 player 5 3 0 1 1 0 3 -1 1 0 1 -2 0 0 0 -1 -1 -2 -2 -2 -2 -2 5 2 1 0 0 0
checker 2 opponent 6 3 0 0 0 -1 -2 -5 2 2 2 2 2 1 1 0 0 0 2 0 0 0 1 -3 -2 -1 -1 0
checker 2 player 3 2 0 1 1 2 3 0 0 0 0 -2 0 0 0 -1 -2 -2 -2 -2 -2 -2 5 2 1 0 0 0
checker 2 opponent 3 2 0 0 0 -1 -2 -5 2 2 2 2 2 2 1 0 0 0 2 0 0 0 0 -1 -2 -2 -2 0
checker 2 player 3 1 0 2 2 2 1 0 0 0 0 -1 0 0 -1 0 -2 -3 -2 -2 -2 -2 5 2 1 0 0 0
checker 2 opponent 2 2 0 0 0 0 -3 -2 3 2 3 2 2 0 0 3 0 0 0 0 -2 -2 -2 -2 0 -2 0 0
checker 2 player 2 2 0 0 2 0 2 2 2 2 0 0 0 0 0 0 -2 -2 -3 -3 -2 -3 2 3 0 0 0 0
checker 2 opponent 6 1 0 0 0 0 -3 -2 3 2 3 3 2 2 0 0 0 0 0 0 0 0 -4 -4 0 -2 0 0
checker 2 player 6 1 0 0 2 0 4 4 0 0 0 0 0 0 0 0 -2 -2 -2 -3 -2 -3 2 3 0 -1 0 0
checker 2 opponent 6 2 0 0 1 0 -2 -3 3 2 3 2 2 2 0 0 0 0 0 0 0 0 -4 -4 0 -2 0 0
checker 2 player 4 2 0 0 2 0 4 4 0 0 0 0 0 0 0 0 -1 -2 -3 -2 -2 -3 3 2 0 -2 0 0
checker 2 opponent 5 3 0 0 2 0 -2 -3 3 2 2 3 2 1 0 0 0 0 0 0 0 0 -2 -4 -1 -2 -1 0
checker 2 opponent 2 2 0 0 2 1 -2 -3 3 2 2 3 2 0 0 0 0 0 0 0 0 0 -2 -4 -1 -2 -1 0
checker 2 player 5 3 0 1 2 1 4 2 0 0 0 0 0 0 0 0 0 0 -3 -2 -2 -5 3 2 -1 -2 0 0
checker 2 opponent 5 1 0 0 2 1 -2 -2 5 2 2 3 -1 0 0 0 0 0 0 0 0 0 -2 -3 -1 -2 -2 0
checker 2 player 2 2 0 2 2 1 3 2 0 0 0 0 0 0 0 0 0 1 -3 0 -3 -5 2 2 -2 -2 0 0
checker 2 opponent 2 2 0 0 2 2 -2 -2 5 3 0 3 0 0 0 0 0 0 0 0 -1 0 -2 -3 -1 -2 -2 0
checker 2 player 4 4 0 2 2 1 3 2 0 1 0 0 0 0 0 0 0 0 0 0 -6 -5 2 2 -1 -2 -1 0
checker 2 opponent 6 5 0 0 0 2 -3 -2 2 3 2 2 0 0 -2 2 0 0 0 -3 0 -3 2 0 -2 0 0 0
checker 2 player 3 1 0 0 0 2 0 -1 3 0 3 0 0 0 -2 2 0 0 -3 -2 -3 -2 2 3 -2 0 0 0
checker 2 opponent 2 1 0 0 0 2 -3 -2 2 3 2 3 0 0 -2 2 0 0 0 -2 0 -2 -2 0 -2 0 0 1
checker 2 player 4 3 0 0 -1 2 0 2 2 0 2 0 0 0 -2 2 0 0 -3 -2 -2 -3 2 3 -2 0 0 0
checker 2 opponent 5 5 0 0 0 2 -3 -2 3 2 2 3 0 0 0 2 0 -1 -1 -2 0 -2 -2 0 -2 1 0 0
checker 2 player 5 5 0 0 0 2 0 2 2 0 2 1 1 0 -1 0 0 0 -3 -4 -2 -3 2 3 -2 0 0 0
checker 2 player 6 3 0 0 0 0 2 2 2 1 1 0 0 0 -2 2 0 -2 -3 -3 -2 -2 2 2 0 0 -1 1
checker 2 opponent 6 4 0 1 0 -1 -2 -2 2 2 3 3 2 0 -1 2 0 0 0 -1 -2 -2 -2 -2 0 0 0 0
checker 2 player 6 5 0 0 0 0 2 2 2 2 1 0 0 0 0 1 0 -2 -4 -3 -3 -2 2 2 1 0 -1 0
checker 2 player 5 1 0 0 -1 0 2 0 2 1 2 0 0 0 -2 2 0 -2 -2 -3 -2 -3 3 2 0 0 1 0
checker 2 opponent 6 2 0 -1 0 0 -2 -3 3 2 3 2 2 0 -1 2 0 0 0 -2 -2 -2 0 -2 0 1 0 0
checker 2 player 3 2 0 0 -1 0 2 0 2 2 2 0 0 0 0 1 -1 -2 -2 -3 -3 -3 3 2 0 0 1 0
checker 2 opponent 6 4 0 0 0 -1 -2 -3 3 3 3 2 2 1 0 0 0 -1 0 -2 -2 -2 0 -2 0 1 0 0
checker 2 player 4 3 0 0 -1 0 2 0 2 2 2 0 1 0 0 0 0 -2 -2 -3 -3 -3 3 2 1 0 -1 0
checker 2 opponent 2 1 0 1 0 -1 -2 -3 3 3 3 2 2 0 0 0 0 0 0 -2 -2 -2 0 -2 -1 1 0 0
checker 2 player 4 2 0 0 0 0 2 -1 2 2 2 0 0 0 0 0 0 -2 -2 -3 -3 -3 3 2 1 0 -1 1
checker 2 opponent 2 1 0 1 -1 -1 -2 -3 3 3 3 2 2 0 0 0 0 0 0 -2 -1 -2 1 -2 -1 0 0 0
checker 2 player 6 4 0 0 0 1 2 -1 2 1 2 0 0 0 0 0 0 -2 -2 -2 -2 -5 3 2 1 1 -1 0
checker 2 opponent 6 2 0 1 -1 -1 -2 -2 5 2 2 2 2 -1 0 0 0 0 0 -2 0 -2 1 -2 -2 0 0 0
checker 2 player 2 1 0 0 0 2 2 0 2 0 2 0 0 0 0 -1 1 -2 -2 -2 -2 -5 2 2 1 1 -1 0
checker 2 opponent 2 1 0 1 0 -2 -2 -2 5 2 2 2 2 0 1 -1 0 0 0 -2 0 -2 0 -2 -2 0 0 0
checker 2 player 4 2 0 0 0 2 2 0 2 0 2 0 0 0 1 0 0 -2 -3 -2 -2 -5 2 2 2 0 -1 0
checker 2 opponent 6 1 0 1 0 -2 -2 -2 5 2 2 3 2 0 0 0 0 0 0 -2 0 -3 0 -2 -2 0 0 0
checker 2 player 6 1 0 0 0 2 2 0 3 0 2 0 0 0 0 0 0 -2 -2 -2 -2 -5 2 2 2 -1 -1 0
checker 2 player 6 6 0 0 0 0 2 2 2 1 1 0 0 0 -3 2 0 -2 -2 -3 -2 -3 2 2 0 0 1 0
checker 2 player 1 1 0 0 0 2 0 -2 3 0 3 0 0 0 -1 2 0 0 -3 -2 -3 -2 2 3 -2 0 0 0
checker 2 opponent 6 4 0 0 0 2 -3 -2 2 3 2 3 0 0 0 0 -2 0 0 -3 0 -3 2 0 -2 0 0 1
checker 2 player 3 2 0 0 0 2 0 -2 3 0 3 0 -1 2 0 0 0 0 -3 -2 -3 -2 2 3 -2 0 0 0
checker 2 opponent 4 1 0 0 0 2 -3 -2 2 3 2 3 0 0 0 0 -2 1 0 -2 0 -3 2 0 -3 0 0 0
checker 2 player 5 3 0 0 0 3 0 -1 3 0 2 0 -2 2 0 0 0 0 -3 -2 -3 -2 2 3 -2 0 0 0
checker 2 opponent 4 1 0 0 0 2 -3 -2 2 3 2 3 0 0 0 0 0 2 0 -3 0 -4 1 0 -3 0 0 0
checker 2 player 3 3 0 0 0 3 0 0 4 0 3 -1 -2 0 0 0 0 0 -3 -2 -2 -3 2 3 -2 0 0 0
checker 2 opponent 6 2 0 0 0 2 -3 -2 3 2 2 3 0 0 0 0 0 2 1 0 0 -4 -2 0 -3 -1 0 0
checker 2 player 4 1 0 0 1 3 0 2 4 0 0 0 -2 0 0 0 0 0 -3 -3 -2 -3 2 3 -2 0 0 0
checker 2 opponent 3 1 0 0 0 2 -2 -3 3 2 3 3 0 0 0 0 0 2 0 0 0 -3 -2 0 -3 -2 0 0
checker 2 player 4 2 0 0 2 3 0 2 3 0 0 0 -2 0 0 0 0 0 -2 -2 -3 -4 3 2 -2 0 0 0
checker 2 opponent 5 4 0 0 0 2 -2 -3 4 3 2 2 0 0 0 0 0 2 0 0 0 -3 -1 0 -2 -2 -2 0
checker 2 player 1 1 0 2 2 2 0 1 3 0 0 0 -2 0 0 0 0 0 -2 -2 -2 -3 3 2 -2 -2 0 0
checker 2 opponent 5 4 0 0 2 2 -2 -3 3 2 2 2 0 0 0 0 0 2 0 0 0 -1 -1 -2 -2 -2 -2 0
checker 2 player 6 2 0 2 2 2 2 1 1 0 0 0 -1 0 0 0 0 0 -2 -2 -2 -4 3 2 -2 -2 0 0
checker 2 opponent 5 1 0 0 2 2 -2 -2 4 2 2 2 0 0 0 -1 0 1 0 0 0 -1 -1 -2 -2 -2 -2 0
checker 2 player 6 1 0 2 2 2 2 1 1 0 0 0 0 0 1 0 0 0 -3 -2 -2 -4 2 2 -2 -2 0 0
checker 2 opponent 5 1 0 0 2 2 -2 -2 4 2 2 3 0 0 0 0 0 0 0 0 0 -1 -2 -2 -2 -2 -2 0
checker 2 player 5 2 0 2 2 2 2 2 1 0 0 0 0 0 0 0 0 0 -3 -2 -2 -3 2 2 -2 -1 -2 0
checker 2 player 5 4 0 0 2 0 2 2 2 2 0 0 0 0 -3 0 0 -2 -2 -3 -2 -3 2 3 0 0 0 0
checker 2 opponent 2 2 0 0 0 0 -3 -2 3 2 3 2 2 0 0 3 0 0 0 0 0 -2 -2 -2 -1 -3 0 0
checker 2 player 4 1 0 0 3 1 2 2 2 0 0 0 0 0 0 0 -2 -2 -3 -3 -2 -3 2 3 0 0 0 0
checker 2 opponent 2 1 0 0 0 0 -2 -3 3 2 3 3 2 2 0 0 0 0 0 0 0 -1 -2 -2 -1 -4 0 0
checker 2 player 1 1 0 0 4 1 2 2 1 0 0 0 0 0 0 0 -2 -2 -2 -3 -2 -4 3 2 0 0 0 0
checker 2 opponent 4 2 0 0 0 0 -2 -3 4 2 3 2 2 2 0 0 0 0 0 0 0 0 -1 -3 -2 -4 0 0
checker 2 opponent 6 2 0 0 1 0 -2 -3 4 2 2 2 2 2 0 0 0 0 0 0 0 0 0 -3 -2 -4 -1 0
checker 2 opponent 6 5 0 0 1 1 -2 -2 4 2 2 2 2 0 0 0 0 -1 0 0 0 0 0 -3 -2 -4 -1 1
checker 2 player 6 5 0 1 4 2 3 0 -1 0 0 0 1 0 0 0 0 -2 -2 -2 -2 -3 2 2 -1 -1 -1 0
checker 2 player 3 3 0 0 0 0 2 -1 2 1 2 0 0 0 -2 2 0 -2 -2 -3 -2 -2 3 2 0 0 -1 1
checker 2 opponent 6 2 0 1 0 -1 -2 -3 2 2 3 2 2 0 -1 2 0 -1 0 0 -1 -2 -2 -2 0 0 0 1
checker 2 player 2 1 0 0 0 0 2 2 2 1 -1 0 1 0 -2 1 0 -2 -2 -3 -2 -2 3 2 1 0 -1 0
checker 2 opponent 6 1 0 1 0 -1 -2 -3 2 2 3 2 2 0 -1 2 0 0 0 0 -2 -2 -2 -2 0 0 0 1
checker 2 player 5 3 0 -1 0 0 2 2 2 2 0 0 0 0 -2 1 0 -2 -2 -2 -2 -2 3 2 1 -1 -1 0
checker 2 opponent 4 3 0 1 1 -1 -2 -3 2 2 2 2 2 0 0 2 0 0 0 0 -2 -2 -3 -2 0 0 1 0
checker 2 player 4 1 0 -1 0 0 2 3 2 2 0 0 0 0 -1 0 0 -2 -2 -2 -2 -3 3 2 1 -1 -1 0
checker 2 opponent 4 2 0 1 1 -1 -2 -3 3 2 2 2 2 0 0 1 0 0 0 0 -1 -2 -2 -3 -1 0 1 0
checker 2 opponent 5 3 0 1 1 -2 -2 -4 3 2 2 2 2 0 0 1 0 0 0 0 1 -2 -2 -3 0 0 0 0
checker 2 player 3 3 0 0 0 0 3 2 2 0 0 0 -1 0 -1 0 0 -2 -2 -2 -2 -2 4 2 2 -1 -2 0
checker 2 opponent 6 5 0 2 1 -2 -2 -4 2 2 2 2 2 0 0 1 0 1 0 0 0 0 0 -3 -2 -2 0 0
checker 2 player 6 1 0 0 2 2 3 0 0 0 0 0 -1 0 0 0 0 -2 -2 -2 -2 -2 4 2 2 -2 -2 0
checker 2 opponent 3 1 0 2 2 -2 -2 -3 2 2 2 2 2 0 -1 0 0 1 0 0 0 0 0 -3 -2 -2 0 0
checker 2 opponent 6 3 0 2 2 -2 -2 -4 2 2 2 2 2 1 0 0 0 0 0 0 0 0 0 -2 -2 -2 -1 0
checker 2 player 6 3 0 1 2 2 2 0 0 0 0 0 0 0 0 0 0 -2 -2 -2 -2 -2 4 2 2 -3 -2 0
checker 2 player 4 4 0 1 2 2 2 0 0 0 0 0 0 1 0 0 0 -2 -2 -2 0 0 3 2 2 -5 -4 0
checker 2 opponent 6 1 0 4 5 0 -2 -3 0 0 2 2 2 -2 0 0 -1 0 0 0 0 0 0 -2 -2 -2 -1 0
checker 2 player 5 1 0 1 2 2 2 0 0 0 0 0 0 1 0 0 2 -2 0 -3 0 0 3 2 -1 -5 -4 0
checker 2 opponent 1 1 0 4 5 1 -2 -3 0 0 3 0 2 -1 -1 0 0 0 0 0 0 -1 0 -2 -2 -2 -1 0
checker 2 player 6 3 0 1 2 2 2 0 1 0 0 0 0 0 0 1 1 0 0 -5 0 0 3 2 -1 -5 -4 0
checker 2 player 4 3 0 1 2 2 2 0 1 0 0 0 0 1 0 1 1 0 0 -4 0 0 2 2 -2 -5 -4 0
checker 2 player 5 3 0 1 2 2 2 0 2 0 0 0 0 1 0 0 1 0 0 -3 0 0 2 2 -3 -5 -4 0
checker 2 player 6 6 0 1 2 2 2 0 3 0 0 0 0 1 0 0 0 0 0 -2 0 0 2 2 -3 -6 -4 0
checker 2 player 5 4 0 0 0 2 0 0 3 0 3 -1 0 -1 -2 2 0 0 -2 -2 -3 -2 2 3 -2 0 0 0
checker 2 opponent 2 1 0 0 0 2 -2 -2 2 3 2 2 0 0 0 2 -1 0 0 -1 -2 -3 0 -2 -2 1 1 0
checker 2 player 6 6 0 0 -2 2 2 0 3 2 1 0 0 1 -1 0 -1 0 -2 -2 -3 -2 2 2 -2 0 0 0
checker 2 opponent 4 4 0 0 0 0 -3 -2 3 2 3 2 2 0 0 3 0 0 0 0 -2 0 -2 -3 -1 -2 0 0
checker 2 player 6 4 0 0 2 1 3 2 0 2 0 0 0 0 0 0 0 -2 -5 -3 -2 -2 2 3 0 -1 0 0
checker 2 player 6 2 0 0 0 0 2 2 2 1 1 0 0 0 -3 2 0 -2 -2 -3 -2 -3 2 2 0 0 1 0
checker 2 opponent 6 2 0 0 0 -1 -2 -2 3 2 3 2 2 0 -1 3 0 0 0 -1 -2 -2 -2 -2 0 0 0 0
checker 2 player 4 1 0 0 0 0 2 2 2 2 1 0 0 0 -2 1 0 -2 -2 -2 -3 -4 2 2 1 0 0 0
checker 2 opponent 5 4 0 0 0 -1 -2 -2 4 3 2 2 2 0 -1 2 0 0 0 0 -2 -2 -2 -2 -1 0 0 0
checker 2 player 6 5 0 0 0 1 2 2 2 2 0 0 0 0 0 1 0 -2 -3 -3 -3 -4 2 2 1 0 0 0
checker 2 opponent 5 3 0 0 0 -1 -2 -2 4 3 3 3 2 0 0 0 0 0 0 0 -2 -2 -2 -2 -1 -1 0 0
checker 2 player 4 3 0 0 1 1 2 2 2 2 0 0 0 0 0 0 0 -2 -2 -3 -3 -4 2 2 1 0 -1 0
checker 2 opponent 3 1 0 1 0 -1 -2 -2 4 3 3 2 2 0 0 0 0 0 0 0 0 -2 -2 -3 -2 -1 0 0
checker 2 player 2 2 0 0 1 2 3 2 2 0 0 0 0 0 0 0 0 0 -3 -3 -4 -4 2 2 1 0 -1 0
checker 2 opponent 3 1 0 1 0 0 -2 -3 4 4 3 3 0 0 0 0 0 0 0 0 0 -2 -1 -2 -2 -2 -1 0
checker 2 player 3 2 0 1 2 2 2 1 2 0 0 0 0 0 0 0 0 0 -3 -3 -3 -4 3 2 -1 0 -1 0
checker 2 opponent 6 1 0 1 0 1 -2 -3 4 3 3 3 0 0 0 0 0 0 0 0 0 -1 -1 -2 -2 -2 -2 0
checker 2 player 6 3 0 2 2 2 2 1 1 0 0 0 0 0 0 0 0 0 -2 -2 -4 -4 3 2 -2 0 -1 0
checker 2 opponent 5 1 0 1 0 2 -2 -2 4 4 2 2 0 0 0 0 -1 0 0 0 0 -1 -1 -2 -2 -2 -2 0
checker 2 player 5 3 0 2 2 2 2 1 1 0 0 0 0 1 0 0 0 0 -2 -2 -3 -4 2 2 -2 0 -2 0
checker 2 opponent 4 3 0 -1 0 0 -2 -3 3 2 3 2 2 0 -2 2 0 0 0 -2 -1 -2 0 -2 0 1 0 0
checker 2 player 4 3 0 0 0 0 2 -1 2 1 2 0 0 0 -2 2 0 -2 -2 -3 -2 -2 3 2 0 -1 1 0
checker 2 opponent 3 3 0 -1 1 0 -2 -3 2 2 3 2 2 0 -2 2 0 0 0 -1 0 -2 -1 -2 -1 0 0 1
checker 2 player 1 1 0 0 0 -1 2 1 2 0 1 0 0 0 0 2 0 -3 -2 -3 -3 -2 3 2 0 -1 1 1
checker 2 opponent 4 3 0 -2 1 0 -2 -3 2 3 3 2 3 0 -2 0 0 0 0 0 0 -2 -2 -2 1 0 0 0
checker 2 player 4 3 0 0 0 0 2 2 2 0 0 0 -1 0 0 2 0 -3 -2 -3 -3 -2 3 2 0 -1 2 0
checker 2 opponent 6 2 0 -2 1 0 -2 -3 2 3 3 2 3 0 0 0 0 -1 -1 0 0 -2 -2 -2 0 0 0 1
checker 2 player 3 2 0 0 0 0 2 2 2 0 -1 1 1 0 0 0 0 -3 -2 -3 -3 -2 3 2 0 -1 2 0
checker 2 opponent 3 1 0 -2 1 0 -2 -3 2 3 3 2 3 0 0 0 0 0 0 1 -2 -2 -2 -2 0 0 0 0
checker 2 player 6 4 0 0 0 0 2 2 2 2 -1 0 0 0 0 0 0 -2 -2 -3 -3 -3 3 2 0 -1 2 0
checker 2 opponent 2 2 0 -2 1 0 -2 -2 3 3 3 2 2 0 0 0 0 -1 0 1 -2 -2 -2 -2 0 0 0 0
checker 2 player 3 1 0 0 0 0 2 2 2 2 0 0 0 0 0 0 0 -2 -3 -3 -3 -3 2 2 0 -1 2 1
checker 2 opponent 3 2 0 -2 1 -1 -2 -2 3 3 3 3 2 0 0 0 0 0 0 0 -1 -3 -2 -2 0 0 0 0
checker 2 player 5 2 0 0 0 0 2 2 3 1 0 0 0 0 0 0 0 -2 -3 -2 -3 -3 2 2 -1 -1 2 1
checker 2 opponent 5 2 0 -2 1 1 -2 -3 3 3 2 3 2 0 0 0 0 0 0 0 -1 -2 -2 -3 0 0 0 0
checker 2 player 3 1 0 0 0 0 3 2 2 1 0 0 0 0 0 0 0 -2 -2 -2 -3 -3 3 2 -1 -2 2 0
checker 2 opponent 4 1 0 -2 2 1 -2 -3 3 3 2 2 2 0 0 0 0 0 0 0 -1 -1 -2 -2 -2 0 0 0
checker 2 player 4 1 0 0 0 2 2 2 1 1 0 0 0 0 0 0 0 -2 -2 -2 -2 -3 3 2 -1 -3 2 0
checker 2 opponent 6 2 0 -2 3 1 -2 -3 3 2 2 2 2 0 0 0 0 0 0 0 0 -1 -2 -2 -2 -1 0 0
checker 2 player 5 3 0 0 1 2 2 2 1 0 0 0 0 0 0 0 0 -2 0 -2 -3 -3 3 2 -2 -3 2 0
checker 2 opponent 3 3 0 -2 3 2 -2 -3 3 3 2 0 2 0 0 0 0 0 0 0 0 0 -1 -2 -2 -2 -1 0
checker 2 player 6 3 0 1 2 2 2 1 0 0 0 0 0 0 0 0 0 0 0 -2 -5 -1 3 2 -4 -3 2 0
checker 2 player 5 2 0 1 2 2 2 1 0 0 0 0 0 1 0 0 0 0 0 0 -5 -2 2 2 -4 -4 2 0
checker 2 player 4 4 0 0 0 2 0 -2 3 0 3 0 0 0 -2 2 0 0 -2 -2 -3 -2 2 3 -2 0 0 0
checker 2 opponent 6 1 0 0 0 2 -3 -2 2 3 2 2 0 0 0 2 0 0 -2 -2 0 -2 2 -1 -2 -1 0 0
checker 2 player 6 6 0 0 1 2 1 -1 2 0 2 2 0 0 -3 0 0 0 -2 -2 -3 -2 2 3 -2 0 0 0
checker 2 opponent 6 3 0 0 0 0 -2 -2 3 4 3 2 2 0 1 0 0 0 0 0 0 -3 -3 -3 0 -2 0 0
checker 2 player 6 4 0 0 2 0 3 3 3 0 0 0 0 0 0 0 0 -2 -3 -3 -3 -3 2 2 0 0 -1 0
checker 2 player 4 4 0 0 0 0 2 2 2 1 1 0 0 0 0 2 0 -2 -2 -3 -4 -3 2 2 0 0 -1 1
checker 2 opponent 6 2 0 1 0 0 -3 -2 3 4 3 2 2 0 -1 0 0 0 0 -1 0 -2 -3 -2 -1 0 0 0
checker 2 player 5 2 0 0 0 1 2 3 2 0 1 0 0 0 0 1 0 -2 -2 -2 -3 -4 2 3 0 0 -2 0
checker 2 opponent 2 2 0 2 0 0 -3 -2 4 3 2 2 2 0 0 0 0 0 0 -2 0 -2 -2 -2 -2 0 0 0
checker 2 player 4 1 0 0 0 2 2 2 2 0 2 0 0 0 0 0 0 0 0 -4 -5 -4 2 3 0 0 -2 0
checker 2 opponent 6 1 0 2 0 0 -2 -2 4 5 4 -1 0 0 0 0 0 0 0 -2 0 -2 -2 -2 -2 0 0 0
checker 2 player 3 1 0 0 0 2 2 2 2 0 2 0 0 0 0 0 0 0 1 -3 -4 -5 2 2 0 -1 -2 0
checker 2 opponent 6 3 0 2 1 0 -2 -2 5 4 3 0 0 0 -1 0 0 0 0 -1 -1 -2 -2 -2 -2 0 0 0
checker 2 player 4 1 0 0 0 2 2 2 2 1 1 0 0 0 0 1 0 0 0 -2 -4 -4 2 2 -1 -2 -2 0
checker 2 opponent 6 3 0 2 2 1 -2 -2 4 4 2 0 0 0 -1 0 0 0 0 -1 0 -2 -2 -2 -2 -1 0 0
checker 2 player 6 2 0 0 1 2 2 2 2 0 1 0 0 0 0 1 0 0 0 -2 -3 -3 2 2 -2 -2 -3 0
checker 2 opponent 4 4 0 3 2 2 -2 -2 3 3 2 0 0 0 0 0 -1 0 0 0 0 -2 -2 -2 -2 -2 0 0
checker 2 player 6 4 0 0 2 2 2 2 2 0 0 0 0 1 0 0 0 0 0 -2 0 -2 2 2 -5 -3 -3 0
checker 2 player 4 2 0 1 2 2 2 2 2 0 0 0 0 0 0 0 0 0 0 -2 0 0 2 2 -7 -3 -3 0
checker 2 opponent 5 5 0 -1 0 0 -2 -3 3 2 3 2 2 0 -2 2 0 0 0 -2 -1 -2 0 -2 0 1 0 0
checker 2 player 6 3 1 0 0 0 2 0 2 0 2 0 0 0 -3 2 0 -2 -2 -2 -2 -2 3 2 -1 0 1 1
checker 2 player 6 5 0 -1 0 0 2 -1 2 0 2 0 0 0 -3 2 1 -2 -2 -2 -2 -2 2 2 1 0 1 0
checker 2 opponent 3 1 1 0 0 -2 -2 -3 2 2 2 3 2 0 0 2 1 0 1 0 0 -2 0 -2 -2 -1 0 0
checker 2 opponent 4 1 0 -1 0 -2 -2 -2 2 2 2 3 2 -1 1 1 0 0 1 0 0 -2 0 -2 -2 -1 0 1
checker 2 player 6 2 0 0 1 2 2 -1 2 0 0 -1 0 0 -1 -1 1 -2 -3 -2 -2 -2 2 2 2 0 1 0
checker 2 player 4 2 0 0 0 2 0 -1 3 0 3 0 0 0 -2 2 0 0 -3 -2 -3 -2 2 3 -2 0 0 0
checker 2 opponent 5 5 0 0 0 2 -3 -2 2 3 2 3 0 0 -2 2 0 0 0 -2 0 -2 1 -2 -2 0 0 0
checker 2 player 4 3 0 0 0 2 2 0 2 0 2 0 0 0 0 2 0 -1 -3 -4 -3 -2 2 3 -2 0 0 0
checker 2 opponent 1 1 0 0 0 2 -3 -2 2 3 4 3 1 0 -1 0 0 0 -1 -1 0 -2 -1 -2 -2 0 0 0
checker 2 player 3 2 0 0 0 2 2 1 2 0 1 1 0 0 0 1 0 0 -4 -3 -3 -3 2 3 -1 -1 0 0
checker 2 opponent 5 2 0 0 1 1 -3 -2 3 3 3 4 0 0 0 0 0 -1 0 -1 -1 -2 -1 -2 -2 0 0 0
checker 2 player 4 4 0 0 0 2 2 1 2 1 1 0 1 0 0 0 0 0 -4 -2 -2 -4 2 3 -1 -2 0 0
checker 2 opponent 6 1 0 0 2 1 -3 -2 4 2 2 4 0 0 0 0 0 0 0 0 -1 -1 -1 -3 -2 -2 0 0
checker 2 player 5 2 0 0 2 2 3 1 1 1 0 0 0 0 0 0 0 0 -3 -2 -2 -4 2 3 -2 -1 -1 0
checker 2 player 5 4 0 0 -1 0 2 0 2 1 2 0 0 0 0 2 0 -2 -3 -3 -3 -3 3 2 0 0 1 0
checker 2 opponent 5 1 0 -1 0 0 -2 -3 3 3 3 3 2 0 0 0 0 0 -1 -3 -1 -2 0 -2 0 1 0 0
checker 2 player 2 1 0 0 0 -1 2 0 2 1 3 1 0 0 0 0 0 -2 -3 -3 -3 -2 3 2 0 0 -1 1
checker 2 opponent 2 1 0 1 -1 0 -2 -3 2 3 3 3 2 0 0 0 0 0 -1 -2 -2 -2 0 -2 1 0 0 0
checker 2 player 5 3 0 0 0 0 2 -1 2 2 2 1 0 0 0 0 0 -2 -3 -3 -2 -3 3 2 0 1 -1 0
checker 2 opponent 4 1 0 1 -1 0 -2 -3 3 2 3 3 2 0 0 0 0 0 -1 0 -2 -2 -1 -2 -1 0 0 1
checker 2 player 5 1 0 0 0 1 2 -1 2 2 0 1 0 0 0 0 0 -2 -3 -3 -2 -3 3 2 0 1 -1 1
checker 2 opponent 4 3 0 1 -1 0 -2 -4 3 2 3 3 2 0 0 0 0 0 -1 0 -2 -2 1 -1 -2 0 0 0
checker 2 player 6 5 0 0 0 2 1 0 2 2 -1 1 0 0 0 0 0 -2 -3 -3 -2 -2 4 2 0 -1 -1 1
checker 2 opponent 6 5 0 1 1 0 -2 -4 2 2 3 3 2 -1 0 0 0 0 -1 1 -2 -2 0 -1 -2 0 0 0
checker 2 player 3 3 0 0 0 2 1 0 2 2 0 1 0 0 0 0 0 -2 -3 -3 -2 -3 4 2 0 -1 -1 1
checker 2 opponent 5 4 0 1 1 -1 -2 -4 3 2 3 3 2 0 0 0 0 0 0 0 0 -3 0 -3 -2 0 0 0
checker 2 player 4 3 0 0 0 2 3 0 3 0 0 0 0 0 0 0 0 -2 -3 -2 -2 -2 4 2 -1 -2 -1 1
checker 2 opponent 6 4 0 1 2 1 -3 -4 2 2 2 3 2 0 0 0 0 0 0 0 0 -3 0 -2 -2 0 -1 0
checker 2 player 3 2 0 1 0 2 2 0 3 0 0 0 0 0 0 0 0 -1 -2 -2 -2 -3 4 3 -2 -2 -1 0
checker 2 opponent 5 2 0 1 2 2 -3 -4 3 2 2 2 1 0 0 0 0 0 0 0 0 -2 0 -2 -2 0 -2 0
checker 2 player 3 2 0 2 0 2 2 0 2 0 0 0 0 0 0 0 0 0 -2 -2 -2 -3 4 3 -3 -2 -1 0
checker 2 opponent 5 4 0 1 2 3 -3 -4 3 2 2 2 0 0 0 0 0 0 0 0 0 0 0 -3 -3 0 -2 0
checker 2 opponent 4 3 0 1 3 4 -3 -3 3 0 2 2 0 -1 0 0 0 0 0 0 0 0 0 -3 -3 0 -2 0
checker 2 player 2 2 0 2 0 3 3 0 0 0 0 0 0 0 0 0 1 0 -1 -2 0 -3 3 3 -4 -4 -1 0
checker 2 player 5 4 0 0 0 0 2 2 2 1 1 0 0 0 -2 2 0 -2 -3 -2 -3 -3 2 2 0 0 1 0
checker 2 opponent 4 4 0 -1 0 0 -2 -2 3 3 2 3 2 0 -2 2 0 0 0 0 0 -2 -2 -2 -2 0 0 0
checker 2 player 5 1 0 0 0 2 2 2 2 0 0 0 0 0 -2 2 0 0 -3 -2 -3 -3 2 2 0 -2 1 0
checker 2 opponent 5 4 0 -1 2 0 -2 -2 3 3 2 3 0 0 -1 2 0 0 0 0 -1 -2 -2 -2 -2 0 0 0
checker 2 player 5 4 0 0 0 2 2 2 2 1 0 0 0 0 0 1 0 0 -4 -3 -3 -3 2 2 0 -2 1 0
checker 2 opponent 6 3 0 -1 2 0 -2 -2 3 3 3 4 0 0 0 0 0 0 -1 0 0 -2 -2 -2 -2 -1 0 0
checker 2 player 5 1 0 0 1 2 2 2 2 0 0 1 0 0 0 0 0 0 -3 -3 -3 -2 2 2 -2 -2 1 0
checker 2 opponent 5 2 0 -1 2 2 -2 -2 2 3 3 3 0 0 0 0 0 0 0 0 0 -2 -2 -2 -3 -1 0 0
checker 2 player 5 3 0 0 1 3 2 2 2 0 0 0 0 0 0 0 0 0 -3 -2 -2 -3 2 2 -2 -3 1 0
checker 2 opponent 5 2 0 0 0 0 -3 -2 3 2 3 2 2 0 0 3 0 0 0 0 -2 -2 -2 -2 0 -2 0 0
checker 2 player 5 1 0 0 2 0 2 2 2 2 0 0 0 0 -2 0 0 -2 -2 -3 -2 -4 2 3 0 0 0 0
checker 2 opponent 3 1 0 0 0 0 -2 -3 4 2 3 2 2 0 0 2 0 0 0 0 -1 -2 -2 -2 0 -3 0 0
checker 2 opponent 4 3 0 0 1 0 -2 -3 3 2 3 2 2 0 0 2 0 0 0 0 0 0 -2 -2 0 -4 -2 0
checker 2 opponent 5 3 0 0 1 1 -2 -3 2 2 3 3 2 0 0 1 0 0 0 0 0 0 0 0 0 -6 -4 0
checker 2 opponent 6 1 0 0 1 2 -2 -2 3 2 2 2 2 0 0 1 0 -1 0 0 0 0 0 0 0 -6 -4 0
checker 2 opponent 6 6 0 2 0 2 -2 -2 3 1 2 2 2 0 0 1 0 0 0 0 0 0 0 0 0 -6 -5 0
checker 2 player 2 1 0 0 0 0 2 2 2 2 1 0 0 0 -2 1 0 -2 -2 -3 -3 -2 2 2 -1 0 1 0
checker 2 opponent 5 4 0 0 0 -1 -2 -2 2 3 3 2 2 -1 1 1 0 0 0 -1 -2 -2 -2 -2 0 1 0 0
checker 2 player 4 1 0 0 -1 0 2 2 2 2 1 0 0 0 0 0 1 -2 -3 -3 -4 -2 2 2 1 0 0 0
checker 2 opponent 3 2 0 0 0 -1 -2 -2 2 4 3 3 2 0 0 0 0 0 -1 -1 -2 -2 -2 -2 0 1 0 0
checker 2 player 3 2 0 0 -1 0 2 2 2 2 1 1 0 0 0 0 0 -2 -2 -2 -4 -4 2 2 1 0 0 0
checker 2 opponent 6 3 0 0 0 0 -2 -3 4 4 2 2 2 0 0 0 0 0 0 -1 -2 -3 -2 -2 0 1 0 0
checker 2 player 6 3 0 0 0 0 2 2 3 2 0 0 0 -1 0 0 0 -2 -2 -2 -4 -4 3 2 0 0 0 1
checker 2 opponent 6 2 0 0 0 -1 -2 -2 4 4 2 2 2 -1 0 0 1 0 0 0 -2 -3 -2 -2 0 0 0 0
checker 2 player 5 3 0 0 0 0 2 2 3 2 0 0 0 0 0 0 1 -2 -2 -2 -4 -5 2 2 1 0 0 0
checker 2 opponent 4 4 0 0 0 -1 -2 -2 5 4 2 2 2 0 0 0 0 0 -1 0 -2 -2 -2 -2 -1 0 0 0
checker 2 player 6 2 0 0 0 1 2 2 2 2 0 1 0 0 0 0 0 0 -2 -2 -4 -5 2 2 1 -2 0 0
checker 2 opponent 5 2 0 0 2 -1 -2 -2 5 4 2 2 0 0 0 0 0 0 0 0 -1 -2 -3 -2 -2 0 0 0
checker 2 player 4 4 0 0 0 2 2 3 2 1 0 0 0 0 0 0 0 0 -2 0 -4 -6 2 2 -1 -2 0 1
checker 2 player 2 2 0 0 0 2 2 3 2 1 0 1 0 0 0 0 0 0 0 0 -6 -6 2 2 0 -2 -1 0
checker 2 opponent 2 1 0 1 2 0 -2 -2 6 6 0 0 0 0 0 0 0 0 0 0 0 -2 -4 -2 -3 0 0 0
checker 2 player 3 2 0 0 0 3 2 4 2 0 0 0 0 0 0 0 0 0 0 0 -5 -7 2 2 0 -2 -1 0
checker 2 player 4 2 0 0 0 0 2 2 2 0 -1 0 0 0 -1 2 -1 -2 -2 -3 -2 -3 3 2 0 0 1 1
checker 2 opponent 6 6 0 -1 -1 0 -2 -3 3 2 3 2 2 1 -1 1 0 0 -1 1 0 -2 -2 -2 0 0 0 0
checker 2 opponent 5 3 0 -1 1 0 -3 -3 3 2 2 2 2 2 -1 0 0 0 -1 0 0 -2 -2 -2 0 0 0 1
checker 2 player 5 5 0 0 0 -1 2 2 2 0 0 1 0 0 0 1 -2 -2 -2 -2 -2 -2 3 3 0 -1 -1 1
checker 2 opponent 3 1 0 1 1 0 -3 -4 2 2 2 2 2 2 0 0 0 0 0 0 0 -2 -2 -3 -1 0 0 1
checker 2 player 3 2 0 0 0 -1 3 2 2 0 0 0 0 0 0 0 -2 -2 -2 -2 -2 -2 4 3 0 0 -2 1
checker 2 opponent 6 3 0 2 -1 0 -3 -4 2 2 2 2 2 2 0 0 0 0 0 0 0 -1 -2 -3 -1 0 0 1
checker 2 player 3 2 0 0 0 1 3 2 0 0 0 -1 0 0 0 0 -2 -2 -2 -2 -2 -2 4 3 0 1 -2 1
checker 2 opponent 5 2 0 2 -2 0 -3 -4 2 2 2 2 2 2 0 0 0 0 1 0 0 0 -1 -3 -1 -1 0 0
checker 2 player 5 3 0 0 1 1 3 1 0 0 0 0 0 0 0 0 -2 -2 -3 -2 -2 -2 4 3 0 2 -2 0
checker 2 opponent 4 1 0 2 -2 0 -3 -4 2 2 2 3 2 2 0 0 0 0 0 0 0 0 0 -3 -1 -2 0 0
checker 2 player 4 1 0 0 2 1 3 0 0 0 0 0 0 0 0 0 -1 -2 -3 -2 -2 -3 4 3 0 2 -2 0
checker 2 opponent 4 3 0 2 -2 0 -3 -4 3 2 2 3 2 1 0 0 0 0 0 0 0 0 0 -2 -2 -2 0 0
checker 2 player 6 3 0 0 2 2 2 0 0 0 0 0 0 0 0 0 0 -2 -3 -2 -3 -2 4 3 -1 2 -2 0
checker 2 opponent 3 3 0 2 -2 1 -3 -3 2 3 2 3 2 0 0 0 -1 0 0 0 0 0 0 -2 -2 -2 0 0
checker 2 player 6 4 0 0 2 2 2 0 0 0 0 0 0 1 0 0 0 -2 0 -2 -3 -4 3 3 -2 2 -2 0
checker 2 opponent 4 2 0 2 -2 2 -3 -2 4 3 2 0 2 0 0 0 -1 -1 0 0 0 0 0 -2 -2 -2 0 0
checker 2 player 3 2 0 0 2 2 2 0 0 0 0 0 1 1 0 0 0 0 0 -3 -3 -5 2 3 -2 2 -2 0
checker 2 opponent 6 1 0 2 -2 2 -3 -2 5 3 3 0 0 0 0 0 0 -1 0 0 0 -1 0 -2 -2 -2 0 0
checker 2 player 3 2 0 0 2 2 2 0 1 0 0 0 1 0 0 0 0 0 0 -2 -3 -5 2 3 -2 2 -3 0
checker 2 opponent 5 4 0 3 -2 2 -3 -2 5 3 2 0 0 0 0 0 0 0 0 0 0 -1 -1 -2 -2 -2 0 0
checker 2 player 5 3 0 0 2 2 2 1 1 0 0 0 0 0 0 0 0 0 0 -1 -2 -5 2 3 -4 2 -3 0
checker 2 opponent 4 2 0 3 -2 4 -2 -2 5 2 1 0 0 0 -1 0 0 0 0 0 0 -1 -1 -2 -2 -2 0 0
checker 2 player 5 4 0 0 2 2 2 1 1 0 0 0 0 0 0 1 0 0 0 0 -1 -6 2 2 -5 2 -3 0
checker 2 player 4 1 0 -1 2 2 2 1 1 0 0 0 0 0 0 1 1 0 0 0 0 -6 2 2 -4 1 -4 0
checker 2 opponent 6 5 0 4 -1 4 -2 -2 6 0 0 0 0 0 -1 0 0 -1 0 0 0 0 -2 -2 -2 -2 1 0
checker 2 player 5 4 0 0 2 2 2 2 0 0 0 0 1 0 -1 1 0 0 0 0 0 -6 2 2 -4 1 -4 0
checker 2 player 2 1 0 0 2 0 2 2 2 2 0 0 0 0 -1 0 0 -3 -2 -4 -2 -3 2 3 0 0 0 0
checker 2 opponent 6 6 0 0 0 0 -2 -3 3 2 4 2 3 0 0 1 0 0 0 0 -1 -2 -3 -2 0 -2 0 0
checker 2 player 5 1 0 0 2 0 2 3 2 1 0 0 0 0 0 0 0 -3 -2 -2 -2 -3 3 2 0 -2 -1 0
checker 2 opponent 6 1 0 1 2 0 -2 -3 3 2 2 2 3 0 0 0 0 0 0 0 0 -2 -3 -2 0 -2 -1 0
checker 2 player 4 3 0 1 2 0 2 3 2 0 0 0 0 0 0 0 0 -2 -2 -2 -2 -3 3 2 -1 -2 -1 0
checker 2 opponent 4 2 0 1 2 1 -2 -3 3 2 2 2 2 0 0 0 0 0 0 0 0 -1 -2 -2 -1 -2 -2 0
checker 2 player 6 4 0 2 2 1 2 2 1 0 0 0 0 0 0 0 0 0 -2 -3 -2 -4 3 2 -1 -2 -1 0
checker 2 opponent 3 2 0 1 2 1 -2 -2 4 2 3 2 0 0 0 0 0 -1 0 0 0 -1 -2 -2 -1 -2 -2 0
checker 2 player 2 1 0 2 2 1 2 2 1 0 0 0 1 0 0 0 0 0 0 -3 -3 -5 2 2 -1 -2 -1 0
checker 2 opponent 2 1 0 1 2 1 -2 -2 5 3 3 0 0 0 0 0 0 -1 0 0 0 0 -2 -2 -2 -2 -2 0
checker 2 player 6 1 0 2 2 2 2 2 0 0 0 0 1 0 0 0 0 0 0 -2 -2 -7 2 2 -1 -2 -1 0
checker 2 opponent 5 4 0 0 0 2 -3 -2 2 3 2 2 0 0 -2 2 0 0 0 -3 0 -3 2 0 -2 0 0 0
checker 2 player 4 1 0 0 0 2 0 0 3 0 3 -1 -1 0 -2 2 0 0 -2 -2 -3 -2 2 3 -2 0 0 0
checker 2 opponent 5 4 0 0 0 2 -2 -3 2 3 2 2 0 0 -1 2 0 1 -1 -3 0 -3 0 0 -2 0 0 1
checker 2 player 4 1 0 0 0 2 0 0 3 0 3 -1 -1 0 -2 1 0 0 -2 -2 -3 -2 3 2 -2 0 0 1
checker 2 opponent 5 5 0 -1 0 2 -2 -3 2 3 2 2 0 0 0 2 0 1 -1 -3 0 -3 0 0 -2 0 0 1
checker 2 player 5 2 0 0 0 2 0 0 3 0 3 1 0 0 -2 0 0 -2 -2 -2 -3 -2 3 2 -2 0 1 0
checker 2 opponent 5 5 0 -1 0 2 -2 -3 2 3 2 2 2 0 0 2 0 0 0 -3 0 -2 0 -2 -2 0 0 0
checker 2 player 6 3 0 0 0 2 2 0 2 0 3 0 0 0 0 0 0 -2 -2 -3 -2 -2 3 2 -3 -1 1 0
checker 2 opponent 5 3 0 -1 1 3 -2 -2 2 2 3 2 2 -1 0 0 0 0 0 -2 0 -2 -1 -2 -2 0 0 0
checker 2 player 3 3 0 0 0 2 2 1 2 0 2 0 0 0 0 0 1 -1 -2 -3 -2 -2 2 2 -3 -2 1 0
checker 2 opponent 3 1 0 0 2 3 -3 -2 2 2 3 2 1 0 0 0 0 0 0 -2 0 -2 -2 -2 -2 0 0 0
checker 2 player 3 3 0 0 0 2 2 2 2 0 2 0 0 0 0 0 0 0 -2 -2 -4 -2 2 3 -3 -2 0 0
checker 2 opponent 4 1 0 0 2 3 -3 -2 2 4 2 2 0 0 0 0 0 0 0 0 0 -2 -2 -2 -2 -2 0 0
checker 2 player 4 3 0 0 2 2 2 2 2 0 0 0 0 0 0 0 0 0 -2 -2 -2 -3 2 3 -4 -2 0 0
checker 2 opponent 4 2 0 0 2 4 -3 -2 3 2 2 2 0 0 0 0 0 0 0 0 0 -2 -1 -1 -2 -2 -2 0
checker 2 player 5 3 0 2 2 2 1 1 2 0 0 0 0 0 0 0 0 0 -2 -2 -2 -2 2 3 -3 -3 -1 0
checker 2 player 6 2 0 0 -1 0 2 0 2 1 2 0 0 0 -2 2 0 -2 -2 -3 -2 -3 3 2 0 0 1 0
checker 2 opponent 1 1 0 0 0 -1 -2 -2 3 2 3 2 2 -1 -2 2 0 0 0 -2 -1 -2 0 -2 0 1 0 0
checker 2 player 5 3 0 0 0 -1 2 0 2 1 2 0 0 0 -2 2 1 0 -3 -4 -2 -3 2 2 1 0 0 0
checker 2 player 6 5 1 0 0 1 2 1 2 1 0 0 0 0 -2 2 1 0 -3 -4 -2 -3 2 2 1 0 0 0
checker 2 opponent 6 5 0 0 0 -1 -2 -2 3 2 4 3 0 0 -2 2 0 0 0 0 -1 -2 -1 -2 -2 0 0 1
checker 2 player 4 3 0 0 0 2 2 0 2 1 0 0 0 -1 -2 2 0 0 -3 -4 -2 -3 2 2 1 0 0 1
checker 2 opponent 6 3 0 0 0 -2 -2 -2 3 2 4 3 0 0 -1 2 1 0 -1 0 -1 -2 0 -2 -2 0 0 0
checker 2 player 6 4 0 0 0 2 2 0 2 1 0 1 0 0 -2 1 -1 0 -3 -3 -2 -3 2 2 2 -1 0 0
checker 2 player 5 2 0 0 0 0 2 2 2 1 1 0 0 0 -3 2 0 -2 -2 -3 -2 -3 2 2 0 0 1 0
checker 2 opponent 3 3 0 -1 0 0 -2 -2 3 2 3 2 2 0 -2 3 0 0 0 0 -1 -2 -1 -2 -2 0 0 0
checker 2 player 2 2 0 0 0 2 2 1 2 1 0 0 0 0 0 2 0 -4 -2 -3 -3 -3 2 2 0 0 1 0
checker 2 opponent 4 1 0 -1 0 0 -2 -2 3 3 3 2 4 0 -1 0 0 0 0 0 -1 -2 -2 -2 -2 0 0 0
checker 2 player 6 3 0 0 0 2 2 2 2 1 0 0 0 0 0 1 0 -3 -3 -3 -2 -3 2 2 -1 0 1 0
checker 2 opponent 6 2 0 -1 0 1 -2 -2 3 2 3 3 3 0 0 0 0 0 0 0 -1 -2 -2 -3 -2 0 0 0
checker 2 player 6 5 0 0 0 2 3 2 2 1 0 0 0 0 0 0 0 -2 -2 -4 -2 -3 2 2 -2 0 1 0
checker 2 player 1 1 0 0 0 2 0 -1 3 0 3 0 -1 0 -2 2 0 0 -2 -2 -3 -2 2 3 -2 0 0 0
checker 2 opponent 4 3 0 0 0 2 -3 -2 2 3 2 2 0 0 -2 2 0 1 0 -2 0 -2 -2 0 -2 0 0 1
checker 2 player 5 4 0 0 0 2 0 2 2 -1 2 0 -1 0 -2 2 0 0 -2 -2 -3 -2 2 3 -2 0 0 0
checker 2 opponent 2 1 0 0 0 2 -3 -2 2 3 2 2 0 0 -2 2 2 0 0 -2 0 -2 -2 0 -2 0 0 0
checker 2 player 5 5 0 0 0 2 0 2 2 0 2 0 0 -2 -2 2 0 0 -2 -2 -2 -3 2 3 -1 0 -1 0
checker 2 player 2 1 0 0 2 0 2 2 2 2 0 0 0 0 -3 0 0 -2 -2 -3 -2 -3 2 3 0 0 0 0
checker 2 opponent 6 5 0 0 0 0 -2 -3 3 2 3 2 2 0 0 3 0 0 0 0 -1 -2 -3 -2 0 -2 0 0
checker 2 player 4 4 0 0 2 0 2 3 2 1 0 0 0 0 -2 0 0 -2 -2 -3 -2 -3 3 2 0 -1 0 0
checker 2 opponent 4 1 0 0 1 0 -2 -3 3 2 3 2 2 0 0 2 0 0 0 0 0 0 -2 -2 -1 -4 -1 0
checker 2 player 1 1 0 1 4 1 2 2 0 0 0 0 0 0 -1 -1 0 -2 -2 -3 -2 -2 3 2 0 -2 0 0
checker 2 opponent 6 2 0 0 2 0 -2 -3 2 2 3 2 2 0 1 1 0 0 0 0 0 0 0 -3 -2 -3 -2 0
checker 2 player 5 1 0 2 3 2 3 0 0 0 0 0 0 0 0 0 -1 -2 -2 -3 -2 -3 3 2 0 -2 0 0
checker 2 opponent 1 1 0 0 2 0 -2 -3 3 2 3 2 2 1 0 0 0 0 0 0 0 0 0 -2 -3 -3 -2 0
checker 2 player 6 1 0 2 3 3 2 0 0 0 0 0 0 0 0 0 0 -2 -3 -3 -2 -3 3 2 0 0 -2 0
checker 2 opponent 6 3 0 2 0 0 -2 -2 3 2 3 3 2 0 -1 0 0 0 0 0 0 0 0 -2 -3 -3 -2 0
checker 2 player 6 6 0 2 3 3 2 0 0 0 0 0 0 0 0 1 0 -2 -2 -3 -2 -2 2 2 -2 0 -2 0
checker 2 player 5 4 0 0 0 2 0 -2 3 0 3 0 0 0 -1 2 0 0 -3 -2 -3 -2 2 3 -2 0 0 0
checker 2 opponent 5 4 0 0 0 2 -3 -2 2 3 2 3 0 0 -1 1 0 0 0 -3 0 -3 2 -1 -2 0 0 0
checker 2 player 5 5 0 0 0 2 1 -2 3 0 3 0 0 0 0 1 0 0 -3 -3 -2 -2 2 3 -3 0 0 0
checker 2 opponent 5 2 0 -1 0 0 -2 -2 3 2 3 2 2 0 -2 3 0 0 0 -1 -1 -2 -2 -2 0 0 0 0
checker 2 player 2 2 0 0 0 0 2 2 2 1 1 0 0 0 -2 2 0 -2 -2 -3 -2 -4 2 2 0 0 1 0
checker 2 opponent 4 3 0 -1 0 0 -2 -2 4 2 3 2 2 0 -1 2 0 0 -1 -1 0 -2 -2 -2 -1 0 0 0
checker 2 player 4 1 0 0 0 1 2 2 2 0 1 1 0 0 0 1 0 -3 -3 -3 -2 -4 2 2 0 0 1 0
checker 2 opponent 6 3 0 -1 0 0 -2 -2 4 2 3 3 3 0 -1 0 0 0 -1 0 0 -2 -2 -2 -2 0 0 0
checker 2 player 4 3 0 0 0 2 2 2 2 0 0 1 0 0 0 1 0 -3 -2 -3 -2 -3 2 2 -2 0 1 0
checker 2 opponent 4 3 0 -1 0 2 -2 -2 3 2 3 2 3 0 -1 0 0 0 0 0 0 -2 -2 -2 -2 -1 0 0
checker 2 player 5 3 0 0 1 2 2 2 2 0 0 0 0 0 0 1 0 -2 -2 -3 -2 -3 2 2 -3 0 1 0
checker 2 opponent 5 3 0 -1 0 3 -2 -2 3 2 3 2 2 0 0 0 0 0 0 0 0 -2 -3 -2 -2 -1 0 0
checker 2 player 5 3 0 0 1 2 2 3 2 0 0 0 0 0 0 0 0 -2 -2 -2 -2 -2 2 2 -5 0 1 0
checker 2 opponent 5 3 0 -1 0 5 -2 -2 2 2 2 2 2 0 0 0 0 0 0 0 0 -1 -2 -2 -2 -2 -1 0
checker 2 player 4 1 0 1 2 2 2 2 1 0 0 0 0 0 0 0 0 -2 -1 -2 -2 -2 2 2 -5 0 -1 1
checker 2 player 2 2 0 0 2 0 2 2 2 2 0 0 0 0 -2 0 0 -2 -2 -2 -3 -4 2 3 0 0 0 0
checker 2 opponent 5 2 0 0 0 0 -3 -2 4 3 2 2 2 0 0 2 0 0 0 0 0 -2 -2 -2 -2 -2 0 0
checker 2 opponent 6 4 0 0 0 0 -3 -2 5 3 2 2 2 0 0 1 0 0 0 0 0 0 0 -2 -2 -4 -2 0
checker 2 opponent 6 3 0 1 1 0 -3 -2 4 2 2 2 2 0 0 1 0 0 0 0 0 0 0 -1 -2 -4 -3 0
checker 2 player 6 1 0 3 4 2 1 0 0 0 0 0 0 0 0 0 0 -2 -2 -2 -3 -3 2 3 -1 -1 -1 0
checker 2 opponent 3 1 0 1 1 1 -2 -2 3 3 2 2 2 -1 0 0 0 0 0 0 0 0 0 -1 -2 -4 -3 0
checker 2 opponent 6 5 0 1 1 2 -2 -2 3 2 2 2 2 0 0 0 0 0 0 0 0 0 -1 -1 -2 -4 -3 0
checker 2 opponent 6 3 0 -1 0 0 -2 -3 3 2 3 2 2 0 -2 2 0 0 0 -2 -1 -2 0 -2 0 1 0 0
checker 2 player 3 2 0 0 0 0 2 -1 2 1 2 0 0 0 -2 2 0 -2 -2 -2 -2 -3 3 2 0 -1 1 0
checker 2 opponent 6 1 0 -1 1 0 -2 -3 3 2 2 2 2 0 -2 2 0 0 0 -1 0 -2 -2 -2 0 0 0 1
checker 2 player 5 2 0 0 0 0 2 2 2 -1 1 0 0 0 -2 2 0 -2 -2 -2 -2 -3 3 2 0 -1 1 0
checker 2 opponent 6 6 0 0 1 -1 -2 -3 3 2 2 2 2 0 -2 2 0 0 0 0 1 -2 -2 -2 -1 0 0 0
checker 2 player 6 3 0 0 0 1 2 2 2 -1 0 0 0 0 0 2 0 -2 -2 -2 -2 -3 3 2 1 -1 -2 0
checker 2 opponent 6 2 0 2 1 -1 -2 -2 3 2 2 2 2 0 -2 0 -1 0 0 0 1 -2 -2 -2 -1 0 0 0
checker 2 player 4 3 0 0 0 1 2 2 2 0 0 0 0 1 0 2 0 -3 -2 -2 -2 -3 2 2 1 -1 -2 0
checker 2 opponent 3 2 0 2 1 -1 -2 -2 3 2 2 2 3 0 -1 0 0 -1 0 0 -1 -2 -2 -2 -1 0 0 0
checker 2 player 6 2 0 0 0 1 2 2 2 1 0 0 1 0 0 1 0 -3 0 -2 -3 -4 2 2 1 -1 -2 0
checker 2 opponent 4 1 0 2 1 -1 -2 -2 4 3 2 0 3 0 0 0 0 0 0 -1 -2 -2 -2 -2 -1 0 0 0
checker 2 player 5 5 0 0 0 1 2 2 2 2 1 0 0 0 0 0 0 -3 0 -2 -2 -4 2 2 1 -2 -2 0
checker 2 opponent 6 4 0 -1 0 0 -2 -2 3 2 3 2 2 0 -2 3 0 0 0 0 -1 -2 -1 -2 -2 0 0 0
checker 2 player 2 1 0 0 0 2 2 1 2 1 0 0 0 0 -2 2 0 -2 -2 -3 -2 -3 2 2 -1 0 1 0
checker 2 opponent 3 2 0 0 -1 1 -2 -2 3 2 3 2 2 0 -2 2 0 0 0 0 0 -2 -2 -2 -2 0 0 0
checker 2 player 5 2 0 0 0 2 2 2 2 0 0 0 0 0 -2 2 0 -2 -2 -2 -2 -3 2 2 -2 1 0 0
checker 2 opponent 6 1 0 0 -1 2 -2 -2 3 2 2 2 2 0 -1 2 0 0 0 0 0 -3 -2 -2 -2 0 0 0
checker 2 player 4 2 0 0 0 2 2 2 3 0 0 0 0 0 0 -1 0 -2 -2 -2 -3 -3 2 2 -2 1 0 1
checker 2 opponent 6 5 0 0 -2 2 -2 -2 3 3 2 2 2 0 1 0 0 0 0 0 0 -2 -2 -2 -2 -1 0 0
checker 2 player 6 3 0 0 1 2 2 2 2 0 0 0 0 0 0 0 0 -2 -2 -2 -3 -3 2 2 -2 2 -1 0
checker 2 opponent 5 3 0 1 0 0 -2 -2 4 2 3 2 2 0 0 1 0 0 0 0 -2 -2 -2 -2 -1 -2 0 0
checker 2 player 6 4 0 0 2 1 2 2 2 2 0 0 0 0 0 0 0 -2 -2 -4 -2 -3 2 2 -1 0 -1 0
checker 2 player 2 2 0 0 0 2 0 -2 3 0 3 0 0 0 -2 2 0 0 -2 -2 -3 -2 2 3 -2 0 0 0
checker 2 opponent 2 2 0 0 0 2 -3 -2 2 3 2 2 0 0 0 2 -2 0 0 -2 0 -3 2 -1 -2 0 0 0
checker 2 player 5 1 0 0 0 2 1 0 3 0 2 -2 0 2 -2 0 0 0 -2 -2 -3 -2 2 3 -2 0 0 0
checker 2 opponent 5 2 0 0 0 2 -2 -2 2 3 2 2 -1 0 0 2 -2 0 2 -2 0 -3 0 -1 -2 0 0 0
checker 2 player 6 1 0 0 0 2 1 0 3 0 2 -2 0 2 -1 0 0 1 -2 -2 -3 -3 2 2 -2 0 0 0
checker 2 opponent 5 4 0 0 0 2 -2 -2 3 3 2 2 -1 0 0 1 -1 0 2 -2 0 -2 -2 -1 -2 0 0 0
checker 2 player 4 1 0 0 0 2 1 2 2 0 2 -2 0 1 0 0 0 1 -2 -3 -2 -3 2 2 -3 0 0 0
checker 2 opponent 2 2 0 0 0 3 -2 -2 3 2 3 2 -1 0 0 0 -1 0 2 0 -1 -2 -2 -2 -2 0 0 0
checker 2 player 4 4 0 0 0 2 2 2 2 1 0 0 0 0 0 -2 0 1 -2 -3 -2 -3 2 2 -3 0 0 1
checker 2 opponent 1 1 0 0 0 3 -3 -2 3 2 3 2 0 0 2 0 0 0 0 0 -1 -2 -2 -2 -3 0 0 0
checker 2 player 4 4 0 0 0 3 2 2 2 1 0 0 0 0 0 -2 0 0 -2 -2 -2 -4 2 3 -1 -2 0 0
checker 2 opponent 4 3 0 0 2 1 -3 -2 4 2 2 2 0 0 2 0 0 0 0 0 -1 0 0 -2 -3 -2 -2 0
checker 2 player 3 1 0 2 2 3 2 0 0 1 0 0 0 0 0 0 0 0 -3 -3 -2 -4 2 3 -1 -2 0 0
checker 2 opponent 6 4 0 0 2 1 -2 -3 4 2 3 3 0 0 0 0 0 0 0 0 0 0 0 -3 -3 -2 -2 0
checker 2 player 6 2 0 2 2 3 3 0 0 0 0 0 0 0 0 0 0 0 -3 -3 0 -4 3 2 -2 -2 -1 0
checker 2 opponent 6 6 0 1 2 2 -2 -2 4 0 3 3 0 0 0 -1 0 0 0 0 0 0 0 -3 -3 -2 -2 0
checker 2 player 6 1 0 2 2 3 3 0 0 0 0 0 0 0 1 0 0 0 0 -2 0 -4 2 2 -5 -3 -1 0
checker 2 opponent 4 2 0 1 3 5 -2 -2 4 0 2 0 0 0 0 0 0 0 0 0 0 0 -1 -3 -3 -2 -2 0
checker 2 player 6 1 0 2 2 3 3 1 0 0 0 0 0 0 0 0 0 0 0 -2 0 -3 2 2 -4 -4 -2 0
checker 2 player 1 1 0 0 0 0 2 -1 2 1 2 0 0 0 -2 2 0 -2 -2 -2 -2 -3 3 2 0 -1 1 0
checker 2 player 2 1 0 -1 0 1 1 1 -1 1 2 0 0 0 -2 2 0 -2 -2 -2 -2 -3 3 2 1 0 0 1
checker 2 opponent 3 1 0 0 0 -2 -2 -3 3 2 2 2 2 0 -2 2 0 0 0 -2 -1 1 -1 -1 -1 0 1 0
checker 2 player 5 2 0 -1 0 1 1 1 0 1 2 0 -1 0 -2 2 0 -2 -2 -2 -2 -3 3 2 2 0 0 0
checker 2 opponent 6 5 0 0 0 -2 -2 -3 3 2 2 2 2 0 -1 2 0 1 0 -2 -1 -1 -1 -1 -1 0 1 0
checker 2 player 6 6 0 -1 0 1 1 1 1 1 2 0 -1 0 -1 1 0 -2 -2 -2 -3 -2 3 2 2 0 -1 0
checker 2 opponent 5 5 0 -1 0 -1 -3 -3 2 2 2 2 2 -1 0 0 0 -1 1 -1 1 2 0 -1 0 -1 -2 1
checker 2 opponent 2 1 1 1 0 -1 -4 -3 2 2 2 2 2 0 0 0 0 -1 0 -1 1 2 1 -1 0 -1 -2 0
checker 2 opponent 2 1 0 1 -1 -2 -4 -3 2 2 2 2 2 0 0 0 0 1 0 -1 0 2 1 -1 0 -1 -2 0
checker 2 player 4 2 0 2 1 0 1 -1 -2 0 1 0 0 0 0 -1 0 -2 -2 -2 -2 -2 3 4 2 1 -1 0
checker 2 opponent 6 6 0 1 -1 -2 -4 -3 2 2 2 2 2 0 1 0 0 0 0 0 0 2 1 -1 0 -2 -2 0
checker 2 opponent 6 5 0 1 1 -2 -4 -4 2 2 2 2 2 0 1 1 0 0 0 0 0 1 0 0 0 -2 -3 0
checker 2 player 6 1 0 3 2 0 0 0 -1 0 0 0 0 0 0 -1 0 -2 -2 -2 -2 -2 4 4 2 -2 -1 0
checker 2 opponent 3 2 0 1 2 -2 -3 -4 2 2 2 2 2 -1 1 0 0 0 0 0 0 1 0 0 0 -2 -3 0
checker 2 player 4 2 0 3 2 0 0 0 -1 0 0 0 0 0 0 0 1 -2 -2 -2 -3 -2 4 3 2 -2 -1 0
checker 2 opponent 5 1 0 1 2 -2 -3 -4 2 3 2 2 2 0 0 0 0 0 0 -1 0 1 0 0 0 -2 -3 0
checker 2 player 6 4 0 3 2 0 0 0 -1 0 1 0 0 0 0 0 0 -2 -2 -2 -2 -2 4 3 2 -2 -2 0
checker 2 opponent 5 1 0 2 2 -2 -3 -3 2 2 2 2 2 0 0 0 0 -1 0 -1 0 1 0 0 0 -2 -3 0
checker 2 player 2 2 0 3 2 0 0 0 -1 0 1 0 1 0 0 0 0 -2 -2 -1 -2 -2 3 3 2 -3 -2 0
checker 2 opponent 4 3 0 2 3 -1 -3 -4 2 2 1 2 2 0 0 0 0 0 0 0 0 -2 0 0 0 -2 -3 1
checker 2 player 3 1 0 3 2 0 0 0 2 -1 0 0 0 0 0 0 0 -2 -2 -1 -2 -2 4 3 1 -3 -2 0
checker 2 opponent 5 3 0 2 3 -1 -2 -4 2 2 -1 2 2 0 0 0 0 0 0 0 1 -2 0 0 0 -2 -3 1
checker 2 player 2 1 0 3 2 0 0 0 2 -1 -1 0 0 0 0 0 0 -2 -2 1 -2 -2 4 2 1 -3 -2 0
checker 2 opponent 6 5 0 2 3 0 -3 -4 2 2 -1 2 2 0 0 0 0 0 0 1 1 -1 0 -1 0 -2 -3 0
checker 2 player 5 4 0 3 2 0 1 0 1 -1 0 0 0 0 0 0 0 -2 -2 1 -2 -3 4 3 0 -3 -2 0
checker 2 opponent 6 1 0 2 3 0 -3 -4 3 2 0 2 2 0 0 0 0 0 0 -1 1 -1 0 -1 0 -2 -3 0
checker 2 opponent 6 3 0 2 3 -1 -3 -3 3 2 0 2 2 -1 0 0 0 0 0 0 0 -1 0 -1 0 -2 -3 1
checker 2 opponent 5 1 1 2 3 1 -4 -3 2 2 0 2 2 -1 0 0 0 0 0 0 0 1 0 -1 0 -2 -3 0
checker 2 player 4 4 0 3 2 0 1 0 -1 0 0 0 0 0 0 0 1 -2 -1 0 -2 -2 3 4 -2 -3 -2 1
checker 2 opponent 6 3 0 2 3 2 -2 -3 2 2 -3 1 2 -1 0 0 0 0 0 0 0 1 0 -1 0 -2 -3 0
checker 2 player 5 4 0 3 2 0 1 0 -1 0 0 0 0 0 0 0 1 -2 0 3 -1 -3 3 2 -2 -3 -3 0
checker 2 opponent 6 4 0 3 3 2 -2 -3 3 1 -3 0 2 0 0 0 0 0 0 0 0 1 -1 -1 0 -2 -3 0
checker 2 player 6 5 0 3 2 0 1 1 -1 0 0 0 0 0 0 0 0 -1 0 3 0 -4 3 2 -2 -3 -4 0
checker 2 opponent 3 1 0 0 0 0 -3 -2 3 2 3 2 2 0 0 3 0 0 0 0 -2 -2 -2 -2 0 -2 0 0
checker 2 player 6 1 0 0 2 0 2 2 2 2 0 0 0 0 -2 0 0 -2 -3 -3 -2 -3 2 3 0 0 0 0
checker 2 opponent 2 1 0 0 0 0 -2 -2 3 2 3 3 2 -1 0 2 0 0 0 0 -2 -2 -2 -2 0 -2 0 0
checker 2 player 3 1 0 0 2 0 2 2 2 2 0 0 0 0 -1 0 0 -3 -3 -3 -2 -3 2 2 0 0 0 1
checker 2 opponent 6 5 0 -1 0 0 -2 -2 3 2 3 3 3 0 0 1 0 0 0 0 -1 -2 -2 -3 0 -2 0 0
checker 2 player 5 3 0 0 2 0 3 2 2 1 0 0 0 0 0 0 0 -3 -3 -2 -3 -3 2 2 -1 0 1 0
checker 2 opponent 5 1 0 -1 0 1 -2 -2 3 3 2 3 3 0 0 0 0 0 0 0 0 -1 -2 -3 -1 -3 0 0
checker 2 player 4 2 0 0 3 1 3 2 1 0 0 0 0 0 0 0 0 -3 -2 -2 -3 -3 2 2 -2 0 1 0
checker 2 opponent 6 2 0 0 0 2 -2 -3 3 3 2 2 3 0 0 0 0 0 0 0 0 -1 -1 -3 -2 -3 0 0
checker 2 player 6 5 0 0 3 2 3 1 1 0 0 0 0 0 0 0 0 -2 -2 -3 -2 -3 3 2 -2 0 -1 0
checker 2 opponent 2 2 0 1 0 2 -2 -2 3 2 3 2 2 0 0 0 0 0 -1 0 0 -1 -1 -3 -2 -3 0 0
checker 2 player 4 2 0 0 3 2 3 1 1 0 0 1 0 0 0 0 0 0 -2 -4 -2 -4 2 2 -1 0 -2 0
checker 2 opponent 5 2 0 2 0 1 -2 -2 4 2 4 2 0 0 0 0 0 0 0 0 0 -1 -2 -2 -2 -4 0 0
checker 2 player 5 2 0 0 4 2 2 2 1 0 0 0 0 0 0 0 0 0 -2 -2 -2 -5 2 2 -2 0 -2 0
checker 2 opponent 4 1 0 -1 0 0 -2 -3 3 2 3 2 2 0 0 2 -1 0 0 -3 -1 -2 0 -2 0 1 0 0
checker 2 player 4 1 0 0 0 -1 2 0 2 1 3 0 0 1 -1 0 0 -2 -3 -3 -2 -3 3 2 0 0 1 0
checker 2 opponent 6 1 0 -1 0 0 -2 -3 3 2 3 3 2 0 0 1 0 0 0 -3 -2 -2 0 -1 -1 0 0 1
checker 2 player 5 2 0 -1 0 1 1 0 2 2 3 0 0 0 -1 0 0 -2 -3 -2 -2 -3 3 2 0 -1 1 0
checker 2 opponent 5 5 0 0 1 -1 -2 -3 3 2 2 3 2 0 0 1 0 0 0 -2 -2 -2 0 -1 -2 0 1 0
checker 2 player 4 4 0 -1 0 2 1 0 2 2 2 0 0 0 -1 0 0 -2 -3 0 0 -3 3 2 -2 -3 0 1
checker 2 opponent 5 4 0 0 3 2 -2 -3 3 0 0 3 2 0 -1 1 0 0 0 -1 -2 -2 0 -2 -2 0 1 0
checker 2 player 4 2 0 0 0 2 2 0 2 2 1 0 -1 0 -1 1 0 -2 -3 0 0 -3 3 2 -2 -3 0 0
checker 2 opponent 5 4 0 0 3 2 -2 -3 3 0 0 3 2 0 0 1 0 1 -1 -1 -1 -2 -1 -2 -2 0 0 0
checker 2 player 6 1 0 0 0 2 2 1 2 1 1 1 0 0 -1 0 0 -2 -3 0 0 -4 3 2 -2 -3 0 0
checker 2 opponent 2 1 0 0 3 2 -2 -2 4 0 0 3 2 0 -1 1 0 0 -1 -1 -1 -2 -1 -2 -2 0 0 0
checker 2 player 5 3 0 0 0 2 2 1 2 1 1 1 0 0 0 1 0 -3 -3 0 0 -4 2 2 -2 -3 0 0
checker 2 opponent 1 1 0 0 3 2 -2 -2 4 0 0 3 3 0 -1 0 0 0 -1 0 0 -2 -2 -2 -2 -1 0 0
checker 2 player 5 4 0 0 1 2 2 2 2 0 0 1 0 0 0 1 0 0 -6 0 0 -4 2 2 -2 -2 -1 0
checker 2 opponent 3 1 0 1 2 2 -2 -2 4 0 0 6 0 0 0 0 0 0 0 -1 0 -2 -3 -2 -2 -1 0 0
checker 2 player 6 1 0 0 1 2 2 3 2 0 1 0 0 0 0 0 0 0 -5 0 0 -5 2 2 -2 -1 -2 0
checker 2 player 6 6 0 0 2 2 3 2 2 0 0 0 0 0 0 0 0 0 -4 0 0 -4 2 2 -3 -1 -3 0
checker 2 player 6 5 0 0 0 0 2 2 2 1 1 0 0 0 -3 2 0 -2 -2 -3 -2 -3 2 2 0 0 1 0
checker 2 opponent 6 1 0 0 0 -1 -2 -2 3 3 3 2 3 0 -2 0 0 0 0 0 -1 -2 -2 -2 -1 0 0 1
checker 2 player 5 1 0 0 0 1 2 2 2 -1 0 0 0 0 0 2 0 -3 -2 -3 -3 -3 2 2 1 0 0 1
checker 2 opponent 3 3 0 -1 0 -1 -2 -2 3 3 3 2 3 0 -1 0 0 0 0 -1 1 -2 -2 -2 -1 0 0 0
checker 2 opponent 5 3 1 -1 -1 1 -2 -2 2 3 3 3 3 0 0 0 0 0 0 -1 0 -2 -2 -2 -1 0 0 0
checker 2 opponent 6 2 0 -1 1 1 -3 -3 3 2 3 2 3 0 0 0 0 0 0 -1 0 -2 -2 -2 -1 0 0 0
checker 2 player 6 1 0 0 0 1 2 2 2 0 1 0 0 0 0 0 0 -2 -2 -3 -2 -3 3 3 -1 -2 1 0
checker 2 opponent 4 2 0 -1 2 1 -2 -3 3 2 3 2 2 -1 0 0 0 0 0 -1 0 -2 -2 -2 -1 0 0 0
checker 2 player 3 3 0 0 0 1 2 2 2 0 1 0 0 0 0 0 1 0 -2 -4 -2 -4 3 2 -1 -2 1 0
checker 2 opponent 6 3 0 -1 2 1 -2 -3 4 2 4 2 0 0 0 0 0 0 0 -1 0 -2 -2 -2 -1 -1 0 0
checker 2 player 4 1 0 0 1 1 2 2 2 0 1 0 0 0 0 0 0 0 0 -4 -2 -5 3 2 -2 -2 1 0
checker 2 opponent 5 3 0 -1 2 2 -2 -2 5 2 4 0 -1 0 0 0 0 0 0 -1 0 -2 -2 -2 -1 -1 0 0
checker 2 player 5 5 0 0 1 1 2 2 2 0 1 0 0 0 0 0 0 1 0 -3 -2 -4 2 2 -4 -2 1 0
checker 2 player 3 1 0 0 0 2 0 -2 3 0 3 0 0 0 -2 2 0 0 -2 -2 -3 -2 2 3 -2 0 0 0
checker 2 opponent 6 3 0 0 0 2 -3 -2 2 3 2 2 0 0 -2 2 0 0 0 -2 0 -3 2 -1 -2 0 0 0
checker 2 player 3 2 0 0 0 2 1 -1 3 0 2 0 0 0 -2 2 -1 0 -2 -2 -3 -2 2 3 -2 0 0 0
checker 2 opponent 6 1 0 0 0 2 -3 -2 2 3 2 2 0 1 -2 2 0 0 0 -1 0 -2 -1 -2 -2 0 0 1
checker 2 player 6 3 0 0 0 2 2 1 2 -1 1 0 0 0 -2 2 -1 0 -2 -2 -3 -2 2 3 -2 0 0 0
checker 2 opponent 6 4 0 0 0 0 -3 -2 3 2 3 2 2 0 0 3 0 0 0 0 -2 0 -2 -3 -1 -2 0 0
checker 2 player 2 1 0 0 2 1 3 2 0 2 0 0 0 0 -1 0 0 -2 -3 -3 -3 -3 2 3 0 0 0 0
checker 2 opponent 4 2 0 0 0 0 -2 -3 3 3 3 3 2 0 0 1 0 0 0 0 -1 0 -3 -3 -1 -2 0 0
checker 2 player 5 1 0 0 2 1 3 3 0 1 0 0 0 0 -1 0 0 -2 -3 -2 -2 -4 3 2 -1 0 0 0
checker 2 opponent 5 5 0 0 0 1 -2 -3 4 2 2 3 2 0 0 1 0 0 0 0 0 0 -3 -2 -2 -3 0 0
checker 2 player 5 2 0 0 3 2 2 3 0 0 0 0 0 0 0 0 0 -2 -3 -2 -2 -2 3 2 -2 0 -2 0
checker 2 opponent 5 2 0 2 0 2 -2 -3 2 2 2 3 2 0 0 0 0 0 0 0 0 0 -2 -2 -3 -3 0 0
checker 2 player 3 2 0 0 3 3 2 2 0 0 0 0 0 0 0 0 0 -2 -2 -2 -2 -2 3 2 -2 -1 -2 0
checker 2 opponent 3 2 0 2 1 2 -2 -3 2 2 2 2 2 0 0 0 0 0 0 0 0 0 -2 -1 -2 -3 -2 0
checker 2 player 2 1 0 2 3 2 1 2 0 0 0 0 0 0 0 0 0 0 -2 -3 -3 -2 3 2 -2 -1 -2 0
checker 2 opponent 3 2 0 2 1 2 -2 -3 2 3 3 2 0 0 0 0 0 0 0 0 0 0 0 -2 -3 -3 -2 0
checker 2 player 6 5 0 2 3 3 2 0 0 0 0 0 0 0 0 0 0 0 0 -3 -4 -3 3 2 -2 -1 -2 0
checker 2 player 5 3 0 2 3 3 2 0 0 0 0 1 0 0 0 0 0 0 0 -3 -4 0 2 2 -5 -1 -2 0
checker 2 opponent 2 1 0 -1 0 0 -2 -2 3 2 3 2 2 0 -2 3 0 0 0 -1 -1 -2 -2 -2 0 0 0 0
checker 2 player 5 2 0 0 0 0 2 2 2 1 1 0 0 0 -2 2 0 -3 -2 -3 -2 -3 2 2 0 0 1 0
checker 2 opponent 5 1 0 -1 0 0 -2 -2 3 2 3 2 3 0 -2 2 0 0 0 0 -1 -2 -1 -2 -2 0 0 0
checker 2 player 5 1 0 0 0 2 2 1 2 1 0 0 0 0 -2 2 0 -2 -3 -3 -2 -2 2 2 0 0 -1 1
checker 2 opponent 5 2 0 1 0 0 -2 -3 2 2 3 3 2 0 -2 2 0 0 0 0 -1 -1 -2 -2 -2 0 0 0
checker 2 player 2 1 0 0 0 2 2 2 1 1 0 0 0 0 -1 2 0 -2 -3 -3 -2 -3 3 2 0 0 -1 0
checker 2 opponent 6 2 0 1 0 0 -2 -3 3 2 3 3 2 0 0 -1 -1 0 0 0 -1 -1 -2 -2 -2 0 0 1
checker 2 player 6 2 0 0 0 2 2 2 0 1 -1 0 0 1 1 0 0 -2 -3 -3 -2 -3 3 2 0 0 -1 1
checker 2 opponent 5 1 0 1 -1 0 -2 -2 3 2 3 3 2 -1 0 -1 -1 0 0 1 -1 0 -2 -2 -2 0 0 0
checker 2 player 6 1 0 0 0 2 2 2 0 1 0 0 0 1 1 -1 1 -2 -3 -2 -3 -3 2 2 0 1 -1 0
checker 2 player 5 2 0 0 0 2 0 -2 3 0 3 0 0 0 -2 2 0 0 -2 -2 -3 -2 2 3 -2 0 0 0
checker 2 opponent 4 3 0 0 0 2 -2 -2 2 3 4 2 0 0 -3 2 0 0 0 -2 0 -3 -1 0 -2 0 0 0
checker 2 player 5 1 0 0 0 2 0 1 3 0 2 0 0 0 -1 3 0 0 -2 -4 -3 -3 2 2 -2 0 0 0
checker 2 opponent 5 4 0 0 0 2 -2 -2 3 3 4 2 0 0 -1 -1 0 0 0 -3 0 -3 -1 0 -2 0 0 1
checker 2 player 5 5 0 0 0 2 0 0 3 0 3 -1 0 0 1 1 0 0 -2 -4 -3 -3 2 2 -2 0 0 1
checker 2 opponent 3 2 0 0 0 2 -2 -2 3 3 4 2 0 0 -1 -1 0 0 1 -3 0 -3 -1 0 -2 0 0 0
checker 2 player 6 4 0 0 0 2 0 1 3 0 3 0 0 0 -1 1 0 0 -2 -3 -3 -4 2 2 -2 0 0 1
checker 2 opponent 4 1 0 0 0 2 -2 -2 4 3 3 2 -1 0 -1 1 0 0 0 -3 0 -3 -1 0 -2 0 0 0
checker 2 player 4 3 0 0 0 2 0 1 3 0 3 0 0 0 0 1 0 1 -3 -3 -3 -4 2 2 -1 -1 0 0
checker 2 opponent 6 5 0 0 1 1 -2 -2 4 3 3 3 -1 0 -1 0 0 0 0 -1 0 -3 -2 -1 -2 0 0 0
checker 2 player 6 3 0 0 0 2 1 2 3 0 1 0 0 0 0 1 0 1 -2 -2 -3 -4 2 2 -3 -1 0 0
checker 2 opponent 5 2 0 0 1 3 -2 -2 4 3 2 2 0 0 0 -1 0 0 0 -1 -1 -3 -2 -1 -2 0 0 0
checker 2 player 3 2 0 0 0 2 1 2 3 1 1 0 0 0 1 0 0 0 -2 0 -3 -5 2 2 -4 -1 0 0
checker 2 opponent 6 3 0 0 1 4 -2 -2 5 3 0 2 0 0 0 0 0 0 -1 -1 -1 -2 -2 -2 -2 0 0 0
checker 2 player 6 3 0 0 0 2 2 2 2 1 1 1 0 0 0 0 0 0 0 0 -3 -6 2 2 -5 -1 0 0
checker 2 opponent 5 3 0 0 1 5 -2 -2 6 3 0 0 0 0 0 0 0 0 0 0 -1 -3 -2 -2 -2 -1 0 0
checker 2 player 4 4 0 0 1 2 2 2 3 1 0 0 0 0 0 0 0 0 0 0 -2 -5 2 2 -6 -2 0 0
checker 2 player 5 2 0 0 0 0 2 -1 2 1 2 0 0 0 -2 2 0 -2 -2 -3 -2 -3 3 2 0 0 1 0
checker 2 opponent 5 3 0 -1 0 0 -2 -3 3 2 3 2 2 0 -2 2 0 0 0 -1 0 -2 -1 -2 -1 0 0 1
checker 2 opponent 6 4 0 -1 0 -1 -3 -3 3 2 3 2 2 0 -2 2 0 0 0 1 0 -2 0 -2 -1 0 0 0
checker 2 player 5 4 0 0 0 1 2 0 2 0 -1 0 0 0 -1 2 0 -2 -2 -3 -2 -3 3 3 -1 0 1 1
checker 2 player 2 2 1 0 0 1 2 0 2 0 1 0 0 0 -1 1 0 -2 -2 -3 -2 -3 3 4 -1 0 1 0
checker 2 player 3 1 0 0 -1 1 1 -1 2 0 1 1 0 0 -1 0 0 -2 -2 -3 -2 -3 3 4 1 0 0 1
checker 2 opponent 5 1 0 0 0 -2 -4 -3 3 2 3 2 2 0 0 1 0 0 -1 -1 0 -1 -1 -1 -1 1 0 1
checker 2 player 4 2 0 -1 -1 1 1 1 1 0 1 1 0 0 -1 0 0 -2 -2 -3 -2 -2 3 4 2 0 -1 0
checker 2 opponent 3 2 0 1 0 -2 -4 -3 2 2 3 2 2 0 0 1 0 0 -1 0 0 -1 -1 -1 -1 -1 1 1
checker 2 player 4 3 0 0 1 -2 1 1 1 0 0 1 0 0 -1 0 0 -2 -2 -3 -2 -2 3 4 2 0 -1 1
checker 2 opponent 5 4 0 1 0 -2 -5 -3 2 2 3 2 2 0 0 1 0 0 0 0 0 -2 -1 -1 2 -1 0 0
checker 2 player 4 1 0 0 1 0 1 1 2 -1 -1 0 0 0 -1 0 0 -2 -2 -3 -2 -2 3 5 2 0 -1 0
checker 2 opponent 1 1 0 1 0 -2 -4 -4 2 2 3 2 2 0 0 1 0 0 0 1 1 -1 -1 -1 0 -2 0 0
checker 2 player 6 1 0 0 2 0 1 1 1 -1 0 -1 0 0 0 0 -1 -2 -2 -2 -3 -2 4 4 2 0 -1 0
checker 2 opponent 4 3 0 1 0 -2 -4 -3 2 3 2 2 2 -1 0 0 0 0 1 0 1 -1 -1 -1 0 -1 -1 1
checker 2 player 4 4 0 1 1 0 1 1 1 -2 0 -1 0 0 0 0 1 -2 -2 -2 -3 -2 3 4 2 0 -1 0
checker 2 opponent 6 3 0 1 0 -2 -4 -3 2 3 2 2 2 0 0 0 0 0 1 0 2 0 -1 -1 0 -3 -1 0
checker 2 player 3 2 0 1 3 0 1 1 0 -1 0 -1 -1 0 0 0 0 -2 -2 -2 -2 -2 3 4 2 0 -2 0
checker 2 opponent 2 2 0 2 0 -2 -4 -3 2 2 2 2 2 0 0 0 0 1 1 0 1 0 0 0 -1 -3 -2 0
checker 2 player 4 1 0 2 3 1 0 0 0 0 0 -1 0 -1 0 0 -1 -2 -2 -2 -2 -2 3 4 2 0 -2 0
checker 2 opponent 5 4 0 2 0 -2 -3 -4 2 2 2 2 2 1 0 0 1 0 1 0 0 0 0 0 -1 -3 -2 0
checker 2 opponent 6 3 0 2 1 -2 -3 -4 2 2 2 2 2 0 0 0 1 0 1 0 0 0 0 0 -1 -3 -2 0
checker 2 player 4 1 0 2 3 1 0 0 0 0 0 -1 0 0 0 0 -1 -2 -2 -1 -2 -2 4 3 2 -2 -2 0
checker 2 opponent 4 4 0 2 2 -2 -2 -4 2 2 -1 2 2 1 0 0 0 0 1 0 0 0 0 0 -1 -2 -3 1
checker 2 opponent 6 4 0 2 2 -3 -2 -3 2 2 1 2 2 -1 0 0 0 0 0 1 0 0 0 0 -1 -2 -3 1
checker 2 player 4 2 0 3 2 1 -1 0 0 0 0 0 0 0 0 0 -1 -2 -2 -1 -2 -2 3 2 3 -2 -2 1
checker 2 opponent 6 3 0 2 2 -2 -3 -4 2 2 1 2 2 1 0 0 0 0 0 0 0 0 0 1 -1 -2 -3 0
checker 2 player 6 4 0 3 2 1 0 0 0 0 0 0 0 0 0 -1 -1 -2 -2 -1 -2 -2 4 3 2 -2 -2 0
checker 2 player 3 1 1 3 2 1 0 -1 0 0 0 0 0 0 0 -1 1 -2 -2 1 -2 -2 3 2 2 -2 -2 0
checker 2 player 6 4 1 3 2 1 -1 -1 0 0 0 0 0 0 0 1 0 -2 -2 2 -2 -2 2 2 2 -2 -2 0
checker 2 opponent 4 3 0 2 2 -2 -2 -2 2 2 -2 2 2 0 0 0 0 0 0 0 0 0 1 1 -2 -2 -3 1
checker 2 player 6 5 0 3 2 2 -2 0 0 0 -1 0 0 0 0 0 0 -2 -2 2 -2 -2 2 2 2 -2 -2 0
checker 2 opponent 5 1 0 2 2 -1 -2 -2 2 2 -2 2 2 0 0 0 -1 0 0 1 0 0 0 2 -2 -2 -3 0
checker 2 player 4 3 0 3 2 2 -1 0 0 0 0 -2 0 1 0 0 0 -2 -2 2 -2 -2 2 2 1 -2 -2 0
checker 2 player 5 1 1 3 2 2 1 0 0 0 0 -2 0 0 0 0 0 -2 -2 2 -2 -2 2 2 1 -2 -2 0
checker 2 opponent 5 3 0 2 2 0 -2 -2 2 2 -3 2 2 0 0 0 0 0 2 0 0 0 0 0 -3 -2 -3 1
checker 2 player 5 4 0 3 2 3 0 0 0 0 -1 -2 0 0 0 0 0 -2 -2 3 -2 -2 2 2 0 -2 -2 0
checker 2 opponent 4 1 0 2 2 0 -2 -2 2 2 -2 2 2 0 0 0 0 0 2 -1 0 0 0 0 -3 -2 -3 1
checker 2 player 5 4 0 3 2 3 0 -1 0 0 1 -2 0 0 0 0 0 -2 -2 2 -2 -2 2 2 0 -2 -2 0
checker 2 opponent 5 2 0 2 2 0 -2 -2 2 2 -1 2 2 0 0 0 0 0 2 -2 0 0 1 0 -3 -2 -3 0
checker 2 player 4 1 0 3 2 3 0 -1 0 0 2 -1 0 0 0 0 0 -2 -3 1 -2 -2 2 2 0 -2 -2 0
checker 2 opponent 6 4 0 0 0 0 -3 -2 3 3 3 2 2 0 0 2 0 0 0 0 0 0 -2 -2 0 -4 -2 0
checker 2 player 6 1 0 2 4 0 2 2 0 0 0 0 0 0 -1 0 0 -2 -3 -2 -3 -3 2 3 0 -1 0 0
checker 2 opponent 3 2 0 0 1 0 -2 -2 3 3 2 3 2 -1 0 1 0 0 0 0 0 0 -2 -2 0 -4 -2 0
checker 2 opponent 6 5 0 0 1 0 -2 -3 3 3 3 3 2 0 0 0 0 0 0 0 0 0 -1 -2 0 -4 -3 0
checker 2 player 6 1 0 3 4 0 2 1 0 0 0 0 0 0 0 0 0 -2 -3 -2 -2 -3 3 2 -1 -1 -1 0
checker 2 opponent 6 6 0 1 1 1 -2 -2 3 2 2 3 2 -1 0 0 0 0 0 0 0 0 -1 -2 0 -3 -4 0
checker 2 player 4 4 0 4 3 0 2 1 0 0 0 0 0 0 0 0 1 -2 -2 0 -1 -3 2 2 -2 -3 -2 0
checker 2 opponent 5 5 0 -1 0 0 -2 -2 3 2 3 2 2 0 -1 3 0 0 0 -1 -2 -2 -2 -2 0 0 0 0
checker 2 player 3 3 0 0 0 0 2 2 2 2 1 0 0 0 0 1 0 -2 -2 -5 -2 -3 2 2 -1 0 1 0
checker 2 opponent 6 3 0 -1 0 1 -2 -2 3 2 5 2 2 0 0 0 0 0 0 0 -2 -2 -3 -3 0 0 0 0
checker 2 player 6 2 0 0 0 0 3 3 2 2 0 0 0 0 0 0 0 -2 0 -5 -2 -4 2 2 -2 0 1 0
checker 2 opponent 3 1 0 -1 0 2 -2 -2 4 2 5 0 2 0 0 0 0 0 0 0 -1 -2 -2 -3 -1 0 -1 0
checker 2 player 3 1 0 1 0 1 3 2 2 1 0 0 0 0 0 0 0 -2 0 -4 -3 -3 2 2 -3 0 1 0
checker 2 opponent 4 4 0 0 0 3 -2 -3 3 3 4 0 2 0 0 0 0 0 0 0 -1 -2 -2 -3 -1 0 -1 0
checker 2 player 5 5 0 1 0 1 3 2 2 1 0 0 0 0 0 0 0 0 0 -4 -2 -4 3 2 -4 -1 0 0
checker 2 opponent 2 2 0 0 1 4 -2 -2 4 2 4 0 0 0 0 0 0 0 0 0 0 -2 -3 -3 -1 -1 -1 0
checker 2 player 2 2 0 1 1 1 3 3 2 0 0 0 0 0 0 0 0 0 0 0 -2 -8 2 2 -4 -1 0 0
checker 2 opponent 2 1 0 0 1 4 -2 -2 8 2 0 0 0 0 0 0 0 0 0 0 0 -2 -1 -2 -2 -2 -2 0
checker 2 player 5 5 0 2 2 2 2 1 2 0 0 0 0 0 0 0 0 0 0 0 -2 -8 2 2 -2 -2 -1 0
checker 2 opponent 3 1 0 0 0 2 -2 -2 2 3 2 2 0 0 -3 2 0 0 0 -3 0 -3 2 0 -2 0 0 0
checker 2 player 3 2 0 0 0 2 0 -2 3 0 3 0 0 0 -1 3 0 0 -3 -2 -3 -2 2 2 -2 0 0 0
checker 2 opponent 6 4 0 0 0 2 -2 -2 2 3 2 3 0 0 -2 1 0 -1 0 -3 0 -2 2 -1 -2 0 0 0
checker 2 player 5 2 0 0 0 2 1 -2 2 0 3 0 1 0 0 2 0 0 -3 -2 -3 -2 2 2 -3 0 0 0
checker 2 opponent 5 1 0 0 0 3 -2 -2 2 3 2 3 0 0 -2 0 0 0 0 -3 0 -2 2 -1 -3 0 0 0
checker 2 player 5 2 0 0 0 3 1 -2 2 0 3 0 0 0 0 2 0 0 -3 -2 -2 -2 2 2 -2 -2 0 0
checker 2 opponent 4 1 0 0 2 2 -2 -2 2 2 2 3 0 0 -1 0 0 0 0 -3 0 -3 2 -1 -3 0 0 0
checker 2 player 4 4 0 0 0 3 1 -1 3 0 3 0 -1 0 0 1 0 0 -3 -2 -2 -2 2 2 -2 -2 0 0
checker 2 opponent 3 1 0 0 2 2 -2 -2 2 2 2 3 0 0 0 0 0 1 0 -1 0 -3 -1 -3 -3 0 0 1
checker 2 player 2 1 0 -1 0 3 3 1 3 0 1 0 0 0 0 -1 0 0 -3 -2 -2 -2 2 2 -2 -2 0 0
cube 2 player - - 1 1 0 2 3 2 2 0 1 0 0 0 0 -1 0 0 -3 -2 -2 -2 2 2 -2 -2 0 0
checker 2 player 2 1 1 1 0 2 3 2 2 0 1 0 0 0 0 -1 0 0 -3 -2 -2 -2 2 2 -2 -2 0 0
checker 2 opponent 2 2 0 0 2 2 -2 -2 2 2 2 3 0 0 1 0 0 0 0 -1 0 -2 -2 -2 -2 0 -2 1
checker 2 player 6 3 0 2 -1 2 2 2 2 0 1 0 0 0 0 0 0 0 -3 -2 -2 -3 2 2 -2 -2 0 0
checker 2 opponent 3 1 0 -1 0 0 -2 -3 3 2 3 2 2 0 -2 2 0 0 0 -2 -1 -2 0 -2 0 1 0 0
checker 2 player 6 2 0 0 0 0 2 -1 2 1 2 0 0 0 -2 2 0 -2 -2 -2 -3 -3 3 2 0 0 1 0
checker 2 opponent 3 1 0 -1 0 0 -2 -2 3 3 2 2 2 -1 -2 2 0 0 0 -2 0 -2 -1 -2 0 0 0 1
checker 2 player 6 4 0 0 0 -1 2 1 2 0 2 0 0 0 -2 2 1 -2 -2 -2 -2 -4 2 2 0 0 1 0
checker 2 opponent 6 3 0 0 0 0 -2 -2 4 2 2 2 2 -2 -2 2 0 0 0 -2 0 -2 -1 -2 1 0 0 0
checker 2 player 6 5 0 0 0 0 2 1 2 0 2 0 0 0 -3 2 2 -2 -2 -2 -2 -4 2 2 0 0 0 0
checker 2 opponent 5 3 0 0 0 0 -2 -2 4 2 2 2 2 -2 -1 3 0 0 0 -1 -1 -2 -1 -2 -1 0 0 0
checker 2 player 5 1 0 0 0 1 2 1 2 1 1 0 0 0 -2 1 2 -2 -2 -3 -2 -3 2 2 -1 0 0 0
checker 2 opponent 3 1 0 0 0 1 -2 -2 3 2 3 2 2 -2 0 2 0 0 0 -1 -2 -2 -1 -2 -1 0 0 0
checker 2 player 6 5 0 0 0 1 2 1 2 2 1 0 0 0 -2 0 2 0 -3 -3 -3 -3 2 2 -1 0 0 0
checker 2 opponent 3 1 0 0 0 1 -2 -2 3 3 3 3 0 -1 0 2 0 0 0 -1 -2 -2 -1 -2 -2 0 0 0
checker 2 player 4 1 0 0 0 2 2 1 2 2 1 0 0 0 -2 0 1 0 -2 -2 -4 -4 2 2 -1 0 0 0
checker 2 opponent 6 2 0 0 0 1 -2 -2 4 4 2 2 0 0 0 2 0 0 -1 -1 -2 -2 -1 -2 -2 0 0 0
checker 2 player 5 1 0 0 0 2 2 1 2 2 1 1 0 0 -2 0 0 0 -2 -2 -3 -4 2 2 0 0 -2 0
checker 2 opponent 5 4 0 2 0 0 -2 -2 4 3 2 2 0 0 0 2 0 0 -1 0 -2 -2 -1 -2 -2 -1 0 0
checker 2 player 3 3 0 0 1 2 2 1 2 2 0 1 0 0 0 0 0 0 -3 -3 -3 -4 2 2 0 0 -2 0
checker 2 opponent 3 3 0 2 0 0 -2 -2 4 3 3 3 0 0 0 0 0 0 -1 0 0 -2 -1 -2 -2 -1 -2 0
checker 2 player 6 3 0 2 1 2 2 1 2 0 0 1 0 0 0 0 0 0 0 -3 -3 -6 2 2 -1 0 -2 0
checker 2 player 6 1 0 0 0 0 2 0 2 1 2 -1 0 0 -2 2 0 -2 -2 -3 -2 -3 3 2 0 0 1 0
checker 2 opponent 5 2 0 -1 0 0 -2 -2 3 2 3 2 2 -1 -2 2 0 0 1 -1 -2 -2 0 -2 0 0 0 0
checker 2 opponent 2 2 0 1 0 -1 -2 -3 2 2 3 2 2 1 -2 1 0 0 1 -1 -2 -2 0 -2 0 0 0 0
checker 2 player 3 1 0 0 0 0 2 0 2 2 1 -1 0 0 0 2 0 -2 -3 -3 -3 -2 3 2 1 0 -1 0
checker 2 opponent 5 3 0 1 0 -1 -2 -3 2 3 3 3 2 0 -1 0 0 0 -1 -1 -2 -2 0 -2 0 0 0 1
checker 2 player 6 6 0 0 0 0 2 -1 2 2 1 1 0 0 0 1 0 -2 -2 -3 -3 -3 3 2 1 0 -1 0
checker 2 player 3 1 0 0 0 2 2 1 2 1 0 0 0 0 -2 2 0 -2 -2 -3 -2 -3 2 2 -1 0 1 0
checker 2 opponent 4 1 0 0 0 1 -2 -3 3 2 3 2 2 0 -2 2 0 0 0 0 -1 -2 -1 -2 -2 0 0 0
checker 2 player 4 3 0 0 0 2 2 1 2 1 0 0 0 0 -2 2 0 0 -3 -3 -2 -4 3 2 -1 0 0 0
checker 2 opponent 5 1 0 0 0 1 -2 -3 4 2 3 3 0 0 0 2 0 -1 -1 0 -1 -2 -1 -2 -2 0 0 0
checker 2 player 6 5 0 0 0 2 2 1 2 1 0 1 1 0 -1 0 0 0 -3 -3 -3 -4 3 2 -1 0 0 0
checker 2 opponent 4 2 0 0 0 1 -2 -2 4 3 3 3 0 -1 0 1 0 0 -1 0 -1 -2 -2 -2 -2 0 0 0
checker 2 player 5 3 0 0 0 2 2 2 2 1 0 1 0 0 0 0 1 0 -3 -3 -4 -4 2 2 -1 0 0 0
checker 2 opponent 5 1 0 0 0 1 -2 -2 4 4 3 3 0 -1 0 0 0 0 0 0 0 -3 -2 -2 -2 -1 0 0
checker 2 player 6 1 0 0 1 2 2 2 3 0 0 0 0 0 0 0 1 0 -3 -3 -3 -4 2 2 0 -2 0 0
checker 2 opponent 5 2 0 0 2 0 -2 -2 4 3 3 3 0 0 0 0 0 0 0 0 -1 -3 -2 -2 -2 -1 0 0
checker 2 player 5 2 0 0 1 2 2 2 3 1 0 0 0 0 0 0 0 0 -2 -2 -4 -4 2 2 -1 -2 0 0
checker 2 player 5 1 0 0 0 2 0 -2 3 0 3 0 0 0 -2 2 0 0 -2 -2 -3 -2 2 3 -2 0 0 0
checker 2 opponent 4 1 0 0 0 2 -2 -2 2 3 2 2 -1 0 -2 2 0 0 0 -3 0 -3 2 0 -2 0 0 0
checker 2 player 5 1 0 0 0 2 0 -2 3 0 3 0 0 0 -1 2 0 1 -3 -2 -2 -3 2 2 -2 0 0 0
checker 2 opponent 6 3 0 0 0 0 -3 -2 3 2 3 2 2 0 0 3 0 0 0 0 -2 -2 -2 -2 0 -2 0 0
checker 2 player 6 4 0 0 2 0 2 2 2 2 0 0 0 0 -1 0 0 -3 -2 -3 -3 -3 2 3 0 0 0 0
checker 2 player 5 4 0 0 0 0 2 -1 2 1 2 0 0 0 -2 2 0 -2 -2 -2 -2 -3 3 2 0 -1 1 0
checker 2 opponent 5 4 0 -1 1 0 -2 -3 3 2 2 2 2 0 -2 2 0 0 0 -1 0 -2 1 -2 -2 0 0 0
checker 2 player 3 1 0 0 0 2 2 0 2 0 1 -1 0 0 -2 2 0 -2 -2 -2 -2 -2 3 2 0 -1 -1 1
checker 2 opponent 6 5 0 1 1 -1 -2 -3 2 2 2 2 2 0 -2 2 0 0 1 0 -1 -2 0 -2 -2 0 0 0
checker 2 player 5 3 0 0 0 2 2 0 2 1 0 0 0 0 -1 2 0 -3 -2 -3 -2 -2 3 2 1 -1 -1 0
checker 2 opponent 5 5 0 1 1 -1 -2 -3 2 2 3 2 3 0 -1 1 0 0 0 0 -1 -2 -1 -2 -2 0 0 0
checker 2 player 6 5 0 0 0 2 2 1 2 1 0 0 0 0 0 1 0 -3 -2 -2 -1 -2 3 2 -2 -2 -1 1
checker 2 opponent 6 3 0 1 2 2 -2 -3 2 1 2 2 3 -1 -1 0 0 0 0 0 -1 -2 -1 -2 -2 0 0 0
checker 2 player 5 2 0 0 0 2 2 1 2 1 0 0 0 0 0 1 1 -3 0 -2 -1 -3 3 2 -3 -2 -1 0
checker 2 opponent 6 5 0 1 2 3 -2 -2 3 0 2 0 3 -1 -2 0 0 0 0 0 -1 -2 -1 -2 -2 0 0 1
checker 2 player 6 5 0 0 0 2 2 0 2 1 0 0 0 -1 0 2 1 -3 0 -2 0 -3 2 2 -3 -2 -1 1
checker 2 opponent 4 3 0 1 2 3 -2 -2 3 0 2 0 3 -2 -2 0 1 0 0 0 -1 -2 0 -2 -2 0 0 0
checker 2 player 1 1 0 0 0 2 2 0 2 1 0 0 0 0 0 2 2 -3 0 -2 -1 -3 2 2 -3 -2 -1 0
checker 2 opponent 1 1 0 1 2 3 -2 -2 3 1 2 0 3 -2 -1 0 -1 0 0 0 0 -2 -1 -2 -2 0 0 0
checker 2 player 6 6 0 0 0 2 2 1 2 0 0 0 0 1 0 1 2 -3 0 0 -2 -4 2 2 -2 -3 -1 0
checker 2 opponent 4 3 0 1 3 2 -2 -2 4 2 0 0 3 0 -1 0 0 0 0 -1 0 -2 -2 -2 -2 -1 0 0
checker 2 player 2 2 0 0 1 2 2 2 2 0 1 0 0 0 0 1 0 -2 0 0 -2 -4 2 2 -3 -3 -1 0
checker 2 opponent 6 5 0 1 3 3 -2 -2 4 2 0 0 2 0 0 0 -1 0 0 0 0 -2 -2 -2 -2 -2 0 0
checker 2 player 6 1 0 0 2 2 2 2 2 0 0 0 0 1 0 0 0 -2 0 0 0 -4 2 2 -3 -4 -2 0
cube 2 player - - 0 0 2 2 3 2 2 0 0 0 0 0 0 0 0 -1 0 0 0 -4 2 2 -3 -4 -3 0
checker 2 player 5 4 0 0 2 2 3 2 2 0 0 0 0 0 0 0 0 -1 0 0 0 -4 2 2 -3 -4 -3 0
checker 2 player 4 2 0 0 0 2 0 0 3 0 3 -1 -1 0 -2 2 0 0 -2 -2 -3 -2 2 3 -2 0 0 0
checker 2 opponent 5 4 0 0 0 2 -3 -2 2 3 2 2 0 0 0 2 -1 1 -1 -3 0 -3 0 0 -2 0 0 1
checker 2 player 6 4 0 0 0 2 0 0 3 0 3 -1 -1 1 -2 0 0 0 -2 -2 -3 -2 2 3 -2 0 0 1
checker 2 opponent 6 5 0 0 0 2 -3 -2 2 3 2 2 -1 0 0 2 -1 1 1 -3 0 -3 0 0 -2 0 0 0
checker 2 player 6 1 0 0 0 2 0 0 3 0 3 0 0 1 -2 0 0 -2 -2 -2 -3 -2 2 3 -2 0 0 1
checker 2 opponent 5 2 0 -1 0 2 -3 -2 2 3 2 2 2 0 0 2 0 0 0 -3 0 -3 -1 0 -2 0 0 0
checker 2 player 3 3 0 0 0 2 0 1 3 0 3 0 0 0 -2 0 0 -2 -2 -2 -2 -2 2 3 -1 -1 -1 1
checker 2 opponent 4 4 0 1 1 -1 -3 -2 2 2 2 2 2 0 0 2 0 0 0 -1 0 -3 -2 0 -2 -1 0 1
checker 2 opponent 4 4 0 0 1 -2 -2 -2 2 2 2 3 2 -1 0 2 0 0 1 0 0 -3 -2 0 -2 -1 0 0
checker 2 player 6 5 0 0 1 2 0 2 3 0 0 0 0 0 -2 -1 1 0 -3 -2 -2 -3 2 2 2 -2 0 0
checker 2 player 3 1 0 0 2 0 2 2 2 2 0 0 0 0 -2 0 0 -2 -3 -3 -2 -3 2 3 0 0 0 0
checker 2 opponent 5 2 0 0 0 0 -2 -3 3 2 3 3 2 0 0 2 0 0 0 0 -1 -2 -2 -3 0 -2 0 0
checker 2 player 2 2 0 0 2 0 3 2 2 1 0 0 0 0 -2 0 0 -2 -2 -3 -2 -3 3 2 0 -1 0 0
checker 2 opponent 4 4 0 0 1 0 -2 -3 3 2 3 2 2 0 0 2 0 0 0 0 0 -2 -1 -2 -2 -3 0 0
checker 2 player 3 2 0 0 3 2 2 1 2 0 0 0 0 0 0 0 0 0 -4 -3 -2 -5 3 2 0 -1 0 0
checker 2 opponent 4 2 0 0 1 0 -2 -3 5 2 3 4 0 0 0 0 0 0 0 0 0 -1 -1 -2 -2 -3 -1 0
checker 2 player 6 1 0 1 3 2 2 1 1 0 0 0 0 0 0 0 0 0 -3 -3 -2 -5 3 2 -1 -1 0 0
checker 2 opponent 5 2 0 0 1 1 -2 -2 5 2 3 3 0 -1 0 0 0 0 0 0 0 -1 -1 -2 -2 -2 -2 0
checker 2 player 2 1 0 2 2 2 2 1 1 0 0 0 0 0 0 0 1 0 -2 -2 -3 -5 2 2 -2 -1 0 0
checker 2 opponent 6 5 0 0 1 2 -2 -2 5 3 2 2 0 0 0 -1 0 0 0 0 0 0 -2 -2 -2 -2 -2 0
checker 2 player 4 2 0 2 2 2 2 2 0 0 0 0 0 0 1 0 0 0 -2 0 -3 -5 2 2 -3 -2 0 0
checker 2 opponent 5 5 0 0 2 3 -2 -2 5 3 0 2 0 0 0 0 0 0 0 0 0 -1 -2 -2 -2 -2 -2 0
checker 2 player 6 1 0 2 2 2 2 2 1 0 0 0 0 0 0 0 0 0 -2 0 -2 -2 2 2 -3 -3 -3 0
checker 2 player 6 3 0 0 0 0 2 2 2 1 1 0 0 0 -2 2 0 -2 -3 -2 -3 -3 2 2 0 0 1 0
checker 2 opponent 6 6 0 -1 0 0 -2 -2 3 3 2 3 2 0 0 2 0 -1 0 -1 -2 -2 -2 -2 0 0 0 0
checker 2 player 2 2 0 0 0 0 2 2 2 2 1 0 1 0 0 0 0 -2 -3 -2 -3 -3 2 2 0 0 -2 1
checker 2 opponent 3 2 0 2 -1 0 -2 -2 3 3 2 3 2 0 0 0 0 0 0 -2 -1 -2 -2 -2 -1 0 0 0
checker 2 player 6 2 0 0 0 1 2 2 2 1 2 0 0 0 0 0 0 0 -3 -3 -4 -3 2 2 0 1 -2 0
checker 2 opponent 4 3 0 2 -1 0 -2 -2 3 4 3 3 0 0 0 0 0 0 0 0 -1 -3 -2 -2 -1 -1 0 0
checker 2 player 6 3 0 0 1 1 2 2 3 1 0 0 0 0 0 0 0 0 -3 -3 -3 -2 2 2 -2 1 -2 0
checker 2 opponent 5 4 0 2 0 2 -2 -2 2 3 3 3 0 -1 0 0 0 0 0 0 -1 -3 -2 -2 -1 -1 0 0
checker 2 player 3 1 0 0 1 1 2 2 3 1 0 0 0 0 0 0 1 0 -3 -2 -2 -2 2 2 -4 0 -2 0
checker 2 opponent 3 3 0 2 0 4 -2 -2 2 2 2 3 0 0 -1 0 0 0 0 0 -1 -2 -2 -2 -2 -1 0 0
checker 2 player 4 4 0 0 1 2 2 2 2 1 0 0 0 0 0 1 0 0 0 -2 -2 -4 2 2 -5 0 -2 0
checker 2 player 4 1 0 0 -1 0 2 0 2 1 2 0 0 0 -2 2 0 -2 -2 -3 -2 -3 3 2 0 0 1 0
checker 2 opponent 6 1 0 -1 0 0 -2 -3 3 2 3 2 2 0 -2 2 0 0 0 -2 -1 -1 0 -1 -1 -1 0 1
checker 2 player 5 3 0 -1 1 1 1 0 1 1 2 0 0 0 -1 2 0 -2 -2 -3 -3 -3 3 2 0 0 1 0
checker 2 opponent 5 2 0 -1 0 0 -2 -3 3 3 3 2 2 0 0 1 0 -1 0 -3 -1 -1 0 -1 -1 -1 1 0
checker 2 opponent 2 1 0 -1 0 0 -2 -4 2 3 3 2 2 0 0 1 0 -1 0 -3 -1 -1 0 -1 1 -1 0 1
checker 2 player 3 1 0 -1 1 0 1 -1 1 1 3 0 1 0 -1 0 0 -2 -2 -3 -3 -2 4 2 0 0 1 0
checker 2 opponent 6 2 0 0 -1 0 -2 -4 2 3 3 2 2 0 0 1 0 -1 0 -2 -1 -1 -1 -1 0 -1 1 1
checker 2 player 5 5 0 -1 1 0 1 1 -1 1 2 0 1 0 -1 0 0 -2 -2 -2 -3 -3 4 2 0 1 0 1
checker 2 opponent 6 5 0 0 -1 0 -2 -5 3 3 2 2 2 0 0 1 0 0 0 0 -1 1 -2 -1 -2 -1 1 0
checker 2 opponent 3 1 0 0 1 -1 -3 -5 3 2 2 2 2 0 0 1 0 0 0 0 1 1 -2 -1 -2 -1 0 0
checker 2 opponent 5 4 0 0 2 0 -4 -4 2 2 2 2 2 -1 0 1 0 0 0 0 1 1 -2 -1 -2 -1 0 0
checker 2 opponent 2 1 0 0 2 0 -4 -4 2 2 3 2 2 0 0 0 0 1 0 0 1 0 -2 -2 -2 -1 0 0
checker 2 player 6 1 0 0 1 2 2 2 0 0 0 -1 -1 0 0 0 0 -2 -2 -2 -3 -2 4 4 0 -2 0 0
checker 2 opponent 6 6 0 0 2 0 -3 -4 2 3 2 2 2 -1 0 0 0 1 1 0 0 0 -2 -2 -2 -1 0 0
checker 2 player 3 1 0 0 1 2 2 2 0 0 0 0 0 0 0 0 1 -3 -2 -2 -2 -2 4 3 -1 -2 -1 0
checker 2 opponent 5 3 0 1 2 1 -3 -4 2 2 2 2 3 0 0 0 0 -1 0 0 0 0 -2 -2 -2 -1 0 0
checker 2 player 5 1 0 0 1 2 2 2 0 0 0 0 1 0 0 0 0 -2 -2 -2 -2 -2 4 3 -1 -3 -1 0
checker 2 opponent 5 2 0 1 3 1 -3 -4 2 2 2 2 2 0 0 0 0 0 0 0 0 0 -2 -3 -2 -1 0 0
checker 2 player 5 2 0 0 1 2 3 2 0 0 0 0 0 0 0 0 0 -1 -2 -2 -2 -2 4 3 -2 -3 -1 0
checker 2 opponent 4 1 0 1 3 2 -3 -3 2 2 2 2 -1 0 0 0 0 0 0 0 0 0 -2 -2 -2 -2 0 1
checker 2 player 5 5 0 -1 2 2 2 2 0 0 0 0 0 0 0 0 0 1 -2 -2 -1 -2 3 3 -3 -3 -1 0
checker 2 player 6 2 0 0 0 0 2 2 2 1 1 0 0 0 -2 2 0 -3 -2 -3 -2 -3 2 2 0 0 1 0
checker 2 opponent 5 1 0 0 0 -1 -2 -2 3 2 3 2 3 0 -1 2 0 0 0 -1 -2 -2 -2 -2 0 0 0 0
checker 2 player 6 6 0 0 0 0 2 2 2 2 1 0 0 0 -2 1 0 -2 -3 -3 -2 -2 2 2 1 0 -1 0
checker 2 opponent 3 2 0 0 0 2 -3 -2 2 3 2 2 0 0 0 2 0 0 -1 -4 0 -3 2 0 -2 0 0 0
checker 2 player 4 1 0 0 0 2 0 -2 3 0 4 1 0 0 -1 0 0 0 -2 -3 -3 -2 2 3 -2 0 0 0
checker 2 opponent 1 1 0 0 0 2 -2 -3 2 3 3 2 0 0 0 1 0 0 -1 -3 0 -3 2 -1 -2 0 0 0
checker 2 player 5 2 0 0 0 2 1 -2 3 0 3 1 0 0 0 0 0 0 -3 -3 -3 -2 3 2 -2 0 0 0
checker 2 opponent 6 5 0 0 0 2 -2 -2 2 3 3 3 -1 0 0 0 0 0 -1 -3 0 -2 2 -2 -2 0 0 0
checker 2 player 6 5 0 0 0 2 2 -2 2 0 3 1 0 0 0 0 0 1 -3 -2 -2 -2 2 2 -2 -2 0 0
checker 2 player 5 2 0 0 2 0 2 2 2 2 0 0 0 0 -2 0 0 -2 -2 -2 -4 -3 2 3 0 0 0 0
checker 2 opponent 6 5 0 0 0 0 -3 -2 3 4 2 2 2 0 0 2 0 0 0 0 -2 0 -2 -3 0 -2 -1 0
checker 2 player 5 1 0 1 2 0 3 2 0 2 0 0 0 0 -1 0 0 -2 -2 -3 -3 -3 2 3 0 0 -1 0
checker 2 opponent 3 2 0 1 0 0 -2 -3 3 3 3 2 2 0 0 1 0 0 0 0 -1 0 -2 -3 0 -3 -1 0
checker 2 player 6 2 0 1 3 0 3 2 0 1 0 0 0 0 -1 0 0 -2 -2 -2 -3 -3 3 2 -1 0 -1 0
checker 2 opponent 3 1 0 1 0 1 -2 -2 3 3 2 2 2 0 0 -1 0 0 0 0 -1 0 -2 -3 0 -3 -1 1
checker 2 player 4 4 0 -1 3 0 3 2 0 1 0 0 0 0 1 0 0 -2 -2 -2 -3 -2 2 2 -2 0 -1 1
checker 2 opponent 4 2 0 1 0 2 -3 -2 2 3 2 2 2 0 0 0 0 0 0 0 0 0 -2 -4 -1 -3 1 0
checker 2 player 5 2 0 0 3 0 4 2 0 -1 0 0 0 0 0 0 0 -2 -2 -2 -3 -2 2 3 -2 0 -1 1
checker 2 opponent 4 2 0 1 0 2 -3 -3 2 3 2 2 2 0 0 0 0 0 0 0 1 0 -1 -4 -1 -3 0 0
checker 2 player 5 2 0 0 3 1 4 1 0 -1 0 0 0 0 0 0 0 -2 -2 -2 -2 -2 3 3 -2 0 -2 0
checker 2 opponent 6 2 0 2 0 2 -3 -3 2 2 2 2 2 0 0 0 0 0 0 0 1 0 0 -4 -2 -3 0 0
checker 2 player 2 1 0 0 3 2 4 0 0 0 0 0 0 0 0 0 0 -3 -2 -2 -2 -2 3 3 -2 0 -2 0
checker 2 opponent 6 5 0 2 0 2 -3 -3 2 2 2 2 3 0 0 0 0 0 0 0 0 0 0 -3 -2 -3 -1 0
checker 2 player 4 1 0 1 3 2 3 0 0 0 0 0 0 0 0 0 0 -3 -2 0 -2 -2 3 3 -3 -1 -2 0
checker 2 opponent 6 2 0 2 1 3 -2 -3 2 2 -1 2 3 0 0 0 0 0 0 0 0 0 0 -3 -2 -2 -2 0
checker 2 opponent 5 3 1 2 2 3 -2 -3 2 2 0 2 2 0 0 0 0 0 0 0 0 0 0 -3 -2 -2 -2 0
checker 2 player 6 5 0 2 2 2 3 0 0 0 0 0 0 0 0 0 0 -1 -2 0 -2 -2 3 2 -3 -3 -2 1
checker 2 opponent 3 3 0 2 3 3 -2 -3 2 2 0 2 1 -1 0 0 0 0 0 0 0 0 0 -3 -2 -2 -2 0
checker 2 player 6 5 0 2 2 2 3 0 0 0 0 0 0 0 0 0 1 0 0 0 -3 -3 3 2 -4 -3 -2 0
checker 2 opponent 5 4 0 2 3 4 -2 -2 3 3 0 0 0 -1 0 0 0 0 -1 0 0 0 0 -3 -2 -2 -2 0
checker 2 player 5 4 0 2 2 2 3 0 0 0 0 1 0 0 0 0 1 0 0 0 -2 -2 2 2 -5 -3 -3 0
checker 2 player 5 4 0 2 2 2 3 1 0 0 0 1 0 0 0 0 0 0 0 0 -1 -1 2 2 -6 -3 -4 0
checker 2 player 6 3 0 0 0 2 0 -2 3 0 3 0 0 0 -2 2 0 0 -2 -2 -3 -2 2 3 -2 0 0 0
checker 2 opponent 4 3 0 0 0 2 -2 -2 2 3 2 2 -1 0 -2 2 0 0 0 -3 0 -2 2 0 -3 0 0 0
checker 2 player 4 2 0 0 0 3 0 -2 2 0 3 0 0 0 -1 2 0 0 -2 -2 -3 -3 2 2 -2 0 0 1
checker 2 opponent 6 2 0 0 0 2 -3 -2 3 3 2 2 0 0 -2 1 0 0 0 -2 0 -3 2 0 -3 0 0 0
checker 2 player 5 2 0 0 0 3 0 -1 3 -1 2 0 0 0 0 2 0 0 -2 -2 -4 -3 2 3 -2 0 0 0
checker 2 opponent 4 3 0 0 0 2 -3 -2 3 4 2 2 0 0 -2 0 0 0 0 -2 1 -2 1 0 -2 0 -2 0
checker 2 player 4 2 0 2 0 2 0 -1 2 0 2 0 0 0 0 2 -1 0 -2 -2 -4 -3 2 3 -2 0 0 0
checker 2 opponent 6 3 0 0 0 2 -3 -2 3 4 2 2 0 1 -2 0 0 0 0 0 0 -3 1 -1 -2 0 -2 0
checker 2 player 6 3 0 2 0 2 1 0 3 0 0 0 0 0 0 2 -2 0 -2 -2 -4 -3 2 3 -2 0 0 0
checker 2 opponent 3 1 0 0 0 2 -2 -2 3 4 2 2 0 2 -2 -1 0 0 0 0 0 -3 0 -1 -2 0 -2 0
checker 2 player 5 2 0 2 0 2 1 0 3 0 0 0 0 0 1 2 -2 0 0 -3 -4 -4 2 2 -2 0 0 0
checker 2 opponent 6 2 0 0 0 2 -2 -2 4 4 3 0 0 2 -1 0 0 -1 0 -1 0 -3 0 -1 -2 0 -2 0
checker 2 player 5 2 0 2 0 2 1 0 3 0 1 0 1 0 0 1 -2 0 0 -2 -3 -5 2 2 -2 0 -1 0
checker 2 opponent 4 1 0 1 0 2 -2 -2 5 3 2 0 0 2 -1 0 0 0 0 -1 0 -2 -1 -2 -2 0 -2 0
checker 2 player 5 2 0 2 0 2 2 1 2 0 1 0 0 0 0 1 -2 0 0 -2 -3 -4 2 2 -2 0 -2 0
checker 2 opponent 6 2 0 2 0 2 -2 -2 4 3 2 0 0 2 0 0 0 0 0 -1 0 -3 -1 -2 -2 0 -2 0
checker 2 player 2 1 0 2 0 2 2 1 3 0 1 0 0 0 0 0 -2 0 0 0 -3 -5 2 2 -2 -1 -2 0
checker 2 opponent 6 1 0 2 1 2 -2 -2 5 3 0 0 0 2 0 0 0 0 0 0 0 -3 -2 -2 -2 0 -2 0
checker 2 player 3 2 0 2 0 2 2 2 3 0 0 0 0 0 0 0 -2 0 0 0 -2 -5 2 2 -1 -2 -3 0
checker 2 opponent 5 3 0 3 2 1 -2 -2 5 2 0 0 0 2 0 0 0 0 0 0 0 -2 -2 -2 -2 0 -3 0
checker 2 player 2 1 0 3 0 2 2 2 2 0 0 0 0 0 0 0 -2 0 0 0 -2 -3 2 2 -2 -2 -4 0
checker 2 player 4 3 0 3 1 2 2 1 2 0 0 0 0 0 0 0 -2 0 0 0 0 -3 2 2 -2 -2 -6 0
checker 2 player 3 3 0 0 2 0 2 2 2 2 0 0 0 0 -3 0 0 -2 -2 -3 -2 -3 2 3 0 0 0 0
checker 2 opponent 4 2 0 0 0 0 -3 -2 3 2 3 2 2 0 0 3 0 0 0 0 -1 0 -2 -2 -2 -2 -1 0
checker 2 opponent 6 5 0 0 0 0 -3 -2 3 3 3 2 2 0 0 2 0 0 0 0 0 0 -1 -2 -2 -3 -2 0
checker 2 player 6 6 0 2 3 2 2 1 0 0 0 0 0 0 -1 0 0 -2 -2 -3 -3 -3 2 3 0 -1 0 0
checker 2 player 3 1 0 0 0 0 2 2 2 1 1 0 0 0 -3 2 0 -2 -2 -3 -2 -3 2 2 0 0 1 0
checker 2 opponent 4 2 0 -1 0 0 -2 -2 3 2 3 2 2 0 -1 3 0 -1 0 0 -2 -2 -2 -2 0 0 0 0
checker 2 player 3 2 0 0 0 0 2 2 2 2 0 0 1 0 -2 1 0 -2 -2 -3 -3 -3 2 2 0 0 1 0
checker 2 opponent 5 1 0 -1 0 0 -2 -2 3 3 3 2 2 0 0 2 0 -1 0 -1 -2 -2 -2 -2 0 0 0 0
checker 2 player 6 6 0 0 0 0 2 2 2 2 1 0 1 0 -1 0 0 -2 -2 -3 -4 -3 2 2 0 0 1 0
checker 2 player 6 1 0 0 -1 0 2 0 2 1 2 0 0 0 -2 2 0 -2 -2 -3 -2 -3 3 2 0 0 1 0
checker 2 opponent 3 2 0 -1 0 0 -2 -2 3 2 3 2 2 0 -3 2 0 0 0 -2 -1 -2 0 -2 0 1 0 0
checker 2 player 5 1 0 0 0 0 2 -1 2 1 2 0 0 0 -2 3 0 -2 -2 -2 -2 -4 2 2 0 0 1 0
checker 2 opponent 6 3 0 -1 0 0 -2 -2 4 2 2 2 2 0 -2 2 0 0 0 -2 -2 -2 1 -2 0 0 0 0
checker 2 player 3 2 0 0 0 0 2 0 2 2 2 0 0 -1 -2 2 0 -2 -2 -2 -2 -3 2 2 -1 0 1 0
checker 2 opponent 6 3 0 -1 0 1 -2 -2 3 2 2 2 2 0 0 2 -1 -1 0 -2 -2 -2 0 -2 0 0 0 1
checker 2 player 5 2 0 0 0 0 2 0 2 2 2 -1 1 1 -2 0 0 -2 -2 -2 -2 -3 2 2 -1 0 1 0
checker 2 opponent 5 4 0 -1 0 1 -2 -2 3 2 2 2 2 0 0 2 0 0 -1 -2 -2 -2 -1 -2 0 0 0 1
checker 2 opponent 6 2 0 -2 0 1 -3 -2 3 2 2 2 2 0 0 2 0 0 1 -2 -2 -2 0 -2 0 0 0 0
checker 2 player 6 1 0 0 0 0 2 0 2 2 2 -1 0 0 0 0 -1 -2 -2 -2 -3 -3 2 3 -1 0 2 0
checker 2 opponent 1 1 0 -2 0 1 -2 -2 3 3 2 2 2 -1 0 0 0 0 1 -2 -2 -2 0 -2 0 0 0 1
checker 2 player 6 1 0 0 0 -1 2 0 2 2 2 0 -1 0 0 0 1 -2 -2 -2 -3 -3 2 2 -1 0 2 0
checker 2 opponent 4 2 0 -1 0 1 -2 -2 3 3 2 3 2 -1 0 -1 0 0 0 -2 -2 -2 0 -2 1 0 0 0
checker 2 player 2 1 0 0 0 0 2 0 2 2 2 -1 0 0 1 0 1 -2 -3 -2 -3 -3 2 2 -1 0 1 0
checker 2 player 6 4 1 0 0 0 2 0 2 2 2 1 0 0 0 0 1 -2 -3 -2 -3 -3 2 2 -1 0 1 0
checker 2 opponent 4 2 0 0 0 1 -2 -2 3 3 2 3 2 -2 0 0 0 0 -1 -2 -2 -2 0 -2 0 0 0 1
checker 2 player 6 4 0 0 -1 0 2 0 2 2 2 1 0 0 0 0 2 -2 -3 -2 -2 -3 2 2 -2 0 0 0
checker 2 opponent 5 1 0 0 0 2 -2 -2 3 2 2 3 2 -1 0 0 0 0 0 -3 -2 -2 -1 -2 0 1 0 0
checker 2 player 2 1 0 0 0 -1 2 1 2 2 3 0 0 0 0 0 1 -2 -3 -2 -2 -2 2 2 -2 0 -1 0
checker 2 opponent 3 2 0 1 0 2 -2 -2 2 2 2 3 2 -1 0 0 0 0 0 -2 -2 -2 -2 -2 1 0 0 0
checker 2 player 1 1 0 0 0 -1 2 2 2 2 2 0 0 0 0 0 1 -2 -2 -2 -2 -3 2 2 -1 0 -2 0
checker 2 opponent 3 2 0 2 0 1 -2 -2 3 2 2 2 2 0 0 0 0 -1 0 -2 -2 -2 -2 -2 1 0 0 0
checker 2 player 6 3 0 0 0 -1 2 2 2 2 2 0 1 0 0 0 0 0 -2 -3 -3 -3 2 2 -1 0 -2 0
checker 2 player 4 2 0 0 2 0 2 2 2 2 0 0 0 0 -2 0 0 -2 -2 -4 -2 -3 2 3 0 0 0 0
checker 2 opponent 5 4 0 0 0 0 -3 -2 3 2 4 2 2 0 0 2 0 0 0 0 0 -2 -3 -2 -1 -2 0 0
checker 2 player 2 1 0 0 2 1 2 3 2 0 0 0 0 0 -1 0 0 -2 -3 -3 -2 -3 2 3 -1 0 0 0
checker 2 opponent 6 1 0 0 0 1 -2 -3 3 2 3 3 2 0 0 1 0 0 0 0 0 -2 -2 -2 -2 -2 0 0
checker 2 player 5 3 0 0 2 2 2 2 2 0 0 0 0 0 0 0 0 -2 -3 -3 -3 -3 3 2 0 -1 0 0
checker 2 opponent 6 2 0 0 1 0 -2 -3 3 3 3 3 2 0 0 0 0 0 0 0 0 0 -2 -2 -3 -2 -1 0
checker 2 player 4 3 0 1 2 3 2 2 0 0 0 0 0 0 0 0 0 -2 -2 -2 -3 -4 3 2 -1 -1 0 0
checker 2 opponent 6 1 0 0 1 1 -2 -3 4 3 2 2 2 0 0 0 0 0 0 0 0 0 0 -2 -3 -3 -2 0
checker 2 player 3 1 0 2 3 3 2 0 0 0 0 0 0 0 0 0 0 -2 -2 -2 -2 -4 3 2 -1 0 -2 0
checker 2 opponent 4 1 0 2 0 1 -2 -3 4 2 2 2 2 0 0 0 0 0 0 0 0 0 0 -1 -3 -2 -4 0
checker 2 player 2 1 0 4 2 3 1 0 0 0 0 0 0 0 0 0 0 -2 -2 -2 -2 -3 3 2 0 -2 -2 0
checker 2 opponent 5 2 0 2 2 0 -2 -3 3 2 2 2 2 0 0 0 0 0 0 0 0 0 0 0 -3 -2 -5 0
checker 2 player 3 3 0 5 2 3 0 0 0 0 0 0 0 0 0 0 0 -2 -2 0 -2 -4 3 2 -1 -2 -2 0
checker 2 opponent 6 5 0 -1 0 0 -2 -3 3 2 3 2 2 0 -2 2 0 0 0 -2 -1 -2 0 -2 0 1 0 0
checker 2 player 2 1 0 0 0 0 2 0 2 -1 2 0 0 0 -2 2 0 -2 -2 -2 -2 -3 3 2 0 -1 1 1
checker 2 opponent 5 3 0 -2 1 0 -2 -3 3 2 2 2 2 0 -2 2 0 0 0 -1 1 -3 0 -2 0 0 0 0
checker 2 player 1 1 0 0 0 0 2 0 3 -1 1 0 0 0 -1 2 0 -2 -2 -3 -2 -2 3 2 -1 -1 2 0
checker 2 opponent 4 2 0 -2 1 1 -2 -3 2 2 3 2 2 0 -2 1 0 0 0 0 0 -2 -2 -2 0 0 0 1
checker 2 player 6 5 0 0 -1 0 2 2 2 0 0 0 0 0 0 2 0 -2 -3 -3 -2 -2 3 2 -1 -1 2 0
checker 2 opponent 5 4 0 -2 1 1 -2 -2 2 2 3 3 2 0 -2 0 0 0 -1 0 0 -2 -2 -2 0 1 0 0
checker 2 player 6 2 0 0 0 0 2 2 2 0 0 1 0 -1 0 2 0 -2 -3 -3 -2 -2 2 2 -1 -1 2 0
checker 2 opponent 4 1 0 -2 1 1 -2 -2 2 2 3 3 2 -1 0 0 -1 0 1 0 -1 -2 -2 -2 0 0 0 0
checker 2 opponent 5 5 1 -2 1 1 -2 -2 2 2 3 3 2 1 0 0 -1 0 0 0 -1 -2 -2 -2 0 0 0 0
checker 2 opponent 4 1 1 -2 3 2 -2 -2 3 0 2 3 2 0 0 0 -1 0 0 0 -1 -2 -2 -2 0 0 0 0
checker 2 player 3 1 0 0 0 0 2 2 2 1 0 0 0 1 0 0 0 0 -4 -2 0 -4 2 2 -2 -3 2 1
checker 2 opponent 3 1 0 -2 3 2 -3 -2 4 0 2 4 0 0 0 0 -1 0 0 0 -1 -2 -2 -2 0 0 0 0
checker 2 player 4 1 0 0 0 0 2 2 2 1 0 0 0 1 0 0 0 0 -2 -3 0 -5 2 3 -2 -3 2 0
checker 2 opponent 6 3 0 -2 3 2 -2 -3 5 0 3 2 0 0 0 0 0 0 0 0 -2 -2 -2 -2 0 0 0 0
checker 2 player 3 2 0 0 0 0 2 2 2 2 0 0 0 0 0 0 0 0 0 -3 0 -6 3 2 -3 -3 2 0
checker 2 opponent 2 1 0 -2 3 3 -2 -2 6 0 3 0 -1 0 0 0 0 0 0 0 -2 -2 -2 -2 0 0 0 0
checker 2 player 5 4 0 0 0 0 2 2 2 2 0 0 0 0 0 0 0 1 0 -2 0 -7 2 2 -2 -4 2 0
checker 2 player 5 4 0 0 0 0 2 2 3 2 0 0 0 0 0 0 0 0 0 -1 0 -6 2 2 -3 -5 2 0
checker 2 player 1 1 0 0 0 2 0 -2 3 0 3 0 0 0 -2 2 0 0 -2 -2 -3 -2 2 3 -2 0 0 0
checker 2 opponent 4 1 0 0 0 2 -2 -3 2 3 2 2 0 0 -2 2 0 0 0 0 -3 -3 2 0 -2 0 0 0
checker 2 player 5 3 0 0 0 2 0 -2 3 3 0 0 0 0 -1 2 0 0 -3 -2 -2 -3 3 2 -2 0 0 0
checker 2 opponent 6 4 0 0 0 2 -2 -2 3 2 2 3 0 0 -2 -1 0 0 0 0 -3 -3 2 0 -2 0 0 1
checker 2 player 6 3 0 0 0 2 0 -2 3 3 0 0 -1 0 1 2 0 0 -3 -2 -2 -3 2 2 -2 0 0 0
checker 2 opponent 6 2 0 -1 0 0 -2 -2 3 2 3 2 2 0 -2 3 0 0 0 -1 -1 -2 -2 -2 0 0 0 0
checker 2 player 3 3 0 0 0 0 2 2 2 1 1 0 0 0 -2 2 0 -2 -2 -2 -3 -4 2 2 0 0 1 0
checker 2 opponent 5 3 0 -1 0 0 -2 -2 4 3 2 2 2 0 0 2 0 -1 0 0 -2 -2 -3 -2 0 0 0 0
checker 2 player 5 5 0 0 0 0 2 3 2 2 0 0 1 0 0 0 0 -3 -2 -3 -3 -4 2 2 0 0 1 0
checker 2 opponent 6 3 0 -1 0 0 -2 -2 4 3 3 2 3 0 0 0 0 -1 0 0 0 0 -3 -2 0 -2 -2 0
checker 2 player 4 1 0 2 2 0 2 3 0 0 0 0 1 0 0 0 0 -2 -2 -3 -3 -4 2 2 0 0 -1 1
checker 2 opponent 6 2 0 0 0 0 -2 -3 4 3 3 2 2 0 0 0 0 -1 0 0 0 0 -3 -2 0 -2 -2 1
checker 2 player 4 4 0 2 2 0 2 3 -1 0 0 0 1 0 0 0 0 -2 -2 -2 -3 -5 3 2 0 0 0 0
checker 2 opponent 5 2 0 0 0 0 -2 -3 5 3 2 2 2 0 0 0 0 0 0 0 0 0 -1 -2 0 -3 -4 1
checker 2 opponent 6 4 0 0 0 0 -3 -2 5 3 2 2 2 -1 0 0 0 0 0 0 1 0 0 -2 0 -3 -4 0
checker 2 opponent 3 3 0 1 1 0 -3 -2 4 2 2 2 2 0 0 0 0 0 0 0 1 0 -1 -2 0 -3 -4 0
checker 2 player 6 1 0 4 3 0 2 1 0 0 0 0 0 0 0 -1 0 -2 -2 -2 -2 -2 2 3 -2 -1 -1 0
checker 2 opponent 3 1 0 1 1 2 -2 -2 2 2 2 2 2 -1 1 0 0 0 0 0 0 0 -1 -2 0 -3 -4 0
checker 2 player 4 1 0 4 3 0 2 1 0 0 0 0 0 0 0 0 0 -2 -2 -3 -2 -2 2 2 -2 -1 -1 1
checker 2 opponent 6 1 0 1 1 2 -2 -3 2 2 3 2 2 0 0 0 0 0 0 0 0 0 -1 -2 0 -3 -4 0
checker 2 player 6 4 0 4 3 0 2 1 0 0 0 0 0 0 0 0 0 -2 -2 -2 -2 -2 3 2 -2 -1 -2 0
checker 2 opponent 6 1 0 2 1 2 -2 -2 2 2 2 2 2 0 0 0 0 -1 0 0 0 0 -1 -2 0 -3 -4 0
checker 2 player 6 2 0 4 3 0 2 1 0 0 0 0 1 0 0 0 0 -2 -2 0 -3 -2 2 2 -2 -2 -2 0
checker 2 opponent 6 2 0 2 2 2 -2 -2 2 3 0 2 2 0 0 0 0 0 0 0 0 0 0 -3 -1 -3 -4 0
checker 2 player 6 5 0 4 3 1 3 0 0 0 0 0 0 0 0 0 0 -2 0 0 -4 -2 2 2 -3 -2 -2 0
checker 2 opponent 6 6 0 0 0 0 -3 -2 3 2 3 2 2 0 0 3 0 0 0 0 0 -2 -2 -2 -1 -3 0 0
checker 2 player 3 3 0 0 3 1 2 2 2 0 0 0 0 0 -1 0 0 -2 -2 -3 -2 -3 2 3 0 0 -2 0
checker 2 opponent 6 4 0 2 0 0 -3 -2 3 2 3 2 2 0 0 1 0 0 0 0 0 0 -2 0 -3 -3 -2 0
checker 2 player 2 1 0 2 3 3 0 2 0 0 0 0 0 0 0 0 0 -2 -3 -2 -2 -3 2 3 0 -1 -2 0
checker 2 opponent 5 2 0 2 1 0 -2 -3 3 2 2 3 2 0 0 0 0 0 0 0 0 0 -2 0 -2 -3 -3 0
checker 2 player 5 2 0 3 3 2 0 2 0 0 0 0 0 0 0 0 0 -2 -2 -2 -2 -3 3 2 0 -2 -2 0
checker 2 opponent 3 2 0 2 2 0 -2 -3 3 2 2 2 2 0 0 0 0 0 0 0 0 0 -1 0 -3 -3 -3 0
checker 2 player 6 3 0 3 3 3 0 1 0 0 0 0 0 0 0 0 0 -2 -2 -1 -2 -3 3 2 -1 -2 -2 0
checker 2 opponent 3 3 0 2 2 1 -2 -2 3 2 1 2 2 0 0 0 -1 0 0 0 0 0 -1 0 -3 -3 -3 0
checker 2 player 5 3 0 3 3 3 0 1 0 0 0 0 0 1 0 0 0 -2 0 -1 -2 -3 2 2 -3 -2 -2 0
checker 2 opponent 3 2 0 2 2 3 -2 -2 3 2 1 0 2 0 0 0 0 0 0 0 0 -1 0 0 -3 -4 -3 0
checker 2 player 6 5 0 3 4 3 0 0 1 0 0 0 0 0 0 0 0 0 0 -2 -3 -3 2 2 -3 -2 -2 0
checker 2 opponent 3 1 0 -1 0 0 -2 -2 3 2 3 2 2 0 -2 3 0 0 0 -1 -1 -2 -2 -2 0 0 0 0
checker 2 player 3 2 0 0 0 0 2 2 2 1 1 0 0 0 -2 2 0 -2 -3 -3 -2 -3 2 2 0 0 1 0
checker 2 opponent 2 2 0 -1 0 0 -2 -2 3 2 3 3 2 0 -2 2 0 0 0 0 -1 -2 -2 -2 -1 0 0 0
checker 2 player 3 2 0 0 0 1 2 2 2 1 0 0 0 0 0 2 -2 -2 -2 -2 -3 -4 2 2 0 0 1 0
checker 2 opponent 5 2 0 -1 0 0 -2 -2 4 3 2 2 2 2 -1 0 0 0 0 -1 -1 -2 -2 -2 -1 0 0 0
checker 2 player 6 5 0 0 0 1 2 2 2 1 1 0 0 0 0 1 0 -2 -3 -2 -3 -5 2 2 0 0 1 0
checker 2 opponent 6 4 0 -1 0 0 -2 -2 5 3 2 3 2 0 0 0 0 0 0 0 -2 -2 -2 -2 -2 0 0 0
checker 2 player 6 5 0 0 0 2 2 2 2 2 0 0 0 0 0 0 0 -2 -2 -2 -2 -5 2 2 -2 0 1 0
checker 2 player 3 2 0 0 -1 0 2 0 2 1 2 0 0 0 -2 2 0 -2 -2 -2 -2 -3 3 2 0 -1 1 0
checker 2 opponent 3 1 0 -1 1 0 -2 -3 3 2 2 2 2 0 -2 2 0 0 0 -1 0 -2 -2 -2 0 1 0 0
checker 2 player 3 2 0 0 -1 0 2 2 2 0 1 0 0 0 -1 2 0 -3 -2 -2 -2 -3 3 2 0 0 -1 1
checker 2 opponent 6 5 0 1 0 -1 -2 -3 3 2 2 2 3 0 -1 1 -1 0 0 -1 0 -2 -2 -2 0 1 0 0
checker 2 opponent 3 3 1 1 0 -1 -3 -3 3 2 2 2 3 0 1 1 -1 0 0 0 0 -2 -2 -2 0 0 0 0
checker 2 player 4 1 1 0 0 0 2 2 2 0 0 0 0 1 -1 0 0 -2 -2 -2 -3 -3 4 3 1 0 -1 0
checker 2 opponent 6 1 0 1 0 -1 -3 -4 3 3 2 2 2 0 0 1 0 0 0 0 -1 -2 -2 -1 -1 0 0 1
checker 2 player 6 2 0 -1 0 1 1 2 2 1 0 0 0 0 -1 0 0 -2 -2 -2 -2 -3 4 3 1 0 -2 0
checker 2 opponent 6 3 0 2 0 -1 -3 -3 3 2 2 2 2 0 0 -1 0 0 0 0 -1 -2 -2 -1 -1 0 1 1
checker 2 opponent 6 4 1 2 0 -1 -3 -4 3 2 2 2 2 0 0 -1 0 0 0 0 1 -2 -2 -1 1 0 0 0
checker 2 opponent 4 3 1 2 0 2 -3 -5 3 1 2 1 2 0 0 -1 0 0 0 0 1 -2 -2 -1 1 0 0 0
checker 2 player 4 3 0 0 0 -1 1 2 2 -1 0 0 0 0 1 0 0 0 -1 -2 -2 -4 5 3 -2 0 -2 1
checker 2 opponent 4 3 0 2 0 2 -4 -5 4 2 2 1 0 0 0 0 0 0 -1 0 1 -2 -2 -1 1 0 0 0
checker 2 player 4 1 0 0 0 -1 1 2 2 0 0 1 0 -1 0 0 0 0 0 -2 -2 -5 5 4 -2 0 -2 0
checker 2 opponent 5 4 0 2 0 2 -4 -5 5 2 2 0 0 0 0 0 1 0 0 0 0 -2 -2 -2 1 0 0 0
checker 2 player 4 1 0 0 0 0 2 2 2 0 0 0 0 -1 -1 0 0 0 0 -2 -2 -5 5 4 -2 0 -2 0
checker 2 opponent 3 2 0 2 0 2 -4 -4 5 2 2 0 -1 0 0 1 1 0 0 0 0 -2 -2 -2 0 0 0 0
checker 2 player 5 5 0 0 0 0 2 2 2 0 0 0 0 -1 0 0 0 0 0 -3 -2 -5 4 4 -2 0 -2 1
checker 2 opponent 3 2 0 2 0 2 -3 -4 5 2 3 0 -1 0 0 0 -1 0 0 0 0 -2 -2 -2 0 0 0 1
checker 2 player 5 1 0 0 0 -1 2 2 2 0 0 0 0 1 0 0 0 1 0 -2 -2 -6 4 3 -2 0 -2 0
checker 2 opponent 6 6 0 2 0 2 -2 -4 6 2 2 -1 0 -1 0 0 -1 0 0 0 0 -2 -2 -2 1 0 0 0
checker 2 player 4 4 0 0 0 0 2 2 2 0 0 0 0 1 0 0 1 -1 1 0 -2 -6 4 2 -2 -2 -2 0
checker 2 opponent 4 2 0 2 2 2 -2 -2 6 2 0 -2 1 0 0 -1 -1 -1 0 0 0 -2 -2 -2 0 0 0 0
checker 2 player 2 2 0 0 0 0 2 2 2 0 0 0 1 1 1 0 0 0 2 0 -2 -7 2 2 -1 -2 -3 0
checker 2 opponent 4 2 0 3 2 1 -2 -2 7 2 0 0 0 -2 0 -1 0 -1 0 0 -1 -2 -2 -2 0 0 0 0
checker 2 player 6 6 0 0 0 0 2 2 2 1 0 0 1 0 1 0 2 0 0 0 -2 -6 2 2 0 -3 -4 0
checker 2 opponent 5 1 0 4 3 0 -2 -2 6 2 0 0 0 0 0 0 0 0 0 -2 -1 -3 -2 -3 0 0 0 0
checker 2 player 5 2 0 0 0 0 3 2 3 1 2 0 0 0 0 0 0 0 0 0 0 -7 2 2 0 -4 -4 0
checker 2 player 6 6 0 0 0 2 0 -2 3 0 3 0 0 0 0 2 0 -1 -2 -3 -3 -2 2 3 -2 0 0 0
checker 2 player 5 5 0 0 0 0 2 -1 2 1 2 0 0 0 -2 2 0 -2 -2 -2 -3 -3 3 2 0 0 1 0
checker 2 opponent 6 2 0 -1 0 0 -2 -3 3 3 2 2 2 0 0 2 0 0 0 -3 0 -2 1 -2 -1 -1 0 0
checker 2 player 4 1 0 0 1 1 2 0 2 -1 3 0 0 0 -2 0 0 -2 -2 -2 -2 -3 3 2 0 0 -1 1
checker 2 opponent 6 2 0 1 0 0 -3 -3 3 2 2 2 2 0 0 2 0 0 0 -2 -1 -2 0 -2 -1 -1 0 1
checker 2 opponent 6 1 1 1 0 0 -3 -3 3 3 2 2 2 0 0 1 0 0 0 -2 -1 -2 0 -2 -1 1 0 0
checker 2 player 1 1 0 0 0 0 2 0 2 1 2 -1 0 0 -1 0 0 -2 -2 -2 -3 -3 3 3 0 0 -1 2
checker 2 opponent 5 1 0 0 -2 0 -3 -3 3 3 2 2 2 0 0 1 0 0 1 -2 -1 -2 0 -2 0 0 0 1
checker 2 player 3 1 0 0 0 0 2 -1 2 1 2 0 -1 0 -1 0 0 -2 -2 -2 -3 -3 3 3 0 2 0 0
checker 2 opponent 5 1 0 0 -2 0 -3 -3 3 3 2 2 2 0 0 1 0 1 0 -2 -1 -1 -1 -1 0 0 -1 1
checker 2 player 6 3 0 1 0 0 1 -1 1 1 2 0 0 -1 -1 0 0 -2 -2 -2 -3 -3 3 3 0 2 0 1
checker 2 opponent 6 5 0 0 -2 -1 -3 -2 3 3 2 2 2 -1 0 1 1 0 0 -2 -1 -1 1 -1 0 0 -1 0
checker 2 player 6 2 0 1 0 0 1 -1 1 1 2 0 0 0 -1 0 1 -2 -3 -2 -2 -3 2 3 1 2 -1 0
checker 2 opponent 5 2 0 1 -2 0 -3 -2 3 2 2 3 2 -2 0 1 0 0 0 -2 -1 -1 1 -1 0 0 -1 0
checker 2 player 4 1 0 1 0 0 1 0 1 1 2 0 -1 0 -1 0 2 -2 -2 -2 -3 -3 2 3 0 2 -1 0
checker 2 opponent 4 4 0 1 -2 0 -2 -3 3 3 2 2 2 -2 0 1 0 1 0 -1 -1 -1 0 -2 0 0 -1 0
checker 2 player 5 1 0 1 0 0 2 0 1 1 1 0 -1 0 0 0 2 0 -3 -2 -2 -5 3 2 -1 2 -1 0
checker 2 opponent 6 1 0 1 -2 1 -2 -2 5 2 2 3 -1 -2 0 0 0 1 0 -1 0 -2 0 -2 0 0 -1 0
checker 2 player 6 2 0 1 0 0 2 0 2 0 1 0 0 0 0 0 2 1 -3 -3 -2 -5 2 2 -1 2 -1 0
checker 2 opponent 5 2 0 1 -2 1 -2 -2 5 2 3 3 0 -1 -1 0 0 0 0 -2 0 -2 0 -2 0 0 -1 0
checker 2 player 5 2 0 1 0 0 2 0 2 0 2 0 0 0 0 1 1 0 -2 -2 -3 -5 2 2 -2 2 -1 0
checker 2 opponent 6 6 0 1 -2 2 -2 -2 5 3 2 2 0 0 0 0 -1 0 -1 -2 0 -2 0 -2 0 0 -1 0
checker 2 player 6 5 0 1 0 0 2 0 2 0 2 1 0 1 0 0 0 0 0 -2 -1 -5 2 2 -4 2 -3 0
checker 2 player 6 4 0 1 0 2 2 0 2 0 1 0 0 1 0 0 0 0 0 -2 0 -5 2 2 -3 2 -5 0
checker 2 opponent 6 5 0 5 -2 3 -2 -2 5 0 2 0 0 0 0 0 0 0 0 -1 0 -2 0 -2 -2 0 -2 0
checker 2 player 2 1 0 2 0 2 2 0 2 0 1 0 0 0 0 0 0 0 0 -2 0 -4 2 2 -3 2 -6 0
checker 2 opponent 5 2 0 6 -2 3 -2 -2 4 0 2 0 0 0 0 0 0 0 0 0 0 -2 -1 -2 -2 0 -2 0
checker 2 player 4 4 0 2 0 2 2 1 2 0 0 0 0 0 0 0 0 0 0 0 0 -5 2 2 -4 2 -6 0
checker 2 opponent 6 3 0 0 0 0 -2 -3 3 2 3 2 2 0 0 3 0 0 0 0 -1 -2 -3 -2 0 -2 0 0
checker 2 player 6 1 0 0 2 0 2 3 2 1 0 0 0 0 -2 0 0 -3 -2 -2 -2 -3 3 2 0 -1 0 0
checker 2 opponent 5 3 0 0 1 0 -2 -2 3 2 2 2 3 -1 0 2 0 0 0 0 0 -3 -3 -2 0 -2 0 0
checker 2 player 4 3 0 0 2 0 2 3 3 0 0 0 0 0 0 0 1 -4 -2 -3 -2 -3 2 2 0 -1 0 0
checker 2 opponent 3 3 0 0 1 0 -2 -2 3 2 3 2 4 0 0 0 0 -1 0 0 0 -2 -3 -2 -1 -2 0 0
checker 2 player 2 1 0 0 2 1 2 3 2 0 0 0 1 0 0 0 0 0 -2 -3 -6 -3 2 2 0 -1 0 0
checker 2 opponent 6 2 0 0 1 0 -2 -2 3 6 3 2 0 0 0 0 0 0 -1 0 0 -2 -2 -2 -2 -2 0 0
checker 2 player 6 2 0 0 2 2 2 2 2 0 0 1 0 0 0 0 0 0 -2 -2 -5 -4 2 2 0 -1 -1 0
checker 2 player 6 1 0 0 0 2 0 -1 3 0 3 0 0 0 -3 2 0 0 -2 -2 -3 -2 2 3 -2 0 0 0
checker 2 opponent 3 1 0 0 0 2 -2 -2 2 3 2 2 -1 0 -2 3 0 0 0 -3 0 -2 -1 0 -2 0 0 1
checker 2 player 5 2 0 -1 0 2 0 1 2 0 3 0 0 0 -2 2 0 -1 -2 -2 -3 -2 2 2 -2 0 0 1
checker 2 opponent 3 1 0 0 0 2 -2 -3 2 3 2 2 1 0 -2 2 0 0 0 -2 0 -3 -1 0 -2 0 1 0
checker 2 player 6 6 0 0 -1 2 0 1 3 0 2 0 0 0 -1 2 0 -2 -2 -2 -3 -2 3 2 -2 0 0 0
checker 2 opponent 3 2 0 0 1 -1 -2 -2 3 2 2 3 2 0 0 1 0 0 -1 0 -3 -2 -2 -2 0 0 1 0
checker 2 player 2 1 0 0 0 -1 2 2 2 3 0 1 0 0 0 0 0 -3 -3 -2 -2 -3 2 2 1 -1 0 0
checker 2 opponent 2 1 0 0 1 0 -2 -3 3 2 2 3 3 0 0 0 0 0 0 -1 -3 -2 -2 -2 1 0 0 0
checker 2 player 3 1 0 0 0 -1 2 2 2 3 1 0 0 0 0 0 0 -2 -3 -2 -3 -3 3 2 0 -1 0 0
checker 2 opponent 3 2 0 0 1 0 -2 -3 3 3 2 3 2 0 0 0 0 0 0 -1 -2 -2 -2 -2 -1 0 0 1
checker 2 player 4 1 0 0 0 -1 2 2 2 2 1 0 0 0 0 0 0 -2 -2 -2 -4 -3 3 2 0 -1 0 1
checker 2 opponent 1 1 0 -1 1 0 -2 -3 3 4 2 2 2 0 0 0 0 0 0 0 -2 -2 -2 -3 1 0 0 0
checker 2 player 1 1 0 0 0 -1 3 2 2 2 0 0 0 0 0 0 0 0 -3 -3 -4 -3 3 2 0 0 -1 1
checker 2 opponent 4 1 0 0 0 0 -2 -3 3 4 3 3 0 -1 0 0 0 0 0 0 -2 -2 -2 -2 -1 0 1 1
cube 2 player - - 0 -2 0 1 2 2 2 2 0 0 0 0 0 0 1 0 -3 -3 -3 -3 3 2 -1 0 0 0
checker 2 player 2 2 0 -2 0 1 2 2 2 2 0 0 0 0 0 0 1 0 -3 -3 -3 -3 3 2 -1 0 0 0
checker 2 opponent 6 3 0 0 0 1 -2 -3 3 3 3 3 0 0 0 0 0 0 0 0 -2 -3 -2 -2 -1 0 2 0
cube 2 player - - 0 -2 0 1 2 2 3 2 0 0 0 0 0 0 0 0 -2 -2 -3 -4 3 2 -1 -1 0 0
checker 4 opponent 6 6 0 -2 0 1 2 2 3 2 0 0 0 0 0 0 0 0 -2 -2 -3 -4 3 2 -1 -1 0 0
checker 2 player 4 1 0 0 0 0 2 2 2 1 1 0 0 0 -2 2 0 -2 -2 -3 -2 -4 2 2 0 0 1 0
checker 2 opponent 6 6 0 -1 0 0 -2 -2 4 2 3 2 2 0 -1 2 0 0 -1 0 -2 -2 -2 -2 0 0 0 0
checker 2 player 5 1 0 0 0 0 2 2 2 2 0 1 0 0 0 1 0 -2 0 -3 -4 -4 2 2 -2 0 1 0
checker 2 opponent 4 4 0 -1 0 2 -2 -2 4 4 3 0 2 0 0 0 0 0 0 -2 -2 -2 -2 -2 0 0 0 0
checker 2 player 6 3 0 0 0 0 2 2 2 2 2 0 0 0 0 0 0 0 0 -3 -4 -4 2 2 -2 -2 1 0
checker 2 opponent 5 2 0 -1 2 2 -2 -2 4 4 3 0 0 0 0 0 0 0 0 -1 -1 -2 -2 -3 0 -1 0 0
checker 2 player 3 1 0 0 1 0 3 2 2 1 1 0 0 0 0 0 0 0 0 -2 -3 -5 2 2 -2 -3 1 0
checker 2 opponent 5 3 0 -1 3 2 -2 -2 5 3 2 0 0 0 0 0 0 0 0 0 -1 -2 -3 -2 -1 -1 0 0
checker 2 player 2 1 0 0 1 1 2 3 2 1 0 0 0 0 0 0 0 0 0 -2 -2 -4 2 2 -3 -4 1 0
checker 2 opponent 6 5 0 -1 4 3 -2 -2 4 2 2 0 0 0 0 0 0 0 0 0 0 -3 -2 -2 -2 -1 0 0
checker 2 player 4 2 0 0 1 2 2 2 3 0 0 0 0 0 0 0 0 0 0 0 -2 -4 2 2 -4 -5 1 0
checker 2 player 3 2 0 0 2 0 2 2 2 2 0 0 0 0 -1 0 0 -2 -3 -3 -3 -3 2 3 0 0 0 0
checker 2 opponent 5 3 0 0 0 0 -3 -2 3 3 3 3 2 0 0 1 0 0 0 0 -1 -1 -3 -2 -1 -2 0 0
checker 2 player 6 4 0 0 2 1 2 3 1 1 0 0 0 0 -1 0 0 -2 -2 -3 -3 -3 2 3 0 0 -1 0
checker 2 opponent 6 3 0 -2 0 0 -2 -3 3 2 3 2 2 1 -2 1 0 0 0 -1 1 -2 -1 -2 0 0 0 0
checker 2 player 4 1 0 0 0 0 2 1 2 0 1 0 0 0 -1 2 -1 -2 -3 -3 -2 -3 3 2 0 0 2 0
checker 2 opponent 3 2 0 -2 0 0 -2 -3 3 2 3 3 2 1 -1 1 0 0 -1 0 -1 -2 -1 -2 0 0 0 0
checker 2 player 6 1 0 0 0 0 2 1 2 1 0 1 0 0 0 1 -2 -2 -3 -3 -2 -2 3 2 -1 0 2 0
checker 2 opponent 6 5 0 -2 0 1 -2 -3 2 2 3 3 2 2 -1 0 0 0 0 0 -1 -1 -2 -2 -1 0 0 0
checker 2 player 5 1 0 0 0 1 2 2 1 1 0 0 0 0 0 1 -1 -2 -3 -2 -2 -3 3 2 -1 -1 2 0
checker 2 opponent 5 4 0 -2 1 1 -2 -3 3 2 2 3 2 1 0 0 0 0 0 -1 0 -2 -2 -2 -1 0 0 0
checker 2 player 6 3 0 0 0 1 2 2 2 0 1 0 0 0 0 0 0 -2 -3 -2 -2 -3 3 2 -1 -2 2 0
checker 2 opponent 6 5 0 -2 2 1 -2 -2 3 2 2 3 2 0 0 0 -1 0 0 -1 0 -2 -2 -2 -1 0 0 0
checker 2 player 3 1 0 0 0 1 2 2 2 0 1 0 0 1 0 0 0 -2 -3 0 -2 -3 2 2 -2 -3 2 0
checker 2 opponent 3 2 0 -2 3 2 -2 -2 3 2 0 3 2 0 0 0 0 0 0 -1 -1 -2 -2 -2 -1 0 0 0
checker 2 player 4 3 0 0 0 1 2 2 2 1 1 0 0 0 0 0 0 0 -3 -1 -3 -3 2 2 -2 -3 2 0
checker 2 opponent 6 4 0 0 0 2 -2 -3 2 3 2 2 0 0 -2 2 0 0 0 0 -3 -3 2 0 -2 0 0 0
checker 2 player 6 3 0 0 0 2 0 0 3 3 0 -1 0 -1 -2 2 0 0 -2 -2 -3 -2 3 2 -2 0 0 0
checker 2 opponent 5 1 0 0 0 2 -2 -2 2 3 2 2 0 0 -2 2 -1 0 1 0 -3 -3 0 0 -2 0 0 1
checker 2 player 6 4 0 0 0 2 0 -1 3 3 0 -1 0 1 -2 2 0 0 -2 -2 -2 -3 2 2 -2 0 0 0
cube 2 player - - 2 0 0 2 0 1 3 3 0 1 0 0 -2 1 0 0 -2 -2 -2 -3 2 2 -2 0 0 0
checker 2 player 5 1 2 0 0 2 0 1 3 3 0 1 0 0 -2 1 0 0 -2 -2 -2 -3 2 2 -2 0 0 0
checker 2 opponent 6 4 0 -1 0 0 -2 -2 3 2 3 2 2 0 -1 3 -1 0 0 0 -2 -2 -2 -2 0 0 0 0
checker 2 player 5 1 0 0 0 0 2 2 2 2 0 0 0 1 -2 1 0 -2 -2 -3 -2 -3 2 2 -1 0 1 0
checker 2 opponent 4 2 0 -1 0 1 -2 -2 3 2 3 2 2 0 -1 2 0 0 0 0 -2 -2 -3 -2 0 0 0 0
checker 2 player 5 3 0 0 0 0 2 3 2 2 0 0 0 0 -1 1 0 -2 -3 -3 -2 -3 2 2 0 0 -1 1
checker 2 opponent 3 2 0 1 0 -1 -2 -2 3 2 3 3 2 0 0 1 0 0 0 -1 -2 -2 -3 -2 0 0 0 0
checker 2 player 6 5 0 0 0 0 2 3 2 2 1 0 0 0 0 0 0 -3 -2 -3 -3 -3 2 2 1 0 -1 0
checker 2 opponent 5 3 0 0 0 2 -2 -3 2 3 2 2 0 0 -2 2 0 0 0 -2 0 -3 2 -1 -2 0 0 0
checker 2 player 3 1 0 0 0 2 1 -2 3 0 2 0 0 0 0 2 0 -1 -2 -3 -3 -2 3 2 -2 0 0 0
checker 2 opponent 6 2 0 0 0 2 -2 -3 2 3 3 2 1 0 -2 0 0 0 0 -1 0 -3 2 -2 -2 0 0 0
checker 2 player 5 4 0 0 0 2 2 -2 3 0 1 0 0 0 0 2 0 0 -2 -3 -3 -2 3 2 -2 -1 0 0
checker 2 opponent 6 1 0 0 1 2 -2 -2 2 3 3 2 0 0 -2 0 -1 0 0 -1 0 -3 2 -2 -2 0 0 0
checker 2 player 5 5 0 0 0 2 2 -2 3 0 1 0 0 1 0 2 0 0 -2 -2 -2 -3 2 2 -2 -2 0 0
checker 2 player 3 1 0 0 0 -1 2 0 2 1 2 0 0 0 -2 2 0 -2 -2 -3 -2 -2 3 2 0 0 -1 1
checker 2 opponent 6 2 0 1 0 -1 -2 -3 2 2 3 2 2 0 -2 2 0 0 0 -2 -1 -2 0 -1 -1 0 0 1
checker 2 player 3 1 0 0 -1 1 1 0 2 1 2 0 0 0 -1 2 0 -2 -2 -3 -3 -2 3 2 1 0 -1 0
checker 2 opponent 2 1 0 1 0 -1 -2 -3 2 3 3 2 2 0 -1 -1 0 0 0 -2 0 -2 0 -2 -1 1 0 1
checker 2 player 3 2 0 -1 -1 1 2 0 2 0 2 0 0 0 1 1 0 -2 -2 -2 -3 -3 3 2 1 0 -1 0
checker 2 opponent 6 5 0 1 0 -1 -2 -3 3 3 2 2 2 0 -1 -1 0 0 0 -1 0 -2 0 -2 -2 1 1 0
checker 2 opponent 5 5 0 1 0 -2 -3 -3 3 3 2 2 2 0 1 -1 0 0 0 0 0 -2 0 -2 -2 0 1 0
checker 2 player 5 4 0 -1 0 2 2 0 2 0 0 0 0 0 1 0 0 -2 -2 -2 -2 -2 3 3 2 -2 -2 0
checker 2 opponent 2 2 0 2 2 -2 -3 -3 2 2 2 2 2 0 0 0 0 0 0 0 0 -2 0 -2 -3 0 1 0
checker 2 player 2 2 0 -1 0 3 2 0 2 0 0 0 0 0 0 0 0 0 -2 -2 -2 -4 3 3 2 -2 -2 0
checker 2 opponent 5 4 0 2 2 -2 -3 -3 4 2 2 2 0 0 0 0 0 0 0 0 0 0 0 -2 -3 -2 1 0
checker 2 player 5 1 0 0 2 3 2 0 0 0 0 0 -1 0 0 0 0 0 -2 -2 -2 -4 3 3 2 -2 -2 0
checker 2 opponent 3 2 0 2 2 -2 -2 -3 4 2 2 2 -1 0 0 0 0 1 0 0 0 0 0 -2 -3 -2 0 0
checker 2 player 5 3 0 0 2 3 2 0 0 0 0 0 0 0 0 0 0 -1 -2 -2 -2 -4 3 2 2 -2 -2 1
checker 2 opponent 6 4 0 2 2 -3 -2 -2 4 2 2 2 -1 0 0 0 0 0 0 0 0 0 0 -2 -3 -2 0 1
checker 2 player 4 1 0 0 2 3 2 0 0 0 0 0 -1 0 0 0 0 1 -2 -2 -2 -4 2 2 3 -2 -2 0
checker 2 opponent 6 1 0 2 2 -2 -3 -2 4 2 2 2 0 0 0 0 -1 1 0 0 0 0 0 -2 -3 -2 0 0
checker 2 player 6 3 0 0 2 3 2 0 0 0 0 0 0 0 0 0 0 0 -2 -3 -2 -4 2 3 2 -2 -2 1
checker 2 opponent 3 1 0 2 2 -3 -2 -2 4 2 3 2 -1 0 0 0 0 0 0 0 0 0 0 -2 -3 -2 0 0
checker 2 player 6 3 0 0 2 3 2 0 0 0 0 0 0 0 0 0 0 1 0 -4 -2 -5 2 2 3 -2 -2 0
checker 2 opponent 2 1 0 2 2 -2 -2 -2 5 2 4 -1 0 0 0 -1 0 0 0 0 0 0 0 -2 -3 -2 0 0
checker 2 player 5 2 0 0 2 3 2 0 0 0 0 0 0 0 1 0 0 0 1 -2 -3 -6 2 2 2 -2 -2 0
checker 2 opponent 6 2 0 2 2 -2 -2 -2 6 3 2 0 0 0 0 0 -1 -1 0 0 0 0 0 -2 -3 -2 0 0
checker 2 player 6 1 0 0 2 3 2 0 0 0 0 0 1 1 0 0 0 0 0 0 -3 -7 2 2 2 -3 -2 0
checker 2 player 4 2 0 0 2 0 2 2 2 2 0 0 0 0 -2 0 0 -2 -3 -3 -2 -3 2 3 0 0 0 0
checker 2 opponent 6 2 0 0 0 0 -3 -2 3 2 3 3 2 0 0 2 0 0 0 0 0 -2 -3 -2 -1 -2 0 0
checker 2 player 4 1 0 0 2 1 2 3 2 0 0 0 0 0 -1 0 0 -2 -3 -2 -3 -4 2 3 0 0 0 0
checker 2 opponent 2 1 0 0 0 0 -2 -3 4 3 2 3 2 0 0 1 0 0 0 0 0 -2 -2 -2 -1 -2 -1 0
checker 2 player 5 2 0 1 2 1 2 2 2 0 0 0 0 0 0 0 0 -3 -3 -2 -3 -4 3 2 0 0 0 0
checker 2 opponent 5 3 0 0 0 0 -2 -3 4 3 2 3 3 0 0 0 0 0 0 0 0 -1 -1 -2 -2 -2 -2 0
checker 2 player 1 1 0 2 2 2 2 1 1 0 0 0 0 0 0 0 0 -2 -3 -2 -4 -3 3 2 0 0 -1 0
checker 2 opponent 6 2 0 1 0 0 -2 -3 3 4 2 3 2 0 0 0 0 0 0 0 0 0 0 -3 -3 -2 -2 0
checker 2 player 5 1 0 2 2 3 3 0 0 0 0 0 0 0 0 0 0 -2 -2 -2 -4 -3 3 2 0 0 -2 0
checker 2 opponent 3 3 0 2 0 0 -2 -3 3 4 2 2 2 0 0 0 0 0 0 0 0 0 0 -3 -2 -3 -2 0
checker 2 player 4 3 0 2 3 2 3 0 0 0 0 0 0 0 0 0 0 -2 0 -2 -4 -3 3 2 -2 0 -2 0
checker 2 opponent 5 1 0 2 0 2 -2 -2 3 4 2 0 2 0 -1 0 0 0 0 0 0 0 0 -3 -2 -3 -2 0
checker 2 player 5 1 0 2 3 2 3 0 0 0 0 0 0 0 0 1 0 -2 0 -2 -2 -4 2 2 -2 -1 -2 0
checker 2 opponent 5 5 0 2 1 2 -2 -2 4 2 2 0 2 0 0 0 0 0 0 0 -1 0 0 -3 -2 -3 -2 0
checker 2 player 4 3 0 2 3 2 3 0 0 1 0 0 0 0 0 0 0 -2 0 0 0 -4 2 2 -4 -3 -2 0
checker 2 player 5 1 0 3 3 3 2 0 0 0 0 0 0 0 0 0 0 -1 0 0 0 -4 2 2 -4 -3 -3 0
checker 2 player 6 3 0 0 2 0 2 2 2 2 0 0 0 0 -1 0 0 -3 -2 -4 -2 -3 2 3 0 0 0 0
checker 2 player 6 4 0 0 0 0 2 -1 2 1 2 0 0 0 -2 2 0 -2 -2 -3 -2 -2 3 2 0 0 -1 1
checker 2 opponent 6 3 0 1 0 0 -3 -2 2 2 3 2 2 -1 -2 2 0 0 0 -2 -1 -2 1 -2 0 0 0 0
checker 2 player 6 4 0 0 0 0 2 0 2 1 2 0 0 0 -2 2 -1 -2 -2 -3 -2 -2 2 3 0 0 -1 1
checker 2 player 6 2 0 0 0 0 2 2 2 1 1 0 0 0 -2 2 0 -2 -3 -3 -2 -2 2 2 -1 0 1 0
checker 2 opponent 3 2 0 0 0 0 -2 -2 2 3 2 3 2 0 -2 2 0 0 0 -2 -1 -2 -2 -2 1 0 0 0
checker 2 player 2 2 0 0 0 -1 2 2 2 1 2 0 0 0 0 2 -1 -3 -3 -2 -3 -2 2 2 0 0 0 0
checker 2 player 6 2 1 0 0 1 2 2 2 0 2 1 0 0 0 1 -1 -3 -3 -2 -3 -2 2 2 0 0 0 0
checker 2 opponent 5 1 0 0 0 2 -2 -3 2 3 2 2 0 0 -2 2 0 0 0 -2 0 -3 2 -1 -2 0 0 0
checker 2 player 4 3 0 0 0 2 1 -2 3 0 2 0 0 0 -1 2 0 0 -2 -3 -2 -3 3 2 -2 0 0 0
checker 2 opponent 6 6 0 0 0 2 -2 -3 3 2 3 2 0 0 -2 1 0 0 0 -1 0 -2 2 -2 -3 0 0 0
checker 2 player 3 2 0 0 0 3 2 0 2 0 1 0 0 -2 0 2 0 0 -2 -2 -3 -3 3 2 -2 -1 0 0
checker 2 opponent 6 2 0 0 1 2 -2 -3 3 3 2 2 0 0 -1 0 2 -1 0 0 0 -3 0 -2 -3 0 0 0
checker 2 player 6 4 0 0 0 3 2 0 3 0 0 0 1 0 0 -1 0 0 -2 -3 -3 -3 3 2 -2 -1 0 1
checker 2 opponent 4 1 0 0 1 2 -2 -3 3 3 3 2 -1 0 1 0 0 -1 0 0 0 -3 0 -2 -3 0 0 0
checker 2 player 5 2 0 0 0 3 2 0 3 0 0 0 1 0 0 0 0 1 -2 -3 -4 -3 3 2 -2 -1 0 0
checker 2 opponent 2 1 0 0 1 2 -2 -2 3 4 3 2 -1 0 -1 0 0 -1 0 0 0 -3 0 -2 -3 0 0 0
checker 2 player 5 5 0 0 0 3 2 0 3 0 0 0 1 0 0 1 0 1 -2 -2 -3 -5 2 2 -2 -1 0 0
checker 2 opponent 3 2 0 0 1 2 -2 -2 5 3 2 2 0 0 0 0 0 0 0 -1 0 -3 -2 -2 -3 0 0 0
checker 2 player 6 1 0 0 0 3 2 2 3 0 1 0 0 0 0 0 0 0 0 -2 -4 -6 2 2 -2 -1 0 0
checker 2 player 6 5 0 0 2 2 2 2 3 0 0 0 0 0 0 0 0 0 0 -2 -4 -2 2 2 -6 -1 0 0
checker 2 opponent 3 3 0 -1 0 0 -2 -3 3 2 3 2 2 0 -2 2 0 0 0 -2 -1 -2 0 -2 0 1 0 0
checker 2 player 5 4 0 0 0 0 2 -1 2 1 2 0 0 0 0 2 0 -3 -2 -3 -3 -3 3 2 0 0 1 0
checker 2 opponent 6 3 0 -1 0 0 -2 -3 3 3 3 2 3 0 0 0 0 0 -1 -3 -1 -2 1 -2 0 0 0 0
checker 2 player 4 3 0 0 0 0 2 -1 2 1 3 1 0 0 0 0 0 -2 -2 -3 -3 -3 3 2 0 0 -1 1
checker 2 player 6 4 1 0 0 0 2 1 2 1 3 0 0 0 0 0 0 -2 -2 -3 -3 -3 3 2 1 0 -1 0
checker 2 opponent 2 1 0 1 0 -1 -2 -2 3 3 3 2 2 0 0 0 0 -1 0 -3 -1 -2 -1 -2 0 0 0 1
checker 2 player 4 4 0 0 0 -1 2 1 2 1 3 0 1 0 0 0 0 -2 -2 -3 -3 -3 2 2 1 0 -1 0
checker 2 opponent 3 1 0 1 0 -1 -2 -2 3 3 3 2 2 0 0 0 0 0 0 -2 0 -2 -1 -3 -1 -1 0 1
checker 2 player 3 3 0 0 1 -1 3 1 2 0 2 0 0 0 0 0 0 -2 -2 -3 -2 -4 2 2 1 0 -1 1
checker 2 opponent 6 6 0 1 0 -2 -2 -2 4 2 3 2 2 0 0 0 0 0 0 -1 0 -1 -2 -2 -1 -1 -1 1
checker 2 player 6 3 0 1 1 1 2 2 0 0 1 0 0 0 0 0 0 -2 -2 -2 -3 -4 2 2 2 -1 -1 1
checker 2 opponent 5 3 0 1 1 -3 -2 -2 4 3 2 2 2 0 0 0 0 0 0 0 0 0 -2 -2 -1 -2 -1 0
checker 2 player 4 3 0 1 2 1 2 2 0 0 0 0 0 0 0 0 0 -1 -2 -2 -3 -4 2 2 3 -2 -1 0
checker 2 opponent 4 3 0 1 2 -3 -2 -2 4 3 2 2 1 0 0 0 0 0 0 0 0 0 0 -2 -1 -3 -2 0
checker 2 player 3 2 0 2 3 1 2 0 0 0 0 0 0 0 0 0 0 0 -2 -2 -4 -3 2 2 3 -3 -1 0
checker 2 opponent 5 4 0 1 3 -2 -2 -3 3 4 2 2 0 0 0 0 0 0 0 0 0 0 0 -1 -1 -3 -3 0
checker 2 player 6 4 0 3 3 1 1 0 0 0 0 0 0 0 0 0 0 0 -2 -2 -3 -2 3 2 2 -5 -1 0
checker 2 opponent 2 1 0 1 5 -2 -2 -2 2 3 2 2 0 0 0 0 0 -1 0 0 0 0 0 -1 -1 -3 -3 0
checker 2 player 2 1 0 3 3 1 1 0 0 0 0 0 1 0 0 0 0 0 -2 -1 -3 -3 2 2 2 -4 -2 0
checker 2 opponent 6 2 0 2 4 -2 -2 -2 3 3 1 2 0 0 0 0 0 0 0 -1 0 0 0 0 -2 -3 -3 0
checker 2 player 4 1 0 3 3 2 0 0 0 0 1 0 0 0 0 0 0 0 -2 0 -2 -4 2 2 2 -4 -3 0
checker 2 opponent 3 1 0 3 4 -2 -2 -2 4 2 0 2 0 0 0 0 0 0 0 0 0 0 0 -1 -2 -2 -4 0
checker 2 player 6 2 0 4 2 2 1 0 0 0 0 0 0 0 0 0 0 0 0 -1 -2 -5 2 2 2 -4 -3 0
checker 2 opponent 5 3 0 0 0 2 -3 -2 2 3 2 2 0 0 0 2 -2 0 0 -2 0 -3 2 -1 -2 0 0 0
checker 2 player 5 3 0 0 0 2 1 -1 3 0 2 0 0 2 -2 -1 0 0 -2 -2 -3 -2 2 3 -2 0 0 0
checker 2 opponent 6 5 0 0 0 2 -3 -2 2 3 2 2 0 0 1 2 -1 0 0 -1 0 -4 -1 -1 -2 0 0 1
checker 2 opponent 1 1 1 0 0 2 -3 -3 2 3 2 2 0 0 1 2 1 0 0 -1 0 -4 0 -1 -2 0 0 0
checker 2 player 6 3 0 0 0 2 1 0 4 0 1 0 0 -1 0 -3 0 0 -2 -2 -3 -2 3 3 0 -2 0 1
checker 2 opponent 2 1 0 0 2 -1 -2 -3 2 3 2 2 -1 0 3 0 1 0 0 -1 0 -4 0 -1 -2 0 0 0
checker 2 player 5 2 0 0 0 2 1 0 4 0 1 0 0 0 0 -4 0 1 -2 -2 -2 -3 3 2 1 -2 0 0
checker 2 opponent 6 2 0 0 2 -1 -2 -2 3 2 2 2 -2 0 4 0 0 0 0 -1 0 -3 0 -2 -2 0 0 0
checker 2 player 3 3 0 0 0 2 2 0 3 0 1 0 0 0 0 -4 0 2 0 -2 -3 -3 2 2 -1 -2 0 1
checker 2 opponent 6 5 0 0 2 -1 -2 -2 3 3 2 0 0 0 4 -2 0 0 0 0 0 -3 -1 -2 -2 0 0 1
checker 2 player 5 2 0 0 0 2 2 0 3 0 0 0 0 -1 2 -4 0 0 0 -2 -3 -3 2 2 1 -2 0 1
checker 2 opponent 4 4 0 0 2 -1 -2 -3 3 3 2 0 0 0 4 -1 1 -1 0 0 0 -3 0 -2 -2 0 0 0
checker 2 player 6 2 0 0 0 2 2 0 3 0 0 0 1 0 1 -2 0 0 0 -4 -3 -4 3 2 1 -2 0 0
checker 2 opponent 6 1 0 0 2 -1 -2 -2 4 3 4 0 0 -1 2 -1 0 0 0 -1 0 -3 0 -2 -2 0 0 0
checker 2 player 5 4 0 0 0 2 2 0 3 0 1 0 0 0 1 -2 1 0 0 -3 -3 -4 2 2 1 -2 -1 0
checker 2 opponent 3 2 0 1 2 -1 -2 -2 4 3 3 0 0 0 2 -1 0 0 0 -1 0 -3 -1 -2 -2 0 0 0
checker 2 player 6 3 0 0 0 2 2 1 3 0 1 0 0 0 1 -2 0 0 0 -3 -3 -3 2 2 0 -2 -2 1
checker 2 opponent 3 2 0 2 2 0 -2 -2 3 3 3 -1 0 0 2 -1 0 0 0 -1 0 -3 -1 -2 -2 0 0 0
checker 2 player 3 2 0 0 0 2 2 1 3 0 1 0 0 0 1 -1 0 0 0 -3 -4 -3 2 2 0 -2 -2 1
checker 2 opponent 5 1 0 2 2 -1 -2 -2 3 4 3 0 0 0 1 0 0 -1 0 -1 0 -3 -1 -2 -2 0 0 0
checker 2 player 3 2 0 0 0 2 2 1 3 0 1 0 1 0 0 0 0 0 0 -3 -4 -4 2 2 1 -2 -2 0
checker 2 opponent 6 2 0 2 2 -1 -2 -2 4 4 3 0 0 0 0 0 0 0 0 -1 0 -3 -2 -2 -2 0 0 0
checker 2 player 1 1 0 0 0 2 2 2 3 0 1 0 0 0 0 0 0 0 0 -2 -3 -5 2 2 1 -2 -3 0
checker 2 opponent 6 3 0 3 2 -1 -2 -2 5 3 2 0 0 0 0 0 0 0 0 0 -1 -2 -2 -2 -3 0 0 0
checker 2 opponent 4 2 1 4 2 1 -2 -2 4 2 2 0 0 0 0 0 0 0 0 0 -1 -2 -2 -2 -3 0 0 0
checker 2 player 4 4 0 0 0 3 2 2 2 1 0 0 0 0 0 0 0 0 0 -1 -1 -5 2 2 -2 -2 -4 1
cube 2 player - - 1 0 0 3 2 2 2 1 0 1 0 0 0 0 0 0 0 0 -1 -5 2 2 -2 -2 -4 0
checker 2 opponent 3 2 0 -1 0 0 -2 -2 3 2 3 2 2 0 -1 3 0 0 0 -1 -2 -2 -2 -2 0 0 0 0
checker 2 player 5 1 0 0 0 0 2 2 2 2 1 0 0 0 -2 1 0 -2 -2 -4 -2 -3 2 2 0 0 1 0
checker 2 opponent 2 1 0 0 -1 0 -2 -2 3 2 4 2 2 0 -1 2 0 0 0 0 -2 -2 -2 -2 -1 0 0 0
checker 2 player 6 3 0 0 0 1 2 2 2 2 0 0 0 0 -1 -1 0 -2 -2 -3 -2 -4 2 2 0 1 0 1
checker 2 player 6 1 0 0 2 0 2 2 2 2 0 0 0 0 -2 0 0 -2 -2 -3 -2 -4 2 3 0 0 0 0
checker 2 opponent 6 3 0 0 0 0 -2 -2 4 2 3 2 2 -1 0 2 0 0 0 0 -2 -2 -2 -2 0 -2 0 0
checker 2 player 5 2 0 0 2 0 2 2 2 2 0 0 0 0 0 0 1 -3 -2 -3 -3 -4 2 2 0 0 0 0
checker 2 opponent 3 2 0 0 0 0 -2 -2 4 3 3 2 3 0 0 0 0 0 0 0 -3 -2 -2 -2 0 -2 0 0
checker 2 player 4 3 0 0 2 0 2 2 2 3 0 0 0 0 0 0 0 -2 -2 -4 -3 -3 2 2 -1 0 0 0
checker 2 opponent 2 1 0 0 0 1 -2 -2 3 3 4 2 2 0 0 0 0 0 0 0 -2 -1 -2 -2 -2 -2 0 0
checker 2 player 5 2 0 0 2 2 2 2 1 2 0 0 0 0 0 0 0 -2 -2 -3 -3 -4 2 2 0 -1 0 0
checker 2 opponent 4 2 0 0 1 0 -2 -2 4 3 3 2 2 0 0 0 0 0 0 0 0 -1 -3 -2 -2 -3 0 0
checker 2 opponent 6 1 0 0 2 0 -2 -2 4 3 2 2 2 0 0 0 0 0 0 0 0 0 -3 -2 -2 -3 -1 0
checker 2 player 4 3 0 1 3 2 2 3 0 0 0 0 0 0 0 0 0 -2 -2 -2 -2 -4 2 2 0 -1 -2 0
checker 2 opponent 3 2 0 2 1 0 -2 -2 4 2 2 2 2 0 0 0 0 0 0 0 0 0 -1 -2 -2 -4 -2 0
checker 2 player 6 4 0 2 4 2 2 1 0 0 0 0 0 0 0 0 0 0 -2 -3 -3 -4 2 2 0 -1 -2 0
checker 2 player 5 3 0 0 -1 0 2 0 2 1 2 0 0 0 0 2 -1 -2 -2 -3 -3 -3 3 2 0 0 1 0
checker 2 opponent 3 2 0 -1 0 0 -2 -3 3 3 3 2 2 1 -1 0 0 0 0 -2 -1 -2 -1 -2 0 1 0 0
checker 2 opponent 5 4 2 -1 0 0 -2 -3 3 3 3 2 2 1 -1 0 0 0 0 -2 1 -2 0 -2 0 0 0 0
checker 2 opponent 2 1 2 1 0 -1 -2 -3 2 2 3 2 2 1 -1 0 0 0 0 -2 1 -2 0 -2 0 0 0 1
checker 2 opponent 2 1 1 -1 0 -1 -2 -3 2 3 2 2 2 1 -1 0 0 0 0 -2 1 -2 0 -2 0 1 0 1
checker 2 player 6 3 0 -1 -1 0 2 0 2 0 2 -1 0 0 0 1 -1 -2 -2 -2 -3 -2 3 2 1 0 1 1
checker 2 player 6 2 1 -1 -1 0 2 0 2 0 2 -1 0 0 0 1 1 -2 -2 -2 -3 -2 2 2 2 0 1 0
checker 2 opponent 6 5 0 -1 0 -1 -2 -2 2 3 2 2 2 -2 -1 0 0 0 1 -2 0 -2 0 -2 0 1 1 1
checker 2 player 4 3 0 0 -1 0 2 -1 2 -1 2 -1 0 0 0 1 2 -2 -2 -2 -3 -2 2 2 1 0 1 0
checker 2 player 5 1 2 0 -1 0 2 1 2 -1 1 1 0 0 0 0 2 -2 -2 -2 -3 -2 2 2 1 0 1 0
checker 2 player 6 3 1 0 -2 0 2 -1 2 1 0 2 0 0 0 0 1 -2 -2 -2 -3 -2 2 2 1 0 1 1
checker 2 opponent 5 3 0 0 0 -2 -2 -2 2 3 2 2 2 -2 0 0 0 0 -2 1 -1 -2 0 -1 -1 2 1 0
checker 2 player 2 1 0 -1 -1 1 1 0 2 1 -1 2 -1 0 0 0 2 -2 -2 -2 -3 -2 2 2 2 0 0 0
checker 2 opponent 3 3 0 0 0 -2 -2 -2 2 3 2 2 2 -1 0 -1 0 1 -2 1 -1 -1 -1 -1 -1 1 1 0
checker 2 player 5 4 0 -1 -1 1 1 1 1 1 0 2 0 0 1 0 -1 -2 -3 -2 -3 -2 2 2 2 0 0 1
checker 2 opponent 4 2 0 0 0 -2 -2 -3 2 3 2 3 2 1 0 -1 0 0 -2 0 -1 0 -1 -1 -1 -1 1 1
checker 2 player 6 2 0 -1 -1 1 1 1 0 1 0 2 0 0 1 0 -1 -2 -3 -2 -3 -1 3 2 2 -1 0 1
checker 2 player 6 3 0 -1 -1 -1 1 1 -1 1 0 2 0 0 1 0 1 -2 -3 -2 -3 -1 2 2 2 1 0 1
checker 2 player 4 4 0 -2 1 -2 1 0 -1 1 0 2 0 0 1 0 1 -2 -3 -2 -3 1 2 2 2 1 0 0
checker 2 opponent 2 1 0 0 0 -2 -2 -2 -2 3 2 3 2 0 0 0 0 0 -2 -1 -1 -1 0 -1 2 -1 2 1
checker 2 player 5 4 0 -1 -2 -2 1 0 1 1 1 2 0 0 0 0 0 -2 -3 -2 -3 2 2 2 2 0 0 1
checker 2 opponent 5 1 0 0 0 -2 -3 -2 -2 3 2 3 2 0 0 0 0 0 -2 -1 -1 0 0 -1 2 2 -1 1
checker 2 player 6 4 0 0 -2 -2 1 0 -1 1 1 2 0 0 0 0 0 -2 -3 -2 -3 2 2 3 2 0 0 1
checker 2 opponent 2 2 0 0 0 -2 -4 -2 -1 3 2 3 2 0 -1 0 0 0 -2 -1 -1 1 0 -1 2 2 0 0
checker 2 player 2 2 0 0 -2 0 1 -2 0 1 0 2 -1 0 0 1 0 -2 -3 -2 -3 1 2 4 2 0 0 1
checker 2 opponent 3 2 0 0 -1 -2 -3 -2 -2 3 2 3 2 0 0 0 -1 1 -1 0 -2 0 2 -1 0 2 0 0
checker 2 player 6 3 0 0 -2 0 1 -1 0 2 -1 1 0 1 -1 0 0 -2 -3 -2 -3 2 2 3 2 1 0 0
checker 2 opponent 6 4 0 0 -1 -2 -3 -2 -1 3 2 3 2 0 -1 1 0 0 -1 -1 -2 0 1 -1 0 2 0 1
checker 2 player 5 3 0 0 -2 0 1 -1 0 2 1 1 -1 0 -1 1 0 -2 -3 -2 -3 1 2 3 2 1 0 0
checker 2 opponent 6 2 0 0 0 -2 -3 -3 0 3 2 3 2 -1 -1 1 0 1 -1 -1 -2 0 1 -1 0 2 0 0
checker 2 player 6 5 0 0 -2 0 1 0 0 2 1 1 -1 -1 0 1 -1 -2 -3 -2 -3 0 3 3 2 0 0 1
checker 2 opponent 2 1 0 0 0 -2 -3 -3 0 3 2 3 2 -1 -1 0 1 1 -1 -1 -2 0 0 -1 0 2 0 1
checker 2 player 6 5 0 0 -3 0 1 0 0 2 1 1 -1 -1 0 1 1 -2 -2 -3 -3 0 3 3 2 0 0 0
checker 2 opponent 3 3 0 0 0 -2 -3 -2 0 3 3 2 2 -2 0 0 1 1 -1 -2 -2 0 0 -1 0 3 0 0
checker 2 player 2 1 0 0 -1 0 1 -2 0 2 2 1 0 -1 0 0 2 -2 -3 -3 -3 0 2 3 2 0 0 0
checker 2 opponent 4 1 0 0 0 -2 -2 -3 0 3 3 3 2 -2 0 0 1 0 -1 -1 -2 -1 2 -1 0 1 0 0
checker 2 player 3 3 0 0 0 -1 1 -2 1 2 1 1 0 0 0 0 2 -3 -3 -3 -3 0 3 2 2 0 0 0
checker 2 opponent 5 3 0 0 0 -2 -2 -3 0 3 3 3 3 0 0 0 -2 0 0 -1 -2 -1 2 -1 -1 0 0 1
checker 2 player 6 1 0 0 0 -1 1 -1 1 2 1 0 -1 2 0 0 0 -3 -3 -3 -3 0 3 2 2 0 0 1
checker 2 opponent 2 1 0 0 0 -2 -2 -3 -1 3 3 3 3 0 0 0 -2 1 0 -1 -2 -1 1 0 -1 0 0 1
checker 2 player 6 3 0 -1 0 1 0 -1 1 2 1 0 -1 2 0 0 0 -3 -3 -2 -3 -1 3 2 2 0 0 1
checker 2 opponent 3 1 0 0 0 -1 -2 -3 -2 3 2 3 3 0 0 0 -2 1 0 -1 -2 -1 1 0 -1 0 1 1
checker 2 player 6 5 0 -2 0 1 0 -1 1 2 1 0 0 2 0 -1 0 -3 -3 -2 -3 2 3 2 1 0 0 0
checker 2 opponent 5 4 0 0 0 -1 -2 -3 0 3 2 3 3 -1 -1 0 -2 0 0 -1 -2 -1 1 0 -1 0 2 1
checker 2 player 4 4 0 -2 0 1 -1 0 1 2 1 0 -1 2 0 1 1 -3 -3 -2 -3 0 3 2 1 0 0 0
checker 2 player 3 1 0 -2 0 2 -1 -1 2 1 0 0 0 2 0 1 0 -3 -3 -2 -3 0 3 2 1 0 0 1
checker 2 opponent 6 5 0 0 0 -2 -2 -3 0 3 2 3 3 0 -1 0 -2 0 0 0 -1 -2 1 1 -1 -1 2 0
checker 2 player 4 1 0 -2 1 1 0 0 2 1 0 0 -2 2 0 1 0 -3 -3 -2 -3 0 3 2 2 0 0 0
checker 2 opponent 6 3 0 0 0 -2 -2 -3 0 3 2 3 3 0 0 0 -2 2 0 -1 -1 -2 0 0 -1 -1 2 0
checker 2 player 4 2 0 -2 1 1 0 0 2 1 1 0 -1 2 0 0 0 -3 -3 -2 -3 -1 3 2 2 0 0 0
checker 2 opponent 4 1 0 3 -2 -2 -2 -3 -1 1 2 2 3 1 0 1 1 -1 0 -3 0 0 0 -1 0 1 0 0
checker 2 player 5 5 0 0 -1 0 1 0 0 0 3 0 1 -1 0 -1 -1 -2 -2 -2 -1 -1 3 2 2 2 -3 1
checker 2 player 6 2 0 -1 -1 0 1 0 -1 0 3 0 1 -1 0 1 -1 -2 -2 -2 1 -1 4 2 2 0 -3 0
checker 2 opponent 5 3 0 3 0 -2 -2 -3 1 -1 2 2 2 1 -1 -1 1 -1 0 -3 0 1 0 -1 0 1 1 0
checker 2 player 5 1 0 -1 -1 0 1 0 0 0 3 0 1 -1 1 1 -2 -2 -2 -2 1 -1 3 2 2 0 -3 0
checker 2 opponent 6 4 0 3 0 -2 -2 -2 -1 0 2 2 2 2 -2 -1 1 -1 0 -3 0 0 0 -1 0 1 1 1
checker 2 player 6 5 0 -1 -1 0 1 0 -1 0 3 0 1 0 1 2 -2 -3 -2 -2 0 1 2 2 2 0 -3 0
checker 2 opponent 6 5 0 3 0 -2 -2 -2 0 0 2 2 3 2 -3 0 0 -1 0 -3 -1 1 0 -1 0 1 1 0
checker 2 player 5 4 0 0 -1 0 1 0 -1 1 3 0 1 0 -1 3 -2 -3 -2 -2 0 0 2 2 2 0 -3 0
checker 2 opponent 5 5 0 3 0 -2 -2 -2 0 0 2 2 3 2 -2 1 0 -1 0 -3 -1 1 0 -2 0 1 0 0
checker 2 player 6 6 0 0 0 0 2 0 0 -1 3 0 1 0 -1 2 -1 -3 -3 -2 0 -1 2 2 2 0 -3 1
checker 2 player 1 1 0 0 2 0 2 2 2 2 0 0 0 0 -2 0 0 -2 -3 -3 -2 -3 2 3 0 0 0 0
checker 2 opponent 5 2 0 0 0 0 -2 -3 3 2 3 3 2 0 0 2 0 0 0 0 -2 0 -3 -3 0 -2 0 0
checker 2 player 3 2 0 0 2 0 3 3 0 2 0 0 0 0 -2 0 0 -2 -3 -2 -2 -3 3 2 0 0 -1 0
checker 2 opponent 1 1 0 1 0 0 -2 -3 3 2 2 3 2 0 0 2 0 0 0 0 -2 0 -2 -2 -1 -2 -1 0
checker 2 player 3 2 0 1 2 1 2 2 0 2 0 0 0 0 0 0 -2 -2 -3 -2 -2 -3 3 2 0 0 -1 0
checker 2 opponent 2 1 0 1 0 0 -2 -3 3 2 2 3 2 2 0 0 0 0 0 0 0 0 -3 -3 -1 -2 -1 0
checker 2 opponent 4 4 0 1 0 0 -2 -3 4 2 2 2 2 2 0 0 0 0 0 0 0 0 -3 -3 -1 -2 -1 0
checker 2 player 5 3 0 1 2 1 3 3 0 0 0 0 0 0 0 0 0 0 -2 -2 -4 -6 3 2 0 0 -1 0
checker 2 opponent 6 6 0 1 0 0 -2 -2 6 4 2 2 -1 0 0 0 0 0 0 0 0 0 -3 -2 -1 -2 -2 0
checker 2 player 5 2 0 2 2 1 2 3 0 0 0 0 0 0 0 0 0 1 0 0 -4 -6 2 2 -2 -2 -1 0
checker 2 opponent 6 5 0 1 2 2 -2 -2 6 4 0 0 0 0 0 0 0 -1 0 0 0 0 -2 -2 -2 -2 -2 0
checker 2 player 6 4 0 2 2 2 2 2 0 0 0 0 1 0 0 0 0 0 0 0 -2 -6 2 2 -2 -3 -2 0
checker 2 player 5 4 0 0 0 0 2 2 2 1 1 0 0 0 -2 2 0 -2 -2 -2 -3 -4 2 2 0 0 1 0
checker 2 opponent 5 4 0 -1 0 0 -2 -2 4 3 2 2 2 0 -2 2 0 0 0 0 0 -2 -2 -2 -2 0 0 0
checker 2 player 3 3 0 0 0 2 2 2 2 0 0 0 0 0 0 2 0 -2 -3 -3 -3 -4 2 2 0 0 1 0
checker 2 opponent 4 1 0 -1 0 0 -2 -2 4 3 3 3 2 0 0 0 0 0 0 0 -2 -2 -2 -2 -2 0 0 0
checker 2 player 1 1 0 0 0 2 2 2 2 2 0 0 0 0 0 0 0 -2 -3 -3 -3 -3 2 2 0 0 -1 1
checker 2 opponent 4 4 0 0 0 2 -2 -2 2 3 2 2 0 0 -3 2 0 0 0 -3 0 -3 2 0 -2 0 0 0
checker 2 player 4 3 0 0 0 2 0 0 3 0 3 -2 0 0 0 3 0 0 -4 -2 -3 -2 2 2 -2 0 0 0
checker 2 opponent 5 4 0 0 0 2 -2 -2 2 3 2 4 0 0 -2 0 0 -1 2 -2 0 -3 0 -1 -2 0 0 0
checker 2 player 4 1 0 0 0 2 1 0 3 0 2 -1 1 0 0 2 0 0 -4 -2 -4 -2 2 2 -2 0 0 0
checker 2 player 6 5 1 0 0 2 2 0 3 0 1 1 0 0 0 2 0 0 -4 -2 -4 -2 2 2 -2 0 0 0
checker 2 player 6 3 0 0 -1 0 2 0 2 1 2 0 0 0 0 2 0 -2 -3 -3 -3 -3 3 2 0 0 1 0
checker 2 opponent 6 3 0 -1 0 0 -2 -2 3 3 3 3 2 0 -2 0 -1 0 0 -2 -1 -2 0 -2 0 1 0 0
checker 2 player 5 2 0 0 0 0 2 0 2 1 2 0 0 -1 0 2 0 -2 -3 -3 -3 -3 2 2 0 0 1 1
checker 2 opponent 4 3 0 -1 0 0 -2 -3 3 3 3 3 2 0 -1 0 -1 0 0 -2 -1 -2 0 -2 0 0 0 1
checker 2 player 5 2 0 0 0 0 2 0 2 -1 2 0 0 1 0 1 0 -2 -3 -3 -3 -3 3 2 0 0 1 1
checker 2 opponent 4 2 0 -1 -1 0 -2 -3 3 3 3 3 2 0 0 0 -1 0 0 -3 1 -2 0 -2 0 0 0 0
checker 2 player 2 1 0 0 0 0 2 0 2 0 3 -1 0 1 0 0 0 -2 -3 -3 -3 -2 3 2 0 -1 1 1
checker 2 opponent 4 3 0 -2 1 0 -2 -3 2 3 3 3 2 0 0 0 -1 0 1 -2 0 -3 0 -2 0 0 0 0
checker 2 player 5 5 0 0 0 0 2 0 3 0 2 -1 0 1 0 0 0 -2 -2 -3 -2 -3 3 2 -1 -1 2 0
checker 2 opponent 6 4 0 -2 1 1 -2 -3 3 2 3 2 2 0 0 0 0 0 1 0 0 -3 0 -2 -2 0 -1 0
checker 2 player 6 5 0 1 0 2 2 0 3 0 0 0 0 0 0 -1 0 -2 -2 -2 -2 -3 3 2 -1 -2 2 0
checker 2 opponent 4 2 0 -2 2 1 -2 -2 3 2 2 2 2 0 1 0 0 0 -1 0 0 -3 0 -2 -2 0 -1 0
checker 2 player 4 2 0 1 0 2 2 0 3 0 0 1 0 0 0 0 0 -2 -2 -2 -2 -4 2 2 -1 -2 2 0
checker 2 opponent 6 1 0 -2 2 1 -2 -2 4 2 2 2 2 0 0 0 0 0 0 0 0 -2 -1 -3 -2 0 -1 0
checker 2 player 5 2 0 1 0 2 3 1 2 0 0 0 0 0 0 0 0 -1 -2 -2 -2 -4 2 2 -2 -2 2 0
checker 2 opponent 5 4 0 -1 2 2 -2 -2 4 2 2 2 0 0 0 0 -1 0 0 0 0 -2 -1 -3 -2 0 -1 1
checker 2 player 6 5 0 1 0 2 3 0 2 0 0 -1 0 1 0 0 0 0 -2 -2 -2 -4 2 2 -2 -2 1 1
checker 2 opponent 4 1 0 -1 2 2 -2 -3 4 2 2 2 0 0 0 0 0 0 1 0 0 -2 -1 -3 -2 0 -1 0
checker 2 player 5 2 0 1 0 2 3 1 2 0 0 0 0 0 0 0 -1 0 -2 -2 -2 -4 3 2 -2 -2 1 0
checker 2 opponent 6 1 0 -1 2 2 -2 -2 4 2 2 2 0 1 -1 0 0 0 0 0 0 -2 -1 -3 -2 0 -1 0
checker 2 player 4 2 0 1 0 2 3 1 2 0 0 0 0 0 0 1 -1 0 0 -3 -2 -4 2 2 -3 -2 1 0
checker 2 opponent 5 2 0 0 2 3 -2 -3 4 2 3 0 0 1 0 0 -1 0 0 0 0 -2 -1 -3 -2 0 -1 0
checker 2 player 4 1 0 1 0 2 3 1 2 0 0 0 0 1 0 0 0 0 0 -2 -2 -6 3 2 -3 -2 0 0
checker 2 opponent 6 3 0 0 2 3 -2 -2 6 2 2 -1 0 0 0 0 -1 0 0 0 0 -2 -1 -2 -3 0 -1 0
checker 2 player 2 2 0 1 0 3 2 1 2 0 0 0 0 1 0 0 0 0 1 -1 -2 -5 2 2 -4 -3 0 0
checker 2 opponent 6 5 0 0 3 4 -2 -2 5 2 1 0 0 -1 0 0 0 0 0 0 0 -2 -2 -2 -3 0 -1 0
checker 2 player 6 5 0 1 0 3 2 2 2 0 0 0 0 0 0 0 1 0 0 0 -2 -4 2 2 -4 -4 -1 0
checker 2 opponent 6 6 0 0 0 0 -2 -2 3 3 3 3 2 0 0 1 0 0 0 0 -2 -2 -3 -2 0 -2 0 0
checker 2 player 6 2 0 0 2 0 2 3 2 2 0 0 0 0 0 0 0 -2 -2 -2 -3 -3 2 2 -1 -1 -1 0
checker 2 player 5 5 0 0 0 0 2 2 2 1 1 0 0 0 -3 2 0 -2 -2 -3 -2 -3 2 2 0 0 1 0
checker 2 opponent 6 1 0 -1 0 0 -2 -2 3 2 3 2 2 0 0 3 0 0 0 -1 -1 -2 -2 -2 -2 0 0 0
checker 2 player 2 2 0 0 0 2 2 2 2 1 1 0 0 0 -2 0 0 -2 -2 -3 -2 -4 2 2 0 0 1 0
checker 2 opponent 5 1 0 0 0 0 -2 -3 4 2 3 2 2 0 0 2 0 0 0 -1 0 -2 -2 -2 -3 0 0 0
checker 2 player 6 6 0 0 0 3 2 2 2 0 1 0 0 0 -2 0 0 -2 -2 -2 -3 -3 3 2 0 0 -1 0
checker 2 opponent 3 1 0 0 0 2 -3 -2 2 3 2 2 0 0 0 2 -1 1 -1 -3 0 -3 0 0 -2 0 0 1
checker 2 player 6 3 0 -1 0 2 0 0 3 0 3 1 0 1 -2 -1 0 0 -2 -2 -3 -2 2 3 -2 0 0 0
checker 2 opponent 6 4 0 0 0 2 -3 -2 2 3 2 2 0 0 1 2 0 0 -1 -2 0 -3 -2 0 -2 0 1 0
checker 2 player 6 3 0 0 0 2 0 2 3 0 2 1 0 -1 -2 -1 0 0 -2 -2 -3 -2 2 3 -2 0 0 0
checker 2 opponent 4 1 0 0 0 2 -4 -2 2 3 2 2 0 1 0 2 1 0 0 -2 0 -3 -2 0 -2 0 0 0
checker 2 player 5 5 0 0 0 2 0 2 3 0 2 0 0 0 -2 0 0 -2 -2 -2 -3 -2 2 4 -2 0 0 0
checker 2 opponent 3 1 0 0 0 2 -4 -2 2 3 2 2 2 0 0 2 0 0 0 0 0 -1 -2 0 -4 0 -2 0
checker 2 player 1 1 0 2 0 4 0 2 1 0 0 0 0 0 -1 0 0 -3 -2 -2 -2 -3 2 4 -2 0 0 0
checker 2 opponent 6 4 0 0 0 2 -3 -3 3 2 2 2 3 0 0 1 0 0 0 0 0 0 -3 0 -2 -2 -2 0
checker 2 opponent 5 2 0 0 0 2 -3 -3 4 3 2 2 2 0 0 0 0 0 0 0 0 0 -1 0 -2 -3 -3 0
checker 2 opponent 5 3 0 1 1 1 -3 -3 4 2 2 2 2 0 0 0 0 0 0 0 0 0 0 0 -2 -4 -3 0
checker 2 opponent 5 2 0 2 1 2 -3 -3 2 2 2 2 2 0 0 0 0 0 0 0 0 0 0 0 -1 -4 -4 0
checker 2 player 6 4 0 4 4 1 0 0 0 0 0 0 0 0 0 0 0 -2 -2 -1 -1 -3 3 3 -2 -2 -2 0
checker 2 opponent 4 3 0 2 2 2 -3 -2 3 1 1 2 2 0 0 0 0 -1 0 0 0 0 0 0 -1 -4 -4 0
checker 2 player 6 1 0 4 4 1 0 0 0 0 0 0 1 0 0 0 0 0 -2 -1 -2 -4 2 3 -2 -2 -2 0
checker 2 opponent 2 2 0 2 2 2 -3 -2 4 2 1 2 0 0 0 0 0 0 0 0 0 0 0 0 -2 -4 -4 0
checker 2 player 5 5 0 4 4 2 0 0 0 0 0 0 0 0 0 0 0 0 0 0 -4 -5 2 3 -1 -2 -3 0
checker 2 player 5 3 0 0 2 0 2 2 2 2 0 0 0 0 -3 0 0 -2 -2 -3 -2 -3 2 3 0 0 0 0
checker 2 opponent 6 5 0 0 0 0 -3 -2 3 2 3 2 2 0 0 3 0 0 0 0 -1 -1 -2 -2 -1 -3 0 0
checker 2 player 5 3 0 0 3 1 2 2 1 1 0 0 0 0 -1 0 0 -2 -2 -4 -3 -3 2 3 0 0 0 0
checker 2 opponent 5 2 0 0 0 0 -3 -2 3 3 4 2 2 0 0 1 0 0 0 0 0 0 -2 -2 -2 -4 0 0
checker 2 player 5 2 0 0 4 2 2 2 0 0 0 0 0 0 -1 0 0 -2 -2 -2 -3 -4 2 3 -1 0 0 0
checker 2 opponent 4 1 0 0 0 1 -3 -2 4 3 2 2 2 0 0 1 0 0 0 0 0 0 -1 -2 -3 -4 0 0
checker 2 opponent 5 2 0 0 2 0 -3 -2 3 3 2 2 2 0 0 1 0 0 0 0 0 0 0 0 -3 -5 -2 0
checker 2 player 6 1 0 2 5 3 0 0 0 0 0 0 0 0 0 0 -1 -2 -2 -2 -3 -2 2 3 0 -2 -1 0
checker 2 opponent 4 4 0 1 2 0 -2 -2 2 3 2 2 2 -1 0 0 0 0 0 0 0 0 0 0 -3 -5 -2 1
checker 2 player 2 2 0 2 5 3 -1 0 0 0 0 0 0 0 0 0 1 0 -2 -2 -2 -4 2 2 -1 -2 -1 0
checker 2 opponent 5 3 0 1 2 1 -2 -2 4 2 2 2 0 0 0 0 0 0 0 0 0 -1 0 1 -3 -5 -2 0
checker 2 player 2 1 0 2 5 3 -1 0 1 0 0 0 0 0 0 0 0 0 -2 -2 -2 -2 2 2 -2 -2 -2 0
checker 2 opponent 6 5 0 2 2 2 -2 -2 2 2 2 2 0 0 0 0 0 0 0 0 0 0 0 0 -4 -5 -2 1
checker 2 opponent 3 2 0 2 2 2 -2 -2 2 2 2 2 0 0 0 0 1 0 0 0 0 0 0 0 -4 -5 -2 0
checker 2 player 6 5 0 2 5 4 0 0 0 0 0 0 0 -1 0 0 0 0 0 -2 -3 -3 2 2 -2 -2 -2 0
checker 2 player 6 3 0 0 0 -1 2 0 2 1 2 0 0 0 -2 2 0 -2 -2 -3 -2 -2 3 2 0 -1 1 0
checker 2 opponent 5 4 0 -1 1 0 -2 -2 2 2 3 2 2 0 -2 2 -1 0 0 -2 -1 -2 0 -2 1 0 0 0
checker 2 player 6 4 0 0 0 0 2 0 2 -1 2 0 0 1 -2 2 0 -2 -2 -2 -2 -2 2 2 -1 -1 1 1
checker 2 opponent 6 6 0 -1 1 1 -3 -2 2 2 2 2 2 0 -2 2 0 0 0 -2 1 -2 -1 -2 0 0 0 0
checker 2 player 6 5 0 0 0 0 2 1 2 -1 2 0 0 0 0 2 0 -2 -2 -2 -2 -2 2 3 -1 -1 -2 1
checker 2 opponent 2 1 0 2 1 1 -3 -2 2 2 2 2 2 -1 -2 0 0 0 0 -2 1 -2 -1 -2 0 0 0 0
checker 2 player 5 2 0 0 0 0 2 1 2 0 2 -1 0 0 0 2 1 -2 -2 -2 -2 -2 2 3 0 -2 -2 0
checker 2 opponent 5 1 0 2 2 0 -3 -2 2 2 2 2 2 0 -2 0 0 0 0 -2 -1 -2 -1 -2 0 0 0 1
checker 2 opponent 4 1 1 2 2 0 -3 -2 2 2 2 3 1 0 -2 0 0 0 0 -2 -1 -2 1 -2 0 0 0 0
checker 2 player 3 2 0 0 0 0 2 -1 2 1 2 0 0 0 0 2 0 0 -2 -3 -2 -3 2 3 0 -2 -2 1
checker 2 player 5 3 1 0 0 0 2 1 2 0 2 0 0 0 0 2 0 0 -2 -3 -2 -3 2 3 1 -2 -2 0
checker 2 player 5 4 1 0 0 0 2 2 2 0 2 0 0 0 0 1 0 0 -2 -3 -2 -3 2 3 1 -2 -2 0
checker 2 opponent 4 1 0 2 2 -1 -2 -2 3 2 3 2 0 0 0 0 -1 0 1 -2 -1 -2 -2 -2 0 0 0 0
checker 2 player 2 2 0 0 0 0 2 2 2 1 2 0 0 1 0 -1 0 0 -2 -2 -3 -3 2 2 1 -2 -2 0
checker 2 opponent 5 1 0 2 2 -1 -2 -2 3 3 2 2 0 0 1 0 0 0 0 -2 -1 -2 -2 -2 -1 0 0 0
checker 2 player 3 1 0 0 0 1 2 2 2 1 2 0 0 0 0 0 0 0 -2 -2 -3 -4 2 2 1 -2 -2 0
checker 2 opponent 5 5 0 2 2 -1 -2 -2 4 3 2 2 0 0 0 0 0 0 0 -2 0 -2 -2 -2 -2 0 0 0
checker 2 opponent 3 1 1 3 3 2 -2 -2 3 2 0 2 0 0 0 0 0 0 0 -2 0 -2 -2 -2 -2 0 0 0
checker 2 player 6 4 0 0 0 2 2 2 2 0 2 0 0 0 0 0 0 0 -1 0 -2 -4 2 2 -2 -2 -4 1
checker 2 opponent 4 3 0 4 2 2 -2 -2 4 2 0 1 -1 0 0 0 0 0 0 -2 0 -2 -2 -2 -2 0 0 0
checker 2 player 4 1 0 0 0 2 2 2 2 0 2 0 0 0 0 0 0 1 0 0 -2 -4 2 2 -2 -3 -4 0
checker 2 opponent 5 3 0 4 3 2 -2 -2 4 2 0 0 0 0 0 0 -1 0 0 -1 -1 -2 -2 -2 -2 0 0 0
checker 2 player 6 2 0 0 0 2 2 2 2 1 1 0 0 1 0 0 0 0 0 0 -2 -2 2 2 -3 -3 -5 0
checker 2 player 3 1 0 0 0 2 2 3 3 1 0 0 0 0 0 0 0 0 0 0 -1 -2 2 2 -2 -3 -7 0
checker 2 opponent 4 1 0 0 0 2 -2 -3 2 3 2 2 0 0 -2 2 0 0 0 -2 0 -3 2 -1 -2 0 0 0
checker 2 player 6 2 0 0 0 2 1 -2 3 0 2 0 0 0 -1 2 0 0 -3 -2 -2 -3 3 2 -2 0 0 0
checker 2 opponent 6 1 0 0 0 2 -2 -2 3 2 2 3 0 -1 -2 1 0 0 0 -2 0 -2 2 -2 -2 0 0 0
checker 2 player 5 4 0 0 0 2 2 -1 2 0 2 0 0 0 -2 2 1 0 -3 -2 -2 -3 2 2 -2 0 0 0
checker 2 opponent 6 5 0 0 0 2 -2 -2 3 2 2 3 0 0 -2 2 0 0 0 -2 0 -2 -1 -2 -2 0 0 1
checker 2 player 3 1 0 0 0 2 2 0 2 0 2 0 0 -1 -2 2 0 0 -3 -2 -2 -3 2 2 -2 0 0 1
checker 2 opponent 5 5 0 -1 0 2 -2 -2 3 2 2 3 0 0 -2 2 1 0 0 -1 0 -2 -1 -2 -2 0 0 0
checker 2 player 6 5 0 0 0 2 2 1 2 0 1 0 0 0 0 2 0 0 -4 -3 -2 -3 2 2 -3 0 1 0
checker 2 opponent 4 2 0 -1 0 3 -2 -2 3 2 3 4 0 0 0 0 0 0 0 -2 -1 -2 -1 -2 -2 0 0 0
checker 2 player 4 1 0 0 0 2 2 1 2 1 2 0 0 0 0 0 0 0 -3 -3 -2 -3 2 2 -4 0 1 0
checker 2 opponent 4 2 0 0 0 4 -2 -3 3 2 3 3 0 0 0 0 0 0 0 -1 -2 -2 -1 -2 -2 0 0 0
checker 2 player 3 2 0 0 0 2 2 1 2 2 1 0 0 0 0 0 0 0 -3 -2 -2 -3 3 2 -4 -1 0 0
checker 2 opponent 4 2 0 0 1 4 -2 -3 3 2 2 3 0 0 0 0 0 0 0 0 -1 -2 -3 -2 -2 0 0 0
checker 2 player 3 2 0 0 0 2 2 3 2 1 0 0 0 0 0 0 0 0 -3 -2 -2 -2 3 2 -3 -2 -1 0
checker 2 opponent 5 2 0 1 2 3 -2 -3 2 2 2 3 0 0 0 0 0 0 0 0 0 -2 -3 -2 -2 -1 0 0
checker 2 player 5 3 0 0 1 2 2 3 2 0 0 0 0 0 0 0 0 0 -3 0 -2 -3 3 2 -4 -2 -1 0
checker 2 opponent 5 2 0 1 2 4 -2 -2 3 2 0 3 -1 0 0 0 0 0 0 0 0 -2 -2 -2 -2 -2 0 0
checker 2 player 5 1 0 0 2 2 2 2 2 0 0 0 0 0 0 0 0 1 -2 0 -2 -3 2 2 -4 -3 -1 0
checker 2 opponent 5 3 0 1 3 4 -2 -2 3 2 0 2 0 0 0 0 0 0 -1 0 0 -2 -2 -2 -2 -2 0 0
checker 2 player 6 1 0 0 2 2 2 2 2 0 0 1 0 0 0 0 0 0 -1 0 -2 -3 2 2 -4 -3 -2 0
checker 2 opponent 4 2 0 2 3 4 -2 -2 3 2 0 1 0 0 0 0 0 0 0 0 0 -2 -2 -2 -2 -3 0 0
checker 2 player 4 4 0 0 3 2 2 2 2 0 0 0 0 0 0 0 0 0 0 0 -2 -3 2 2 -5 -3 -2 0
checker 2 opponent 5 4 0 -1 0 0 -2 -2 3 2 3 2 2 0 -3 2 0 0 0 -2 -1 -2 0 -2 0 1 0 0
checker 2 player 6 2 0 0 0 0 2 0 2 -1 2 0 0 0 -2 3 0 -2 -2 -3 -2 -2 2 2 0 -1 1 1
checker 2 opponent 5 3 0 0 -1 0 -2 -2 2 2 3 2 2 0 -3 2 0 0 -1 -2 1 -2 1 -2 0 0 0 0
checker 2 player 2 1 0 0 0 0 2 0 2 0 2 1 -2 0 -2 3 0 -2 -2 -3 -2 -2 2 2 0 1 0 0
checker 2 opponent 6 4 0 0 0 0 -2 -3 2 2 3 2 2 0 -3 2 0 2 -1 -2 0 -2 0 -2 0 0 0 0
checker 2 player 6 4 0 0 0 0 2 0 2 0 2 1 0 0 -2 3 -1 -2 -3 -3 -2 -2 3 2 0 0 0 0
checker 2 opponent 6 1 0 0 0 0 -2 -2 2 2 3 3 2 -1 -2 2 0 0 -2 -2 0 -2 0 -2 0 0 0 1
checker 2 player 4 2 0 0 0 0 2 0 2 -1 2 2 0 0 -2 2 1 -2 -3 -3 -2 -2 2 2 0 0 0 0
checker 2 opponent 6 2 0 0 0 0 -2 -2 2 2 3 3 2 0 -2 2 0 -1 -1 -2 -1 -2 0 -2 0 0 0 1
checker 2 player 5 4 0 0 -1 0 2 0 2 1 2 1 1 0 -1 2 0 -2 -3 -3 -3 -2 2 2 0 0 0 0
checker 2 opponent 6 6 0 0 0 0 -2 -2 2 3 3 3 2 0 -2 1 0 0 0 -2 -1 -2 -2 -2 0 1 0 0
checker 2 player 4 2 0 0 -1 0 2 2 2 1 2 0 0 0 0 2 0 -2 -2 -3 -2 -2 2 2 -1 0 -2 0
checker 2 opponent 6 2 0 2 0 1 -2 -2 2 2 3 2 2 0 -1 0 0 0 0 -2 -2 -2 -2 -2 0 1 0 0
cube 2 player - - 0 0 -1 0 2 2 2 2 2 0 0 0 0 1 0 -2 0 -3 -3 -2 2 2 -2 0 -2 0
checker 2 player 6 2 0 0 -1 0 2 2 2 2 2 0 0 0 0 1 0 -2 0 -3 -3 -2 2 2 -2 0 -2 0
checker 2 player 6 1 0 0 2 0 2 2 2 2 0 0 0 0 -3 0 0 -2 -2 -3 -2 -3 2 3 0 0 0 0
checker 2 opponent 3 1 0 0 0 0 -2 -2 3 2 3 2 2 -1 0 3 0 0 0 0 -2 -2 -2 -2 0 -2 0 0
checker 2 player 6 4 0 0 2 0 2 2 2 2 0 0 0 0 -2 0 1 -2 -3 -3 -2 -3 2 2 0 0 0 0
checker 2 opponent 6 4 0 0 0 0 -2 -2 3 2 3 3 2 0 0 2 0 0 0 0 -2 -2 -2 -3 0 -2 0 0
checker 2 player 2 1 0 0 2 0 3 2 2 2 0 0 0 0 0 0 0 -2 -4 -3 -3 -3 2 2 0 0 0 0
checker 2 opponent 5 2 0 0 0 0 -2 -2 3 3 3 4 2 0 0 0 0 0 0 0 -1 -2 -3 -2 -1 -2 0 0
checker 2 player 2 1 0 0 2 1 2 3 2 1 0 0 0 0 0 0 0 -2 -3 -3 -3 -3 2 2 0 -1 0 0
checker 2 opponent 6 6 0 0 1 0 -2 -2 3 3 3 3 2 0 0 0 0 0 0 0 -1 -2 -2 -2 -2 -1 -1 0
checker 2 player 5 4 0 1 1 2 2 2 2 1 0 0 0 0 0 0 0 -2 0 -2 -3 -3 2 2 -3 -2 0 0
checker 2 opponent 5 3 0 0 2 3 -2 -2 3 3 2 0 2 0 0 0 0 0 0 0 0 -2 -1 -2 -2 -2 -2 0
checker 2 player 4 2 0 2 2 2 2 1 2 0 0 0 0 0 0 0 0 -2 0 -2 -2 -2 2 2 -4 -3 0 0
checker 2 opponent 6 6 0 0 0 2 -3 -2 2 3 2 2 0 0 -2 2 0 0 0 -3 0 -3 2 0 -2 0 0 0
checker 2 player 2 1 0 0 0 2 0 0 3 0 3 0 0 0 -2 2 0 0 -2 -4 -3 -2 2 3 -2 0 0 0
checker 2 opponent 2 1 0 0 0 2 -2 -3 2 3 4 2 0 0 -2 2 0 0 0 -3 0 -2 0 -1 -2 0 0 0
checker 2 player 2 1 0 0 0 2 1 0 2 0 3 0 0 0 -2 2 0 0 -2 -3 -2 -4 3 2 -2 0 0 0
checker 2 opponent 5 5 0 0 0 2 -2 -3 4 2 3 2 0 0 -2 2 0 0 0 -2 0 -2 -1 -1 -2 0 0 0
checker 2 player 5 2 0 0 0 2 1 1 2 0 2 0 0 0 0 2 0 0 -2 -3 -2 -4 3 2 -4 0 0 0
checker 2 opponent 6 5 0 0 0 4 -2 -2 4 2 3 2 -1 0 -1 0 -1 0 0 -2 0 -2 -1 -1 -2 0 0 0
checker 2 player 5 2 0 0 0 2 1 1 2 0 2 0 0 1 0 1 0 1 -2 -2 -2 -3 2 2 -4 -1 -1 0
checker 2 opponent 5 4 0 1 1 4 -2 -2 3 2 2 2 -1 0 -1 0 0 0 0 -2 0 -2 -1 -2 -2 0 0 0
checker 2 player 6 5 0 0 0 2 2 1 2 0 2 0 0 0 0 1 0 1 -2 -2 0 -3 2 2 -5 -2 -1 0
checker 2 opponent 1 1 0 1 2 5 -2 -2 3 0 2 2 0 0 0 0 0 -1 0 -2 -1 -2 -1 -2 -2 0 0 0
checker 2 player 4 2 0 0 0 2 2 1 2 1 2 0 1 0 0 0 0 0 0 -3 0 -4 2 2 -5 -2 -1 0
checker 2 opponent 5 1 0 1 2 5 -2 -2 4 0 3 0 0 0 0 0 0 -1 0 -1 -1 -2 -1 -2 -2 -1 0 0
checker 2 player 5 4 0 0 1 2 2 1 2 1 1 0 1 0 0 0 0 0 0 -2 0 -4 2 2 -6 -1 -2 0
checker 2 opponent 2 2 0 2 1 6 -2 -2 4 0 2 0 0 0 0 0 0 0 0 0 -1 -2 -2 -3 -2 -1 0 0
checker 2 player 3 1 0 0 1 2 3 2 2 1 0 0 0 0 0 0 0 0 0 0 0 -6 2 2 -5 0 -3 0
checker 2 opponent 6 3 0 -1 0 0 -2 -2 3 2 3 2 2 0 -2 3 0 0 0 -1 -1 -2 -2 -2 0 0 0 0
checker 2 player 4 2 0 0 0 0 2 2 2 1 1 0 0 0 -2 2 0 -2 -2 -3 -3 -2 2 2 -1 0 1 0
checker 2 opponent 5 3 0 -1 0 1 -2 -2 2 3 3 2 2 0 -1 2 0 0 0 -1 -2 -2 -2 -2 0 0 0 0
checker 2 player 6 4 0 0 0 0 2 2 2 2 1 0 0 0 0 1 0 -3 -2 -4 -3 -2 2 2 -1 0 1 0
checker 2 opponent 6 5 0 0 0 1 -2 -2 2 3 4 2 3 -1 -1 0 0 0 0 -1 -2 -2 -2 -2 0 0 0 0
checker 2 player 5 4 0 0 0 0 2 2 2 2 1 0 0 0 0 1 1 -3 -2 -2 -3 -2 2 2 -2 -1 0 0
checker 2 opponent 4 4 0 0 1 2 -2 -2 2 3 2 2 3 -1 -1 0 0 0 0 0 -1 -2 -2 -2 -2 0 0 0
checker 2 player 3 1 0 0 0 2 2 2 2 1 0 0 0 0 0 1 1 0 -2 -2 -3 -4 2 2 -2 -2 0 0
checker 2 opponent 6 3 0 0 2 2 -2 -2 4 3 2 2 0 -1 0 0 0 0 -1 0 -1 -2 -2 -2 -2 0 0 0
checker 2 player 5 1 0 0 0 2 2 2 2 1 0 1 0 0 0 0 1 0 0 -2 -3 -5 2 2 -3 -2 0 0
checker 2 opponent 5 1 0 0 2 3 -2 -2 5 3 2 0 0 0 0 0 0 0 -1 -1 -1 -2 -2 -2 -2 0 0 0
checker 2 player 4 1 0 0 0 2 2 2 2 1 1 1 0 0 0 0 0 0 0 0 -4 -5 2 2 -4 -2 0 0
checker 2 opponent 3 1 0 0 2 4 -2 -2 5 4 0 0 0 0 0 0 0 0 0 0 -2 -2 -3 -2 -2 0 0 0
checker 2 player 4 2 0 0 0 2 2 3 2 2 0 0 0 0 0 0 0 0 0 0 -3 -5 2 2 -5 -2 0 0
checker 2 opponent 3 1 0 -1 0 0 -2 -2 3 2 3 2 2 0 -2 2 0 0 -1 -2 -1 -2 0 -2 0 1 0 0
checker 2 player 6 1 0 0 0 0 2 -1 2 1 2 1 0 0 -2 2 0 -2 -2 -2 -3 -3 2 2 0 0 1 0
checker 2 opponent 6 1 0 -1 0 0 -2 -2 3 3 2 2 2 0 -2 2 0 0 0 -2 -1 -1 -1 -2 -1 0 0 1
checker 2 player 5 3 0 0 0 1 2 1 1 -1 2 0 0 0 -2 2 0 -2 -2 -2 -3 -3 2 2 0 0 1 1
checker 2 opponent 5 1 0 -1 0 0 -2 -3 3 3 2 2 2 0 -2 2 0 0 0 -1 1 -1 -2 -2 -1 0 0 0
checker 2 opponent 5 3 1 1 0 0 -2 -4 2 3 2 2 2 0 -2 2 0 0 0 1 0 -1 -2 -2 -1 0 0 0
checker 2 player 3 1 0 0 0 1 2 2 1 0 -1 0 0 0 -1 2 0 -3 -2 -2 -2 -2 4 2 0 -1 -1 1
checker 2 opponent 6 4 0 1 1 -1 -2 -4 2 2 2 2 3 0 -2 1 0 0 0 1 0 -1 -2 -1 -2 0 0 0
checker 2 player 6 2 0 0 0 2 1 2 1 0 -1 0 0 0 0 2 0 -3 -2 -2 -2 -2 4 2 -1 -1 -1 1
checker 2 opponent 3 2 0 1 -1 1 -2 -3 2 2 2 2 3 -1 -2 0 0 0 0 1 0 -1 -2 -1 -2 0 0 1
checker 2 player 4 3 0 0 -1 2 1 2 1 0 0 0 0 -1 0 2 1 -3 -2 -2 -2 -2 3 2 -1 1 -1 0
checker 2 opponent 4 3 0 1 -1 1 -2 -3 2 2 2 2 3 0 -2 0 1 0 0 0 -1 -1 -2 -1 -2 1 0 0
checker 2 player 5 4 0 0 0 2 1 2 -1 1 0 0 0 0 0 2 -1 -3 -2 -2 -2 -2 3 2 -1 1 -1 1
checker 2 opponent 6 3 0 1 -1 1 -3 -3 2 2 2 2 3 1 -1 0 0 0 0 -1 -1 1 -2 -1 -2 0 0 0
checker 2 player 5 1 0 0 0 2 1 2 -1 1 1 0 0 0 0 1 0 -3 -2 -2 -2 -2 3 3 -1 -1 -1 1
checker 2 opponent 6 6 0 1 1 1 -3 -4 2 2 2 2 3 0 -1 0 0 0 0 0 -2 1 -2 -1 -2 0 0 0
checker 2 player 4 2 0 0 0 2 1 2 0 2 0 0 0 0 0 1 0 -3 0 -2 -3 -2 4 3 -3 -1 -1 0
checker 2 opponent 4 2 0 1 1 3 -3 -3 2 3 2 0 3 -1 -1 0 0 0 0 0 -2 0 -2 -1 -2 0 0 0
checker 2 player 4 4 0 0 0 2 1 2 0 2 0 0 0 0 0 1 1 -2 0 -2 -3 -3 3 3 -2 -1 -2 0
checker 2 opponent 2 1 0 2 1 2 -3 -2 3 3 2 0 2 -1 -1 0 0 0 0 0 -2 0 -2 -2 -2 0 0 0
checker 2 player 5 2 0 0 0 2 2 2 0 2 0 0 0 0 0 1 1 -2 0 0 -4 -4 2 3 -2 -1 -2 0
checker 2 opponent 6 2 0 2 1 2 -2 -2 4 4 0 0 2 -2 -1 0 0 0 0 0 -2 0 -2 -2 -2 0 0 0
checker 2 player 5 1 0 0 0 2 2 2 0 2 0 0 0 0 0 1 2 -1 0 0 -4 -4 2 2 -2 -2 -2 0
checker 2 opponent 4 3 0 0 0 0 -2 -3 3 2 3 3 2 0 0 2 0 0 0 0 -1 -2 -2 -3 0 -2 0 0
checker 2 player 2 1 0 0 2 0 3 2 2 1 0 0 0 0 -2 0 0 -2 -2 -3 -2 -3 3 2 0 -1 0 0
checker 2 opponent 2 1 0 0 1 0 -2 -3 3 2 3 2 2 0 0 2 0 0 0 0 0 -2 -3 -2 -1 -2 0 0
checker 2 player 6 2 0 0 2 1 2 3 2 0 0 0 0 0 -2 0 0 -2 -2 -2 -2 -4 3 2 0 0 -1 0
checker 2 opponent 6 2 0 1 0 0 -2 -2 4 2 2 2 2 -1 0 2 0 0 0 0 0 -2 -2 -2 -2 -2 0 0
checker 2 player 4 1 0 0 2 2 2 2 2 0 0 0 0 0 0 0 -1 -2 -2 -2 -3 -4 2 2 0 0 -1 1
checker 2 player 5 2 1 0 2 2 2 2 2 0 0 0 0 0 0 0 -1 -2 -2 -2 -3 -4 3 2 0 0 0 0
checker 2 opponent 3 1 0 0 0 0 -2 -3 4 3 2 2 2 1 0 0 0 0 0 0 0 0 -2 -3 -2 -2 -1 1
checker 2 player 2 1 0 -1 2 2 3 2 0 0 0 0 0 0 0 0 0 -2 -2 -3 -3 -4 3 2 0 0 0 1
checker 2 opponent 3 2 0 -1 0 0 -2 -3 4 3 3 2 2 0 0 0 0 0 0 0 0 0 -2 -2 -2 -3 1 0
checker 2 player 5 2 0 -1 3 2 2 2 0 0 0 0 0 0 0 0 0 -2 -2 -3 -3 -3 3 2 0 0 -1 1
checker 2 opponent 6 5 0 1 0 0 -2 -4 3 3 3 2 2 0 0 0 0 0 0 0 0 0 -1 -2 -3 -3 1 0
checker 2 opponent 6 1 0 1 0 1 -2 -4 3 3 2 2 2 0 0 0 0 0 0 0 1 0 0 -1 -3 -3 -2 0
checker 2 player 2 1 0 2 3 3 1 0 0 0 -1 0 0 0 0 0 0 -2 -2 -2 -2 -3 4 2 -1 0 -2 0
checker 2 opponent 4 3 0 2 0 1 -2 -4 3 2 2 2 2 0 0 0 0 0 0 1 0 0 0 0 -3 -3 -3 0
checker 2 opponent 5 2 0 2 1 1 -2 -4 2 2 2 2 2 0 0 0 1 0 0 0 0 0 0 0 -3 -3 -3 0
checker 2 player 6 2 0 3 3 3 0 0 0 0 0 0 0 -1 0 0 0 -2 -2 0 -2 -3 4 2 -2 -1 -2 0
checker 2 opponent 5 2 0 2 1 2 -2 -3 3 2 0 2 2 0 0 -1 1 0 0 0 0 0 0 0 -3 -3 -3 0
checker 2 opponent 6 5 0 2 1 2 -2 -3 3 3 0 2 2 0 0 0 0 0 0 0 0 0 0 0 -3 -4 -3 0
checker 2 player 4 1 0 3 4 3 0 0 0 0 0 0 0 0 0 0 0 -2 -2 0 -1 -3 3 2 -2 -2 -3 0
checker 2 opponent 4 1 0 0 0 2 -2 -2 2 3 2 2 -1 0 -2 2 0 0 0 -3 0 -2 2 0 -3 0 0 0
checker 2 player 6 5 0 0 0 3 0 -2 2 0 3 0 0 0 -1 2 0 1 -3 -2 -2 -3 2 2 -2 0 0 0
checker 2 opponent 6 5 0 0 0 -1 -2 -2 3 2 3 2 2 0 -1 3 0 0 0 -1 -2 -2 -2 -2 0 0 0 0
checker 2 player 6 3 0 0 0 0 2 2 2 2 1 0 0 0 -2 1 0 -2 -2 -3 -2 -3 2 2 1 -1 0 0
checker 2 player 3 2 0 0 2 0 2 2 2 2 0 0 0 0 -2 0 0 -2 -2 -3 -3 -3 2 3 0 0 0 0
checker 2 opponent 5 1 0 0 0 0 -3 -2 3 3 3 2 2 0 0 2 0 0 0 0 -2 -1 -1 -2 -2 -2 0 0
checker 2 player 5 3 0 0 2 2 2 1 1 2 0 0 0 0 0 -1 0 -2 -2 -4 -3 -3 2 3 0 0 0 0
checker 2 opponent 6 4 0 0 0 0 -3 -2 3 3 4 2 2 0 1 0 0 0 0 0 -1 0 -1 -3 -2 -2 -1 0
checker 2 player 5 1 0 1 2 2 3 1 0 1 0 0 0 0 0 -1 0 -2 -2 -3 -3 -2 2 3 0 -2 0 0
checker 2 opponent 3 1 0 0 2 0 -2 -3 2 3 3 2 2 0 1 0 0 0 0 0 0 0 -1 -3 -2 -3 -1 0
checker 2 opponent 5 4 0 0 2 1 -2 -2 2 2 3 2 2 0 1 0 0 0 -1 0 0 0 -1 -3 -2 -3 -1 0
checker 2 player 5 2 0 1 3 2 3 1 0 0 0 1 0 0 0 0 0 -2 -2 -3 -2 -2 2 2 -2 -2 0 0
checker 2 opponent 5 2 0 0 2 2 -2 -2 2 2 3 2 2 0 0 0 0 0 0 0 0 0 -1 -3 -2 -4 -1 0
checker 2 player 2 1 0 1 4 2 3 1 0 0 0 0 0 0 0 0 0 -2 -2 -2 -2 -2 2 2 -2 -2 -1 0
checker 2 opponent 6 5 0 1 2 2 -2 -2 2 2 2 2 2 0 0 0 0 0 0 0 0 0 0 -3 -3 -3 -2 0
checker 2 player 1 1 0 2 3 3 3 0 0 0 0 0 0 0 0 0 0 -2 -2 -2 0 -2 2 2 -2 -3 -2 0
checker 2 opponent 1 1 0 2 3 2 -2 -2 2 0 2 2 2 0 0 0 0 0 0 0 0 0 0 -2 -3 -2 -4 0
checker 2 player 5 1 0 4 2 3 2 0 0 0 0 0 0 0 0 0 0 -2 0 -2 -2 -2 2 2 -2 -3 -2 0
checker 2 player 5 5 0 0 0 2 2 2 1 0 1 0 0 0 -2 2 0 -3 -2 -3 -2 -2 2 2 0 0 -1 1
checker 2 opponent 4 1 0 1 0 0 -2 -3 2 2 3 2 3 0 0 2 0 0 0 -2 0 -1 -2 -2 -3 0 0 0
checker 2 player 6 1 0 0 0 3 2 2 1 0 2 0 0 0 -2 0 0 -2 -2 -2 -3 -3 3 2 0 0 -1 0
checker 2 opponent 4 2 0 1 0 0 -2 -2 3 3 2 2 2 0 -1 2 0 0 0 -2 0 -1 -2 -2 -3 0 0 0
checker 2 player 6 4 0 0 0 3 2 2 1 0 2 0 0 0 -2 1 0 -2 -2 -2 -2 -3 2 2 0 0 -2 0
checker 2 opponent 3 2 0 2 0 0 -2 -2 3 2 2 2 2 0 0 2 0 0 -1 -1 0 -1 -2 -2 -3 -1 0 0
checker 2 player 5 2 0 0 1 3 2 2 1 0 1 1 0 0 -1 0 0 -2 -2 -3 -2 -3 2 2 0 0 -2 0
checker 2 opponent 3 2 0 2 0 0 -2 -2 3 2 3 2 2 0 0 1 0 0 0 0 0 -2 -2 -3 -3 -1 0 0
checker 2 player 4 3 0 0 1 3 3 2 2 0 0 0 0 0 0 0 0 -2 -2 -4 -2 -3 2 2 0 0 -2 0
checker 2 opponent 3 1 0 2 0 0 -2 -2 3 2 4 2 2 0 0 0 0 0 0 0 0 -1 -2 -2 -3 -2 -1 0
checker 2 player 4 3 0 1 2 3 2 2 1 0 0 0 0 0 0 0 0 -2 -2 -3 -3 -2 2 2 -1 0 -2 0
checker 2 opponent 4 3 0 2 0 1 -2 -2 2 3 3 2 2 0 0 0 0 0 0 0 0 0 -1 -2 -4 -2 -2 0
checker 2 player 5 3 0 2 2 4 2 1 0 0 0 0 0 0 0 0 0 0 -2 -3 -4 -3 2 2 -1 0 -2 0
checker 2 player 4 4 0 0 0 0 2 0 2 0 2 0 0 0 -3 2 0 -2 -2 -2 -2 -2 3 2 -1 0 -1 2
checker 2 opponent 2 1 0 1 0 1 -4 -3 2 2 2 2 2 0 0 3 0 0 -2 -2 0 -2 0 -2 0 0 0 0
checker 2 player 6 4 0 0 0 0 2 0 2 0 2 2 0 0 -2 -1 0 -2 -2 -2 -2 -2 3 4 0 0 -2 0
checker 2 opponent 4 4 0 2 0 0 -4 -2 2 2 2 2 2 0 1 2 0 -1 -2 -2 0 -2 0 -2 0 0 0 0
checker 2 player 5 3 0 0 0 0 2 0 2 0 2 2 1 0 -1 0 0 0 -3 -3 -2 -4 2 4 0 0 -2 0
checker 2 player 5 4 0 0 0 2 0 -1 3 0 3 0 0 0 -3 2 0 0 -2 -2 -3 -2 2 3 -2 0 0 0
checker 2 opponent 5 3 0 0 0 2 -3 -2 2 3 2 2 0 0 0 3 0 0 -1 -4 0 -3 1 0 -2 0 0 0
checker 2 player 6 1 0 0 0 2 0 0 3 0 4 1 0 0 -3 -1 0 0 -2 -2 -3 -2 2 3 -2 0 0 0
checker 2 player 4 4 0 0 2 0 2 2 2 2 0 0 0 0 -1 0 0 -3 -2 -3 -3 -3 2 3 0 0 0 0
checker 2 opponent 6 1 0 0 0 0 -3 -2 3 3 3 2 3 0 0 1 0 0 0 0 0 -2 0 -2 -2 -2 -2 0
checker 2 player 6 1 0 2 2 2 2 0 2 0 0 0 0 0 0 0 0 -2 -3 -3 -4 -3 2 3 0 0 0 0
checker 2 opponent 6 5 0 0 0 0 -2 -2 3 4 3 3 2 -1 0 0 0 0 0 0 0 -2 0 -2 -2 -2 -2 0
checker 2 player 2 1 0 2 2 2 2 0 2 0 0 0 0 0 0 0 1 -2 -3 -2 -3 -3 2 2 0 -2 0 0
checker 2 opponent 2 1 0 0 2 0 -2 -2 3 3 2 3 2 0 0 0 -1 0 0 0 0 -2 0 -2 -2 -2 -2 0
checker 2 player 5 3 0 2 2 2 2 0 2 0 0 0 0 1 0 0 0 -2 -2 -2 -3 -4 2 2 0 -2 0 0
checker 2 opponent 6 4 0 0 2 0 -2 -2 4 3 2 2 2 0 0 0 0 0 0 0 0 -2 0 -2 -3 -2 -2 0
checker 2 player 4 1 0 2 2 3 2 0 2 0 0 0 0 0 0 0 0 -2 -2 -2 -2 -3 2 2 0 -3 -1 0
checker 2 opponent 6 4 0 1 3 0 -2 -2 3 2 2 2 2 0 0 0 0 0 0 0 0 0 -1 -2 -3 -3 -2 0
checker 2 player 6 4 0 2 3 3 2 1 0 0 0 0 0 0 0 0 0 -2 -2 -2 0 -3 2 2 -1 -3 -2 0
checker 2 opponent 1 1 0 1 0 -1 -2 -2 2 2 3 3 2 0 -1 2 0 0 0 -1 -2 -2 -2 -2 0 0 0 0
checker 2 player 5 2 0 0 0 0 2 2 2 2 1 0 0 0 -2 1 0 -2 -2 -2 -3 -3 2 2 1 0 -1 0
checker 2 opponent 3 1 0 1 0 -1 -2 -2 3 3 2 2 2 0 -1 2 0 0 0 0 -1 -2 -3 -2 -1 0 0 0
checker 2 player 2 2 0 0 0 1 2 3 2 1 0 0 0 0 -1 -1 0 -2 -2 -2 -3 -2 2 2 -1 0 -1 2
checker 2 opponent 2 2 0 1 -2 1 -2 -2 2 3 2 2 2 0 1 1 0 0 0 0 0 -2 -3 -2 -2 0 0 0
checker 2 player 2 2 0 0 0 2 2 3 2 0 0 0 0 0 0 0 0 -2 -3 -3 -3 -2 2 2 -1 2 -1 0
checker 2 opponent 4 3 0 1 -2 1 -2 -2 2 3 3 3 2 0 0 0 0 0 0 0 0 0 -3 -2 -2 -2 0 0
checker 2 player 5 2 0 0 2 2 2 3 0 0 0 0 0 0 0 0 0 -2 -2 -3 -2 -3 2 2 -2 2 -1 0
checker 2 opponent 6 1 0 1 -2 2 -2 -2 3 2 3 2 2 0 0 0 0 0 0 0 0 0 -2 -2 -3 -2 0 0
checker 2 player 6 1 0 0 2 3 2 2 0 0 0 0 0 0 0 0 0 -2 -2 -2 -2 -3 2 2 -2 2 -2 0
checker 2 opponent 2 2 0 -1 0 0 -2 -2 3 2 3 2 2 0 -3 2 0 0 0 -2 -1 -2 0 -2 0 1 0 0
checker 2 player 4 2 0 0 -1 0 2 0 2 1 2 0 0 0 0 3 0 -2 -4 -3 -2 -3 2 2 0 0 1 0
checker 2 opponent 6 2 0 -1 0 0 -2 -2 3 2 3 4 2 0 -2 0 0 0 0 -2 -2 -2 0 -2 0 1 0 0
checker 2 player 4 1 0 0 -1 0 2 0 2 2 2 0 0 0 0 2 0 -2 -2 -3 -3 -3 2 2 -1 0 1 0
checker 2 opponent 5 2 0 0 0 1 -2 -3 3 3 3 2 2 0 -1 -1 0 0 0 -2 -2 -2 0 -2 0 1 0 0
checker 2 player 4 3 0 0 -1 0 2 0 2 2 2 0 0 0 1 1 0 -2 -2 -3 -3 -2 3 2 0 0 -2 0
checker 2 opponent 4 3 0 2 0 0 -2 -3 2 3 3 2 2 0 0 0 0 0 -2 -2 -2 -2 0 -2 0 1 0 0
checker 2 player 6 5 0 0 0 0 2 -1 2 2 2 2 0 0 0 0 0 -2 -2 -3 -2 -2 3 2 -1 0 -2 0
checker 2 opponent 6 5 0 2 0 1 -2 -2 2 2 3 2 2 0 0 0 0 0 -3 -2 -2 -2 1 -2 0 0 0 0
checker 2 player 4 3 0 0 0 0 2 0 2 2 2 3 0 0 0 0 0 -2 -3 -3 -2 -2 2 2 -1 0 -2 0
checker 2 opponent 3 3 0 2 0 1 -2 -2 2 2 3 3 2 0 0 0 0 0 -1 -2 -2 -3 -1 -2 0 0 0 0
checker 2 player 3 2 0 0 0 0 2 1 3 2 2 1 0 0 0 0 0 0 -2 -3 -4 -2 2 2 -2 0 -2 0
checker 2 opponent 4 3 0 2 0 2 -2 -2 2 4 3 2 0 0 0 0 0 0 -1 -2 -1 -2 -2 -2 -1 0 0 0
checker 2 player 4 1 0 0 0 1 2 2 2 1 2 1 0 0 0 0 0 0 -2 -3 -4 0 2 2 -3 -1 -2 0
checker 2 opponent 5 5 0 2 1 3 -2 -2 0 4 3 2 0 0 0 0 0 0 -1 -1 -1 -2 -2 -2 -2 0 0 0
checker 2 player 5 1 0 0 0 2 2 2 2 1 1 1 0 0 0 0 0 0 -2 0 -3 0 2 2 -6 -2 -2 0
checker 2 opponent 5 2 0 2 2 6 -2 -2 0 3 0 2 0 0 0 0 0 0 0 0 -2 -2 -2 -3 -2 0 0 0
checker 2 player 3 2 0 0 0 2 3 2 2 2 0 0 0 0 0 0 0 0 -2 0 -2 0 2 2 -5 -3 -3 0
checker 2 opponent 3 1 0 3 3 5 -2 -2 0 2 0 2 0 0 0 0 0 0 0 0 -1 -2 -2 -3 -2 -1 0 0
cube 2 player - - 0 0 1 2 3 2 2 1 0 0 0 0 0 0 0 0 -2 0 -1 0 2 2 -6 -3 -3 0
checker 2 player 6 2 0 0 1 2 3 2 2 1 0 0 0 0 0 0 0 0 -2 0 -1 0 2 2 -6 -3 -3 0
checker 2 player 3 2 0 0 0 2 0 -2 3 0 3 0 0 0 0 2 0 -1 -2 -3 -3 -2 2 3 -2 0 0 0
checker 2 opponent 5 1 0 0 0 2 -3 -2 2 3 3 2 1 0 -1 0 0 0 0 -4 0 -3 2 0 -2 0 0 0
checker 2 player 3 2 0 0 0 2 0 -1 3 0 4 0 -1 0 0 1 0 0 -3 -3 -3 -2 2 3 -2 0 0 0
checker 2 player 6 6 1 0 0 2 0 -1 4 0 3 0 1 0 0 0 0 0 -3 -3 -3 -2 2 3 -2 0 0 0
checker 2 opponent 5 5 0 0 0 0 -3 -2 3 2 3 2 2 0 0 3 0 0 0 0 -1 -1 -2 -2 -2 -2 0 0
checker 2 player 6 1 0 0 2 2 2 2 1 1 0 0 0 0 -1 0 0 -2 -2 -3 -2 -3 2 3 -2 0 0 0
checker 2 opponent 5 2 0 0 0 2 -2 -2 3 2 3 2 2 -1 0 1 0 0 0 0 -1 -1 -2 -2 -2 -2 0 0
checker 2 opponent 6 6 1 0 0 2 -2 -2 4 2 3 2 2 0 0 0 0 0 0 0 -1 -1 -2 -2 -2 -2 0 0
checker 2 opponent 4 1 1 2 2 2 -2 -2 4 0 1 2 2 0 0 0 0 0 0 0 -1 -1 -2 -2 -2 -2 0 0
checker 2 opponent 5 3 1 2 2 2 -2 -2 5 0 1 3 0 0 0 0 0 0 0 0 -1 -1 -2 -2 -2 -2 0 0
checker 2 opponent 4 1 1 2 2 3 -2 -2 6 0 0 2 0 0 0 0 0 0 0 0 -1 -1 -2 -2 -2 -2 0 0
checker 2 opponent 2 2 1 3 2 3 -2 -2 5 0 0 2 0 0 0 0 0 0 0 0 -1 -1 -2 -2 -2 -2 0 0
checker 2 player 3 3 0 0 2 2 2 2 1 1 0 0 0 0 0 0 0 0 0 0 -2 -5 2 2 -1 -2 -5 1
checker 2 player 2 1 0 0 -1 0 2 0 2 1 2 0 0 0 -2 2 0 -2 -2 -3 -2 -3 3 2 0 0 1 0
checker 2 opponent 2 1 0 -1 0 0 -2 -3 3 2 3 2 2 0 -2 2 0 0 0 -2 0 -2 -1 -1 -1 1 0 0
checker 2 player 2 1 0 0 -1 1 1 1 2 0 2 0 0 0 -1 2 -1 -2 -2 -2 -3 -3 3 2 0 0 1 0
checker 2 opponent 6 3 0 0 0 -1 -2 -3 3 3 2 2 2 1 -1 -1 0 0 0 -2 0 -2 -1 -1 -1 1 0 1
checker 2 player 6 1 0 0 -1 0 1 1 2 0 2 -1 0 0 1 1 -1 -2 -2 -2 -3 -3 3 2 1 0 0 1
checker 2 opponent 5 3 0 -1 0 -1 -2 -2 3 3 2 2 2 -1 -1 -1 0 0 1 -2 0 -2 -1 -1 0 1 0 1
checker 2 opponent 3 1 0 -2 0 1 -3 -2 2 3 2 2 2 -1 -1 -1 0 0 1 -2 0 -2 1 -1 0 1 0 0
checker 2 player 5 1 0 0 -1 0 1 -1 2 0 2 0 0 0 1 -1 1 -2 -2 -2 -3 -2 2 3 -1 0 2 1
checker 2 opponent 2 2 0 -2 0 1 -2 -4 2 3 2 2 2 -1 1 -1 0 0 0 -2 0 -2 1 -1 0 1 0 0
checker 2 player 3 2 0 0 -1 0 1 0 2 0 2 0 0 -1 1 0 1 -3 -2 -2 -3 -2 4 2 -1 0 2 0
checker 2 opponent 2 2 0 -2 0 1 -2 -4 2 3 2 2 3 0 0 -2 1 0 0 -1 0 -2 -1 -1 0 1 0 0
checker 2 player 4 3 0 0 -1 0 1 1 2 0 1 0 0 0 2 0 0 -3 -2 -2 -3 -3 4 2 -1 0 2 0
checker 2 opponent 4 2 0 -2 0 1 -2 -4 3 3 2 2 3 0 0 0 0 0 -1 -2 0 -2 -1 -1 0 1 0 0
checker 2 player 1 1 0 0 0 0 -1 1 2 0 2 1 0 0 0 0 0 -3 -2 -2 -3 -2 4 2 -1 -1 2 1
checker 2 opponent 4 3 0 -3 1 1 -2 -4 2 3 2 2 3 0 0 0 0 0 -1 0 -2 -2 0 -1 0 0 0 1
checker 2 player 6 2 0 0 0 -1 1 0 2 2 0 1 0 0 0 0 0 -2 -2 -2 -3 -3 4 2 -1 -1 3 0
checker 2 opponent 6 4 0 -3 1 1 -2 -3 3 3 2 2 2 -1 0 0 0 0 0 0 -3 -2 0 -1 1 0 0 0
checker 2 player 5 4 0 0 0 0 1 0 2 3 0 -1 0 0 0 0 1 -2 -2 -2 -2 -3 3 2 -2 -1 3 0
checker 2 opponent 3 1 0 -3 1 2 -2 -3 3 2 2 2 2 0 0 0 0 0 1 0 -3 -2 -1 -1 0 0 0 0
checker 2 player 6 2 0 0 0 0 1 1 2 3 0 0 0 0 0 -1 0 -2 -2 -2 -2 -3 3 2 -2 -1 3 0
checker 2 opponent 5 1 0 -3 1 2 -2 -2 3 2 2 2 2 -1 1 0 0 0 0 0 -2 -2 -2 -1 0 0 0 0
checker 2 player 5 3 0 0 0 0 1 2 2 2 0 0 0 0 0 0 0 -2 -2 -2 -2 -4 2 2 -2 -1 3 1
checker 2 opponent 3 1 0 -2 1 2 -3 -3 4 2 2 2 2 0 0 0 0 0 0 0 -2 -2 -2 -1 0 0 0 0
checker 2 player 5 2 0 0 0 0 1 2 2 2 0 0 0 0 0 0 0 -2 -2 -2 -2 -3 3 3 -2 -2 2 0
checker 2 opponent 6 5 0 -2 2 2 -3 -3 3 2 2 2 2 0 0 0 0 0 0 0 -1 -1 -2 -2 0 -1 0 0
checker 2 player 4 4 0 0 1 0 2 2 1 1 0 0 0 0 0 0 0 -2 -2 0 -2 -3 3 3 -3 -3 2 0
checker 2 opponent 3 2 0 -2 3 3 -2 -3 3 2 0 2 2 0 0 0 0 0 -1 0 0 -1 -2 -2 -1 -1 0 0
checker 2 player 5 1 0 0 1 1 2 2 1 0 0 1 0 0 0 0 0 -2 0 0 -3 -4 3 2 -3 -3 2 0
checker 2 opponent 6 4 0 -2 3 3 -2 -3 4 3 0 0 2 0 0 0 0 0 0 0 0 -1 -2 -2 -2 -1 0 0
checker 2 player 6 2 0 0 1 2 2 2 1 0 0 0 0 0 0 0 0 -1 0 0 -3 -5 3 2 -3 -3 2 0
checker 2 opponent 3 1 0 -2 3 3 -2 -2 5 3 0 0 1 0 0 -1 0 0 0 0 0 -1 -2 -2 -2 -1 0 0
checker 2 player 4 2 0 0 1 2 2 2 1 0 0 0 0 0 1 0 0 0 0 0 -3 -6 2 2 -3 -3 2 0
checker 2 player 2 1 0 0 1 2 2 2 2 0 0 0 0 0 0 0 0 0 0 0 -3 -6 2 2 -3 -3 2 0
checker 2 opponent 5 4 0 -2 3 3 -2 -2 6 3 0 0 0 0 0 0 0 0 0 0 0 -2 -1 -2 -2 -2 0 0
checker 2 player 5 1 0 0 2 2 2 1 2 0 0 0 0 0 0 0 0 0 0 0 -2 -5 2 2 -3 -5 2 0
checker 2 opponent 3 3 0 -1 0 0 -2 -2 3 2 3 2 2 0 -2 3 0 0 0 -1 -1 -2 -2 -2 0 0 0 0
checker 2 player 3 1 0 0 0 0 2 2 2 1 1 0 0 0 0 2 0 -4 -2 -3 -3 -3 2 2 0 0 1 0
checker 2 opponent 6 3 0 -1 0 0 -2 -2 3 3 3 2 4 0 -1 0 0 -1 0 0 -2 -2 -2 -2 0 0 0 0
checker 2 player 3 2 0 0 0 0 2 2 2 2 0 0 1 0 0 1 0 -3 -2 -3 -3 -3 2 2 0 0 -1 1
checker 2 opponent 5 4 0 1 0 -1 -2 -2 3 3 3 2 3 0 -1 0 0 0 0 -1 -2 -2 -2 -2 0 0 0 0
checker 2 player 6 5 0 0 0 0 2 2 2 2 1 0 0 0 0 1 0 -2 -2 -3 -3 -3 2 2 1 0 -2 0
checker 2 opponent 5 3 0 2 0 -1 -2 -2 3 3 3 2 2 0 0 0 0 0 0 0 -3 -2 -2 -2 -1 0 0 0
checker 2 opponent 4 4 1 2 0 2 -2 -2 2 3 2 2 2 0 0 0 0 0 0 0 -3 -2 -2 -2 -1 0 0 0
checker 2 opponent 2 1 1 2 2 2 -2 -2 2 3 2 2 0 0 0 0 0 0 0 0 -3 -2 -2 -2 -1 0 0 0
checker 2 opponent 4 2 1 2 2 2 -2 -2 3 4 0 2 0 0 0 0 0 0 0 0 -3 -2 -2 -2 -1 0 0 0
checker 2 player 6 5 0 0 0 1 2 2 2 3 0 0 0 0 0 0 0 0 -1 0 -4 -3 2 2 -3 -2 -2 1
checker 2 opponent 6 1 0 2 2 3 -2 -2 3 4 0 1 0 -1 0 0 0 0 0 0 -3 -2 -2 -2 -1 0 0 0
checker 2 player 4 2 0 0 0 1 2 2 2 3 0 0 0 0 0 0 1 0 0 0 -3 -4 2 2 -4 -2 -2 0
checker 2 player 4 2 0 0 0 2 2 2 2 2 0 0 0 0 1 0 0 0 0 0 -3 -4 2 2 0 -2 -6 0
checker 2 player 2 1 0 0 0 2 0 -1 3 0 3 0 0 0 -2 2 0 0 -3 -2 -3 -2 2 3 -2 0 0 0
checker 2 opponent 6 1 0 0 0 2 -3 -2 2 3 2 3 0 0 -2 2 0 0 0 -2 0 -3 -1 0 -2 0 0 1
checker 2 player 6 6 0 0 0 2 0 1 3 -1 2 0 0 0 -2 2 0 0 -3 -2 -3 -2 2 3 -2 0 0 0
checker 2 opponent 5 2 0 0 0 2 -2 -2 2 3 2 3 0 0 0 2 0 0 -1 -2 -2 -3 -1 0 -2 0 0 1
checker 2 player 4 2 0 0 0 2 0 -1 3 2 2 1 0 0 -2 0 0 0 -2 -2 -4 -2 2 2 -2 0 0 1
checker 2 opponent 2 2 0 0 -1 2 -2 -2 2 4 2 2 0 0 0 2 0 0 0 -2 -2 -3 -1 0 -2 0 0 1
checker 2 player 4 3 0 0 0 2 -1 1 3 2 2 0 0 0 0 0 -2 0 -2 -2 -4 -2 2 2 -2 1 0 0
checker 2 opponent 5 4 0 0 -1 2 -2 -2 2 4 2 2 0 2 0 0 0 0 0 0 -2 -3 -2 -1 -2 0 0 1
checker 2 player 4 1 0 0 0 2 0 2 3 2 0 -1 0 0 0 0 -2 0 -2 -2 -4 -2 2 2 -2 1 0 1
checker 2 opponent 2 2 0 0 -1 2 -2 -3 2 4 2 2 0 2 0 0 0 0 1 0 -2 -3 -2 0 -2 0 0 0
checker 2 player 3 1 0 0 0 2 0 2 3 2 0 0 0 0 0 0 -2 0 -2 -3 -4 -2 3 2 -2 1 0 0
checker 2 opponent 6 5 0 0 -1 2 -2 -3 2 4 3 2 0 2 0 0 0 0 0 0 -1 -3 -1 -2 -2 0 0 0
checker 2 player 5 3 0 0 0 2 2 1 3 1 0 0 0 0 0 0 -2 0 -2 -2 -3 -2 3 2 -2 -2 0 1
checker 2 opponent 4 3 0 0 2 2 -2 -4 2 3 2 2 0 2 0 0 0 0 0 0 -1 -3 0 -2 -2 -1 0 0
checker 2 player 6 2 0 0 1 2 2 0 3 1 0 0 0 0 0 0 0 0 -2 -3 -4 -2 4 2 -2 -2 0 0
checker 2 opponent 6 2 0 0 2 2 -2 -3 2 4 3 2 0 -1 0 0 0 0 0 0 0 -3 -1 -2 -2 -1 0 0
checker 2 player 6 4 0 0 1 2 2 1 3 0 0 0 0 0 0 0 1 0 -2 -2 -3 -3 3 2 -2 -2 -1 0
checker 2 opponent 2 2 0 1 2 2 -2 -2 3 3 2 2 0 -1 0 0 0 -1 0 0 0 -3 -1 -2 -2 -1 0 0
checker 2 player 3 1 0 0 1 2 2 1 3 0 0 0 1 0 0 0 1 0 0 0 -5 -5 2 2 -2 -2 -1 0
checker 2 opponent 4 3 0 1 2 2 -2 -2 5 5 0 0 0 -1 0 0 0 0 0 0 -1 -2 -2 -2 -2 -1 0 0
checker 2 player 5 3 0 0 1 2 2 2 2 1 0 0 0 0 0 0 1 0 0 0 -4 -4 2 2 -4 -2 -1 0
checker 2 opponent 4 2 0 1 2 4 -2 -2 4 4 0 0 0 0 0 0 -1 0 0 0 0 -2 -2 -2 -2 -2 0 0
checker 2 player 5 3 0 0 2 2 2 2 2 0 0 0 0 1 0 0 0 0 0 0 -3 -4 2 2 -4 -2 -2 0
checker 2 opponent 3 2 0 0 0 0 -2 -2 3 3 3 3 0 0 3 0 -1 0 0 -1 -2 -2 -3 -2 0 0 0 0
checker 2 player 5 1 0 0 0 0 2 3 2 2 1 0 0 1 0 -2 0 0 -3 -3 -4 -3 2 2 0 0 0 0
checker 2 opponent 3 1 0 0 0 0 -2 -2 3 4 3 3 0 0 2 0 0 0 0 0 -3 -3 -3 -2 0 0 0 0
checker 2 player 5 4 0 0 0 0 2 3 3 3 0 0 0 0 0 -2 0 0 -3 -3 -3 -3 2 2 -1 0 0 0
checker 2 opponent 6 5 0 0 0 1 -2 -2 3 3 3 3 0 0 2 0 0 0 0 0 -1 -3 -3 -2 -1 -1 0 0
checker 2 player 2 2 0 0 1 1 2 3 3 1 0 0 0 0 0 0 0 0 -3 -3 -4 -4 2 2 -1 0 0 0
checker 2 opponent 6 2 0 0 0 1 -2 -2 4 4 3 3 0 0 0 0 0 0 0 0 0 -2 -3 -2 -2 -2 0 0
checker 2 player 2 1 0 0 2 2 2 3 2 0 0 0 0 0 0 0 0 0 -3 -3 -3 -4 2 2 0 0 -2 0
checker 2 opponent 3 1 0 2 0 0 -2 -2 4 3 3 3 0 0 0 0 0 0 0 0 0 -2 -2 -2 -2 -3 0 0
checker 2 player 3 3 0 0 3 2 2 2 2 0 0 0 0 0 0 0 0 0 -3 -3 -3 -3 2 2 0 -1 -2 0
checker 2 opponent 5 3 0 2 1 0 -2 -2 3 3 3 3 0 0 0 0 0 0 0 0 0 0 -2 0 -4 -3 -2 0
checker 2 player 4 2 0 2 3 4 0 2 0 0 0 0 0 0 0 0 0 0 -2 -3 -2 -4 2 2 0 -2 -2 0
checker 2 opponent 3 3 0 2 2 0 -2 -2 4 2 3 2 0 0 0 0 0 0 0 0 0 0 0 0 -5 -3 -3 0
checker 2 player 6 5 0 3 3 5 0 0 0 0 0 0 0 0 0 0 0 0 0 -3 -2 -4 2 2 -2 -2 -2 0
checker 2 player 3 1 0 0 2 0 2 2 2 2 0 0 0 0 -3 0 0 -2 -2 -3 -2 -3 2 3 0 0 0 0
checker 2 opponent 5 3 0 0 0 0 -2 -3 3 2 3 2 2 0 0 3 0 0 0 0 -2 -1 -2 -2 -1 -2 0 0
checker 2 player 2 1 0 0 2 1 2 2 1 2 0 0 0 0 -1 0 0 -3 -2 -4 -2 -3 3 2 0 0 0 0
checker 2 opponent 1 1 0 0 0 0 -2 -3 3 2 4 2 3 0 0 1 0 0 0 0 -2 0 -2 -2 -2 -2 0 0
checker 2 opponent 6 2 0 0 0 0 -2 -3 4 3 2 2 3 0 1 0 0 0 0 0 0 0 -2 -2 -2 -4 0 0
checker 2 player 6 3 0 0 4 2 2 2 0 0 0 0 0 0 0 -1 0 -2 -2 -3 -2 -4 3 2 0 0 -1 0
checker 2 opponent 6 2 0 1 0 0 -2 -2 4 2 3 2 2 0 1 0 -1 0 0 0 0 0 -2 -2 -2 -4 0 0
checker 2 player 6 5 0 0 4 2 2 2 0 0 0 0 0 1 0 0 0 -3 -2 -2 -2 -4 2 2 0 -1 -1 0
checker 2 player 6 4 0 0 0 0 2 -1 2 1 2 0 0 0 -2 2 0 -2 -2 -2 -2 -3 3 2 0 -1 1 0
checker 2 opponent 4 3 0 -1 1 0 -2 -2 3 2 2 2 2 0 -2 2 0 -1 0 -2 -1 -2 1 -2 0 0 0 0
checker 2 player 4 1 0 0 0 0 2 0 2 1 2 0 1 0 -3 2 0 -2 -2 -2 -2 -3 2 2 0 -1 1 0
checker 2 opponent 4 4 0 -1 1 0 -2 -2 3 2 2 2 2 0 -1 3 0 -1 -1 -1 -2 -2 0 -2 0 0 0 0
checker 2 player 5 1 0 0 0 0 2 0 2 2 1 1 1 0 -2 1 0 0 -3 -2 -2 -4 2 2 0 -2 1 0
checker 2 opponent 5 2 0 -1 2 0 -2 -2 4 2 2 3 0 0 -1 2 0 0 0 -2 -2 -2 -1 -2 0 0 0 0
checker 2 player 4 3 0 0 0 0 2 1 2 2 2 0 0 0 -2 1 0 0 -2 -2 -2 -4 2 2 0 -3 1 0
checker 2 opponent 3 3 0 -1 3 0 -2 -2 4 2 2 2 0 0 -1 2 0 0 0 -1 -1 -2 -2 -2 -1 0 0 0
checker 2 player 3 1 0 0 0 1 2 2 2 1 1 0 0 0 0 1 0 0 -2 -2 -4 -4 2 2 0 -3 1 0
checker 2 opponent 3 2 0 -1 3 0 -2 -2 4 4 2 2 0 0 -1 0 0 0 0 -1 0 -2 -2 -2 -2 0 0 0
checker 2 player 3 1 0 0 0 2 2 2 2 0 1 0 0 0 0 1 0 0 0 -2 -5 -5 2 2 0 -3 1 0
checker 2 opponent 5 4 0 -1 3 0 -2 -2 5 5 2 0 0 0 0 0 0 -1 0 0 -1 -2 -2 -2 -2 0 0 0
checker 2 player 5 3 0 0 0 2 2 2 2 1 0 0 1 0 0 0 0 0 0 -2 -4 -4 2 2 0 -5 1 0
checker 2 opponent 1 1 0 -1 5 0 -2 -2 4 4 2 0 0 0 0 0 0 0 0 0 -1 -2 -2 -2 -2 -1 0 0
checker 2 player 6 3 0 0 1 2 2 2 2 1 0 0 0 0 0 0 0 0 0 -2 -2 -6 2 2 0 -3 -2 1
checker 2 opponent 6 3 0 2 3 0 -2 -2 6 2 2 -1 0 0 0 0 0 0 0 0 -1 -2 -2 -2 -2 -1 0 0
checker 2 player 3 2 0 0 1 2 2 2 2 1 0 0 0 0 0 0 0 0 1 -1 -2 -5 2 2 -1 -4 -2 0
checker 2 opponent 6 1 0 0 0 2 -3 -2 2 3 2 2 0 0 -2 2 0 0 0 -3 0 -3 2 0 -2 0 0 0
checker 2 player 4 1 0 0 0 2 0 -1 3 0 3 0 0 0 -3 2 0 0 -2 -2 -3 -2 2 3 -2 0 0 0
checker 2 opponent 1 1 0 0 0 2 -2 -3 2 3 2 2 0 0 -2 3 0 0 0 -2 0 -3 1 -1 -2 0 0 0
checker 2 player 2 1 0 0 0 2 1 -1 3 0 2 0 0 0 -3 2 0 0 -2 -2 -3 -2 3 2 0 0 -2 0
checker 2 opponent 6 4 0 2 0 0 -2 -3 2 3 2 2 0 0 -2 3 0 0 0 -1 0 -3 -1 -1 -2 0 0 1
checker 2 player 5 2 0 0 0 2 0 1 3 0 1 0 -1 0 -3 2 0 0 -2 -2 -3 -2 3 2 0 0 -2 1
checker 2 opponent 6 3 0 2 -1 0 -2 -2 2 3 2 2 -1 0 -2 3 0 1 0 -1 0 -3 -1 0 -2 0 0 0
checker 2 player 4 3 0 0 0 2 0 1 3 0 1 0 0 0 -3 2 0 1 -2 -2 -3 -3 2 2 0 1 -2 0
checker 2 opponent 5 1 0 2 -1 0 -2 -2 3 3 2 2 0 0 -2 3 -1 0 0 0 0 -3 -2 0 -2 0 0 0
checker 2 player 5 3 0 0 0 2 0 2 3 0 0 0 0 1 -2 2 0 0 -2 -3 -2 -4 2 2 0 1 -2 0
checker 2 opponent 6 4 0 2 -1 0 -2 -2 4 2 3 2 0 0 -1 2 0 0 0 -2 0 -3 -2 0 -2 0 0 0
checker 2 player 2 1 0 0 0 2 0 2 3 0 2 0 0 0 0 1 0 0 -3 -3 -3 -4 2 2 0 1 -2 0
checker 2 opponent 4 1 0 2 -1 0 -2 -2 4 3 3 3 0 0 -1 0 0 0 0 -1 -1 -2 -2 -1 -2 0 0 0
checker 2 player 4 2 0 0 0 2 1 2 2 1 1 0 0 0 0 1 0 0 -3 -3 -3 -3 2 2 0 0 -3 1
checker 2 opponent 3 2 0 3 -1 0 -2 -2 3 3 3 3 0 0 -1 0 0 0 0 0 -1 -2 -2 -2 -2 0 0 0
checker 2 player 4 3 0 0 0 2 2 2 2 1 0 0 0 0 0 1 0 0 -2 -2 -3 -5 2 2 0 1 -3 0
checker 2 opponent 4 4 0 3 -1 0 -2 -2 5 3 2 2 0 0 0 0 0 0 0 0 -1 -3 -2 -2 -2 0 0 0
checker 2 player 6 4 0 0 0 2 2 2 3 1 0 0 0 0 0 0 0 0 -2 -2 -1 -3 2 2 -2 -2 -3 1
checker 2 opponent 2 1 0 3 2 2 -2 -2 3 1 2 2 -1 0 0 0 0 0 0 0 -1 -3 -2 -2 -2 0 0 0
checker 2 player 6 6 0 0 0 2 2 2 3 1 0 0 0 0 0 0 0 1 -2 0 -2 -4 2 2 -2 -2 -3 0
checker 2 player 6 4 0 0 0 0 2 2 2 1 1 0 0 0 -3 2 0 -2 -2 -3 -2 -3 2 2 0 0 1 0
checker 2 opponent 3 2 0 0 0 0 -2 -2 3 2 3 2 2 -1 -2 3 0 0 0 -1 -1 -2 -2 -2 0 0 0 0
checker 2 player 6 4 0 0 0 0 2 2 2 1 1 0 0 0 -3 2 1 0 -2 -4 -3 -3 2 2 0 0 0 0
checker 2 opponent 5 1 0 0 0 0 -2 -2 3 3 4 2 0 -1 0 3 0 0 -1 -1 -2 -2 -2 -2 0 0 0 0
checker 2 player 4 2 0 0 0 0 2 2 2 2 1 1 0 0 -3 0 1 0 -2 -3 -2 -4 2 2 -1 0 0 0
checker 2 opponent 2 1 0 0 0 1 -2 -2 4 2 3 2 0 -1 0 3 0 0 0 -1 -2 -2 -2 -2 -1 0 0 0
checker 2 player 3 1 0 0 0 1 2 2 2 2 1 0 0 0 -3 0 1 0 0 -4 -3 -4 2 2 -1 0 0 0
checker 2 opponent 4 1 0 0 0 1 -2 -2 4 3 4 0 0 -1 0 3 0 0 0 -1 -1 -2 -2 -2 -2 0 0 0
checker 2 player 5 3 0 0 0 2 2 2 2 1 1 0 0 0 -3 0 1 0 0 -3 -3 -4 2 2 -2 0 0 0
checker 2 opponent 6 1 0 0 0 2 -2 -2 4 3 3 0 0 0 0 3 -1 0 0 -1 0 -2 -2 -2 -2 -1 0 0
checker 2 player 6 3 0 0 1 2 2 2 2 0 1 0 0 1 -2 0 0 0 0 -3 -3 -5 2 2 -2 0 0 0
checker 2 opponent 1 1 0 0 0 2 -2 -2 5 3 3 0 0 0 0 2 0 0 0 -1 0 -2 -2 -2 -2 -2 0 0
checker 2 player 6 2 0 0 2 2 2 2 2 0 1 0 0 0 0 0 -2 0 0 -3 -3 -5 2 2 -2 0 0 0
checker 2 player 6 4 0 0 0 0 2 0 2 -1 2 0 0 0 -1 2 -1 -2 -2 -3 -2 -3 3 2 0 0 1 1
checker 2 opponent 5 4 0 -1 0 0 -3 -2 3 2 3 2 2 -1 -2 1 0 0 0 -2 1 -2 0 -2 0 0 0 1
checker 2 player 5 3 0 0 0 0 2 -1 2 0 2 0 0 -1 -1 2 1 -2 -2 -3 -2 -3 2 3 0 0 1 0
checker 2 opponent 4 3 0 -1 0 0 -3 -2 3 2 3 2 2 0 -2 1 1 0 -1 -1 0 -2 -1 -2 0 0 0 1
checker 2 player 4 2 0 0 0 -1 2 1 2 0 1 1 0 0 -1 2 0 -3 -2 -3 -2 -3 2 3 0 0 1 0
checker 2 opponent 2 1 0 0 0 -1 -3 -2 3 2 3 2 3 0 -1 1 0 0 -2 -1 0 -2 -1 -2 1 0 0 0
checker 2 player 5 1 0 0 0 -1 2 1 2 0 1 2 0 0 0 -1 0 -2 -2 -4 -2 -3 2 3 1 0 0 1
checker 2 opponent 6 4 0 0 0 -1 -3 -3 3 2 4 2 2 0 1 0 0 0 -2 0 -1 -2 -1 -2 1 0 0 0
checker 2 player 3 2 0 0 0 -1 2 1 2 1 0 2 0 0 0 0 0 -2 -2 -4 -2 -3 3 3 1 -1 0 0
checker 2 opponent 4 4 0 0 1 -1 -3 -3 3 2 4 2 2 0 0 0 0 0 0 0 -2 -3 -1 -2 1 0 0 0
checker 2 player 5 3 0 0 0 -1 2 1 3 2 0 0 0 0 0 0 0 0 -2 -4 -2 -3 3 3 1 -3 0 0
checker 2 opponent 5 4 0 0 3 -1 -3 -2 3 2 4 2 -1 0 0 0 0 0 0 0 -2 -2 -1 -2 -1 0 0 1
checker 2 opponent 2 1 0 0 3 1 -4 -3 3 1 4 2 -1 0 0 0 0 0 0 0 -2 -2 1 -2 -1 0 0 0
checker 2 player 6 2 0 0 0 1 2 -1 2 2 0 0 0 0 0 0 0 1 -2 -2 -2 -4 3 4 -1 -3 0 0
checker 2 opponent 5 4 0 0 3 1 -3 -3 4 2 2 2 -2 0 0 0 0 0 0 0 -1 -2 -1 -2 -1 0 0 1
checker 2 player 6 4 0 0 0 1 2 0 2 1 0 -1 0 0 0 0 0 2 -2 -2 -2 -4 3 3 -1 -3 0 1
checker 2 opponent 2 1 0 0 3 1 -4 -3 4 2 2 2 -1 0 0 0 0 0 -1 0 -1 -2 0 -2 -1 0 0 1
checker 2 player 3 1 0 0 -1 1 2 0 2 1 0 1 0 0 0 0 0 1 -2 -2 -2 -4 3 4 -1 -2 -1 0
checker 2 opponent 3 2 0 1 2 1 -4 -3 4 2 2 2 -1 0 0 0 0 0 -1 0 0 -2 0 -2 -2 1 0 0
checker 2 player 3 2 0 0 0 2 2 -1 2 0 0 1 0 0 0 0 0 1 -2 -2 -2 -4 3 4 0 -2 -2 0
checker 2 opponent 6 4 0 2 2 0 -4 -3 4 2 2 2 0 0 -1 0 0 0 0 0 0 -3 1 -2 -2 0 0 0
checker 2 player 1 1 0 0 0 2 2 0 3 0 0 0 0 0 0 1 0 -1 -2 -2 -2 -4 3 4 0 -2 -2 0
checker 2 opponent 4 3 0 2 2 0 -3 -4 4 2 2 2 1 0 0 0 -1 0 0 0 0 -2 -1 -2 -2 0 0 0
checker 2 player 5 4 0 0 0 2 2 1 2 0 0 0 0 1 0 0 0 0 -2 -2 -2 -4 4 3 -1 -2 -2 0
checker 2 opponent 6 2 0 2 2 1 -3 -3 4 2 2 2 0 0 0 0 -2 0 0 0 0 -2 -1 -2 -2 0 0 0
checker 2 player 4 2 0 0 0 2 2 1 2 0 0 0 0 2 0 0 0 0 0 -2 -3 -4 3 3 -2 -2 -2 0
checker 2 opponent 6 6 0 2 2 2 -3 -3 4 3 2 0 0 0 0 0 -1 0 0 0 0 -2 -2 -2 -2 0 0 0
checker 2 player 6 6 0 0 0 2 2 2 2 0 0 0 0 1 0 0 0 0 0 0 -1 -4 3 3 -2 -4 -4 0
checker 2 opponent 4 3 0 4 4 2 -2 -2 4 1 0 0 0 0 0 0 -1 0 -1 -1 0 -2 -2 -2 -2 0 0 0
checker 2 player 5 1 0 0 0 2 2 2 2 0 1 1 0 1 0 0 0 0 0 0 0 -4 2 2 -2 -4 -4 0
checker 2 opponent 4 1 0 4 4 2 -2 -2 4 0 0 0 0 0 0 0 0 0 -1 0 -1 -3 -2 -2 -2 0 0 0
checker 2 player 4 4 0 0 0 2 2 2 3 1 0 1 0 0 0 0 0 0 0 0 0 -3 2 2 -2 -5 -3 0
checker 2 opponent 2 1 0 0 0 0 -2 -3 3 2 3 2 2 0 0 3 0 0 0 0 -1 -2 -3 -2 0 -2 0 0
checker 2 player 6 6 0 0 2 0 2 3 2 1 0 0 0 0 -2 0 0 -3 -2 -3 -2 -3 3 2 0 0 0 0
checker 2 player 3 1 0 0 0 0 2 2 2 1 1 0 0 0 -2 2 0 -2 -3 -2 -3 -3 2 2 0 0 1 0
checker 2 opponent 6 6 0 -1 0 0 -2 -2 3 3 2 3 2 0 -1 2 0 0 -1 -1 -1 -2 -2 -2 0 0 0 0
checker 2 player 4 1 0 0 0 0 2 2 2 1 1 1 0 0 0 1 0 -2 -3 -2 -3 -3 2 2 0 0 -2 1
checker 2 opponent 2 1 0 2 0 0 -2 -3 3 3 2 3 2 0 -1 0 0 0 -1 -1 -1 -2 -2 -2 0 0 0 0
checker 2 player 6 1 0 0 0 0 2 2 2 1 1 1 0 0 0 1 0 0 -4 -3 -3 -3 3 2 0 0 -2 0
checker 2 opponent 6 5 0 2 0 0 -2 -2 3 3 3 4 0 -1 -1 0 0 0 -1 -1 -1 -2 -2 -1 -1 0 0 0
checker 2 player 5 2 0 0 0 1 1 2 2 1 1 1 0 0 0 1 1 0 -3 -3 -2 -3 2 2 -1 -1 -2 0
checker 2 opponent 3 2 0 2 1 1 -2 -2 3 2 3 3 0 -1 0 0 -1 0 0 -1 -1 -2 -2 -2 -1 0 0 0
checker 2 player 4 2 0 0 0 1 2 2 2 1 1 0 0 1 0 0 1 0 -2 -2 -2 -5 2 2 -1 -1 -2 0
checker 2 opponent 2 1 0 2 1 1 -2 -2 5 2 2 2 0 0 0 0 -1 -1 0 -1 -1 -2 -1 -2 -2 0 0 0
checker 2 player 6 4 0 0 0 2 2 1 2 1 1 0 1 1 0 0 0 0 0 -3 -3 -5 2 2 -1 -1 -2 0
checker 2 opponent 5 4 0 2 1 1 -2 -2 5 3 3 0 0 0 0 0 0 0 0 -1 -1 -3 -2 -2 -2 0 0 0
checker 2 player 6 6 0 0 0 2 2 2 3 1 1 0 0 0 0 0 0 0 0 -2 -2 -5 2 2 -3 -1 -2 0
checker 2 opponent 4 3 0 0 0 0 -2 -2 3 2 3 2 2 -1 0 3 0 0 0 0 -2 -2 -2 -2 0 -2 0 0
checker 2 player 5 1 0 0 2 0 2 2 2 2 0 0 0 0 -2 0 1 -2 -2 -3 -2 -4 2 2 0 0 0 0
checker 2 opponent 5 2 0 0 0 0 -2 -2 4 2 3 2 2 0 0 2 0 0 0 -1 -2 -2 -2 -2 0 -2 0 0
checker 2 player 3 2 0 0 2 0 2 2 2 2 1 0 0 0 -2 0 0 -2 -2 -2 -2 -4 2 2 0 0 -1 0
checker 2 opponent 6 2 0 1 0 0 -2 -2 4 2 2 2 2 0 0 2 0 0 0 0 -2 -2 -2 -2 -1 -2 0 0
checker 2 player 4 1 0 0 2 1 2 2 2 2 0 0 0 0 -2 0 0 -2 0 -2 -3 -4 2 2 -1 0 -1 0
checker 2 player 6 4 0 0 0 2 0 -1 3 0 3 0 0 0 -3 2 0 0 -2 -2 -3 -2 2 3 -2 0 0 0
checker 2 opponent 5 5 0 0 0 2 -2 -2 2 3 2 2 0 0 -2 3 -1 0 0 -3 0 -3 1 0 -2 0 0 0
checker 2 player 5 4 0 0 0 2 0 0 3 0 3 0 0 1 -2 2 0 -1 -2 -3 -2 -2 2 2 -2 -1 0 0
checker 2 opponent 2 1 0 -1 0 0 -2 -3 3 2 3 2 2 0 -2 2 0 0 0 0 -2 -2 -1 -2 0 1 0 0
checker 2 player 6 3 0 0 0 -1 2 1 2 2 0 0 0 0 -2 2 0 -2 -2 -2 -2 -4 3 2 0 0 1 0
checker 2 opponent 6 4 0 -1 0 0 -2 -2 4 2 2 2 2 0 -2 2 -1 0 0 0 -2 -2 -1 -2 1 0 0 0
checker 2 player 4 3 0 0 0 0 2 1 2 2 0 -1 0 1 -2 2 0 -2 -2 -2 -2 -3 2 2 0 -1 1 0
checker 2 opponent 6 2 0 -1 1 0 -2 -2 3 2 2 2 2 0 0 2 -1 -1 -1 0 -2 -2 -1 -2 0 0 0 1
checker 2 player 3 2 0 0 0 0 2 1 2 2 -1 1 1 1 -2 0 0 -2 -2 -2 -2 -3 2 2 0 -1 1 0
checker 2 opponent 1 1 0 -1 1 0 -2 -2 3 2 2 2 2 0 0 2 -1 0 -1 0 -2 -2 -2 -2 0 0 0 1
checker 2 player 2 2 0 0 0 -1 2 2 2 2 0 1 0 1 -2 0 0 -2 -2 -2 -2 -3 2 2 0 0 -1 1
checker 2 opponent 2 1 0 1 -1 0 -2 -2 3 2 2 2 2 0 0 2 -1 0 0 0 -2 -2 -2 -2 -1 0 0 1
checker 2 player 6 4 0 0 0 -1 2 2 2 2 0 0 0 1 -2 0 0 -2 -2 -2 -2 -3 2 2 0 1 -1 1
checker 2 player 5 3 0 0 0 0 2 2 2 1 1 0 0 0 -3 2 0 -2 -2 -3 -2 -3 2 2 0 0 1 0
checker 2 opponent 3 3 0 -1 0 0 -2 -2 3 2 3 2 2 0 -2 3 0 0 0 0 -1 -1 -2 -2 -2 0 0 0
checker 2 player 1 1 0 0 0 2 2 2 1 1 0 0 0 0 0 2 0 -4 -2 -3 -3 -3 2 2 0 0 1 0
checker 2 opponent 3 3 0 -1 0 0 -2 -2 3 3 3 2 4 0 -1 0 0 -1 0 0 0 -2 -2 -2 -2 0 0 0
checker 2 player 4 1 0 0 0 2 2 2 2 0 0 0 1 0 0 1 0 -4 0 -3 -3 -3 2 2 -2 0 1 0
checker 2 opponent 6 3 0 -1 0 2 -2 -2 3 3 3 0 4 0 0 0 0 -1 0 -1 0 -2 -2 -2 -2 0 0 0
checker 2 player 3 2 0 0 0 2 2 2 2 0 1 0 1 0 0 0 0 -3 0 -3 -3 -3 2 2 -2 0 -1 1
checker 2 opponent 6 5 0 1 0 2 -2 -3 3 3 3 0 3 0 0 0 0 -1 0 -1 0 -2 -2 -2 -2 0 0 0
checker 2 player 3 2 0 0 0 2 2 2 2 0 1 0 1 0 0 0 0 -3 0 -2 -2 -3 3 2 -2 -2 -1 0
checker 2 opponent 5 2 0 1 2 2 -2 -3 3 2 2 0 3 0 0 0 0 0 0 0 -1 -3 -2 -2 -2 0 0 0
checker 2 player 4 3 0 0 0 2 2 2 3 1 0 0 0 0 0 0 0 -3 0 0 -2 -4 3 2 -3 -2 -1 0
checker 2 opponent 6 2 0 1 2 3 -2 -2 4 2 -1 0 3 0 0 0 0 0 0 0 -1 -2 -2 -2 -2 -1 0 0
checker 2 player 5 3 0 0 1 2 2 2 2 1 0 0 0 0 0 0 0 -2 0 -1 -1 -4 2 2 -3 -2 -2 1
checker 2 opponent 4 2 0 2 2 3 -2 -2 4 1 -1 0 2 0 0 0 0 0 0 0 -1 -2 -2 -2 -2 -1 0 1
checker 2 opponent 5 4 1 2 2 4 -2 -2 4 0 -1 0 2 0 0 0 0 0 0 0 -1 -2 -2 -2 -2 1 0 0
checker 2 opponent 3 3 2 2 2 4 -2 -2 5 0 -1 0 1 0 0 0 0 0 0 0 1 -2 -2 -2 -2 0 0 0
checker 2 opponent 4 3 2 2 2 4 -2 -2 6 0 -1 0 1 0 0 0 0 0 0 0 0 -2 -2 -2 -2 0 0 0
checker 2 opponent 6 1 1 2 2 5 -3 -2 2 0 -1 0 0 0 0 0 0 0 0 0 0 -2 -2 -2 -2 0 0 0
checker 2 player 5 3 0 0 0 2 2 2 2 0 0 0 0 0 0 0 0 0 0 1 0 -1 2 3 -4 -3 -2 1
checker 2 opponent 6 4 0 2 3 4 -2 -3 1 -1 -1 0 0 0 0 0 0 0 0 0 0 -2 -2 -2 -2 0 0 0
checker 2 player 3 1 0 0 2 0 2 2 2 2 0 0 0 0 -2 0 0 -2 -2 -2 -3 -4 2 3 0 0 0 0
checker 2 opponent 6 1 0 0 0 0 -2 -3 4 3 2 2 2 0 0 2 0 0 0 0 -1 -2 -2 -3 0 -2 0 0
checker 2 player 6 4 0 0 2 0 3 2 2 1 0 0 0 0 0 -1 0 -2 -2 -2 -4 -4 3 2 0 0 0 0
checker 2 opponent 3 1 0 0 0 0 -2 -2 4 4 2 2 2 0 1 0 0 -1 0 0 -1 -2 -2 -3 0 -2 0 0
checker 2 player 4 2 0 0 2 0 3 2 2 1 0 0 1 0 0 0 0 -2 -2 -3 -4 -4 2 2 0 0 0 0
checker 2 opponent 5 5 0 0 0 0 -2 -2 4 4 3 2 2 0 0 0 0 0 0 -1 0 -2 -2 -3 -1 -2 0 0
checker 2 player 4 4 0 0 2 1 3 2 2 0 1 0 0 0 0 0 0 -2 -2 -2 -2 -3 2 2 -1 -2 -1 0
checker 2 opponent 3 2 0 1 2 1 -2 -2 3 2 2 2 2 0 0 0 0 0 0 0 0 -1 0 -4 -1 -3 -2 0
checker 2 player 3 2 0 2 3 1 4 0 1 0 0 0 0 0 0 0 0 -2 -2 -2 -2 -2 2 2 -1 -2 -2 0
checker 2 opponent 4 1 0 2 2 1 -2 -2 2 2 2 2 2 0 0 0 0 0 0 0 0 0 0 -3 -2 -4 -2 0
checker 2 player 6 4 0 0 0 2 0 -2 3 0 3 0 0 0 0 2 0 -1 -2 -3 -3 -2 2 3 -2 0 0 0
checker 2 opponent 5 1 0 0 0 2 -2 -2 2 3 3 2 -1 0 -2 0 0 0 0 -2 0 -3 2 -1 -2 0 0 1
checker 2 player 6 1 0 0 0 2 1 -3 3 0 2 0 0 0 0 2 0 1 -2 -3 -2 -3 2 2 -2 0 0 0
checker 2 player 5 4 0 0 -1 0 2 0 2 2 2 0 0 0 0 1 -1 -2 -2 -3 -3 -3 3 2 0 0 1 0
checker 2 opponent 4 1 0 0 0 0 -2 -4 3 3 3 2 2 1 0 0 0 0 0 -3 -2 -2 0 -2 0 1 0 0
checker 2 player 5 3 0 0 0 -1 2 0 2 2 3 0 0 0 0 0 0 -2 -2 -3 -4 -3 4 2 0 0 0 0
checker 2 opponent 5 4 0 0 0 0 -2 -4 3 4 3 2 2 0 0 0 0 0 0 -1 -2 -2 -1 -2 -1 0 0 1
checker 2 player 5 3 0 0 0 1 2 -1 2 2 1 0 0 0 0 0 0 -2 -2 -3 -3 -3 4 2 -1 0 0 1
checker 2 opponent 1 1 0 0 0 1 -2 -5 3 3 3 2 2 0 0 0 0 0 0 0 -2 -2 -1 -2 -1 0 0 1
checker 2 player 4 3 0 0 -1 1 2 1 2 2 0 0 0 0 0 0 0 -2 -2 -3 -3 -3 5 2 0 0 -1 0
checker 2 opponent 4 1 0 1 0 0 -2 -5 3 3 3 2 2 0 0 0 0 0 0 0 0 -2 -1 -3 -2 1 0 0
checker 2 player 6 6 0 0 -1 2 3 1 2 0 0 0 0 0 0 0 0 -2 -2 -3 -2 -3 5 2 0 -1 -1 0
checker 2 opponent 4 2 0 1 1 0 -2 -2 3 2 3 2 2 -2 0 0 0 0 0 -1 0 -2 -1 -3 -2 1 0 0
checker 2 player 4 4 0 0 -1 2 3 1 2 0 1 0 0 0 0 0 2 -2 -2 -2 -2 -3 2 2 0 -2 -1 0
checker 2 opponent 4 1 0 1 2 0 -2 -2 3 2 2 2 2 0 0 0 0 -1 0 -1 0 -2 -1 -3 -2 -1 0 1
checker 2 player 3 2 0 0 1 2 3 -1 2 0 1 0 1 0 0 0 0 -2 -2 -2 -2 -3 2 2 0 -2 -1 1
checker 2 opponent 5 4 0 1 2 -1 -2 -2 3 2 2 2 2 0 0 0 0 -1 0 -1 0 -2 1 -2 -2 -2 0 0
checker 2 player 5 1 0 0 2 2 2 0 2 0 1 0 0 0 0 0 -1 -2 -2 -2 -2 -3 2 2 1 -2 -1 1
checker 2 opponent 3 1 0 1 2 0 -3 -3 3 2 2 2 2 1 0 0 0 0 0 -1 0 -2 0 -2 -2 -2 0 0
checker 2 player 6 3 0 0 2 2 2 0 2 0 1 0 0 0 0 0 0 -2 -2 -2 -3 -3 3 3 0 -2 -1 0
checker 2 opponent 6 1 0 1 2 0 -3 -2 3 3 2 2 2 -1 0 0 0 0 0 0 0 -2 -1 -2 -2 -2 0 0
checker 2 player 5 2 0 0 2 2 2 1 2 0 0 0 0 0 0 0 1 -2 0 -3 -3 -3 2 3 -1 -2 -1 0
checker 2 opponent 4 2 0 1 2 1 -2 -2 3 3 3 -1 2 0 0 -1 0 0 0 0 0 -2 -1 -2 -2 -2 0 0
checker 2 player 5 4 0 0 2 2 2 1 2 0 0 0 0 0 1 0 0 0 1 -4 -3 -4 2 2 -1 -2 -1 0
checker 2 opponent 4 4 0 1 2 1 -2 -2 4 3 4 0 0 0 0 0 -1 0 0 -1 0 -2 -1 -2 -2 -2 0 0
checker 2 player 5 4 0 0 2 2 2 1 2 0 1 0 0 1 0 0 0 0 0 -4 0 -3 2 2 -4 -3 -1 0
checker 2 player 4 4 0 0 0 2 0 -1 3 0 3 0 0 0 -3 2 0 0 -2 -2 -3 -2 2 3 -2 0 0 0
checker 2 opponent 6 1 0 0 0 2 -3 -2 2 3 2 2 0 0 0 3 0 0 0 -3 0 -3 -2 0 -2 0 0 1
checker 2 player 5 1 0 0 0 2 0 2 3 -1 3 0 0 0 -3 0 0 0 -2 -2 -3 -2 2 3 -2 0 0 0
checker 2 opponent 4 1 0 0 0 0 -3 -2 3 2 3 2 2 0 0 3 0 0 0 0 -2 -2 -2 -2 0 -2 0 0
checker 2 player 6 2 0 0 2 0 2 2 2 2 0 0 0 0 -2 0 0 -2 -3 -2 -3 -3 2 3 0 0 0 0
checker 2 opponent 5 2 0 0 1 0 -2 -2 4 3 2 3 2 0 0 0 0 0 0 0 -1 -2 -2 -3 -1 -2 0 0
checker 2 player 5 2 0 0 2 1 3 2 2 1 0 0 0 0 0 0 0 -2 -2 -2 -3 -4 2 2 0 -2 0 0
checker 2 opponent 6 6 0 0 2 0 -2 -2 4 3 2 2 2 0 0 0 0 0 0 0 0 -1 -3 -3 -1 -2 -1 0
checker 2 player 6 4 0 1 2 1 3 3 1 0 0 0 0 0 0 0 0 -2 0 -2 -1 -4 2 2 -2 -2 -2 0
checker 2 opponent 2 2 0 -1 0 0 -2 -2 3 2 3 2 2 0 -2 3 0 0 0 -1 -1 -2 -2 -2 0 0 0 0
checker 2 player 4 2 0 0 0 0 2 2 2 1 1 0 0 0 0 2 -2 -2 -3 -3 -2 -3 2 2 0 0 1 0
checker 2 opponent 5 4 0 -1 0 0 -2 -2 3 2 3 3 2 2 -1 0 0 0 0 -1 -2 -2 -2 -2 0 0 0 0
checker 2 player 4 2 0 0 0 0 2 2 2 2 1 0 0 0 0 1 0 -2 -3 -3 -3 -4 2 2 0 0 1 0
checker 2 opponent 5 3 0 -1 0 0 -2 -2 4 3 3 3 2 0 0 0 -1 0 0 -1 -1 -2 -2 -2 -1 0 0 0
checker 2 player 5 2 0 0 0 1 2 2 2 1 1 0 0 1 0 0 0 -2 -2 -3 -3 -4 2 2 0 0 -1 1
checker 2 opponent 2 2 0 1 -1 0 -2 -2 4 3 3 2 2 0 0 0 -1 0 0 0 -1 -2 -2 -2 -2 0 0 0
checker 2 player 6 4 0 0 0 2 2 2 2 1 0 0 0 1 0 0 0 0 0 -5 -5 -4 2 2 0 1 -1 0
checker 2 opponent 6 6 0 1 -1 0 -2 -2 4 5 5 0 0 0 0 0 0 0 0 0 0 -2 -3 -2 -3 0 0 0
checker 2 player 5 1 0 0 0 3 2 3 2 0 0 0 0 0 0 0 0 0 0 -2 -4 -4 2 2 0 -3 -2 1
checker 2 opponent 1 1 0 2 3 0 -2 -3 4 4 2 0 0 0 0 0 0 0 0 0 0 -2 -3 -2 -2 -1 0 0
checker 2 player 6 3 0 0 1 2 2 3 2 0 0 0 0 0 0 0 0 0 0 0 -4 -6 3 2 0 -3 -2 0
checker 2 player 6 1 0 0 0 0 2 -1 2 1 2 0 0 0 -2 2 0 -2 -2 -2 -3 -3 3 2 0 0 1 0
checker 2 opponent 4 2 0 -1 0 0 -2 -2 3 3 2 2 2 -1 -2 2 0 0 0 -2 -1 -1 -1 -2 0 0 0 1
checker 2 player 4 3 0 0 0 0 2 1 -1 1 2 0 0 0 -2 2 1 -2 -2 -2 -3 -3 2 2 0 0 1 1
checker 2 opponent 3 2 0 -1 0 -1 -2 -2 3 3 2 2 2 0 -2 2 0 -1 0 -2 -1 1 -1 -2 0 0 0 0
checker 2 opponent 4 2 0 1 -1 0 -3 -2 2 3 2 2 2 0 -2 2 0 -1 0 -2 -1 1 -1 -2 0 0 0 0
checker 2 player 3 2 0 0 0 0 2 1 -1 1 2 0 1 0 -1 2 0 -2 -2 -2 -4 -2 2 3 0 1 -1 0
checker 2 opponent 3 2 0 1 -1 0 -3 -2 2 4 2 2 2 0 -2 1 0 -1 0 0 -1 -1 -2 -2 0 0 0 1
checker 2 player 6 4 0 0 0 -1 2 2 1 1 0 0 1 0 0 2 -1 -2 -2 -2 -4 -2 2 3 0 1 -1 0
checker 2 opponent 6 1 0 0 0 2 -3 -2 2 3 2 2 0 0 -2 2 0 0 0 -2 0 -3 2 0 -3 0 0 0
checker 2 player 3 2 0 0 0 3 0 -1 3 0 2 0 0 0 -3 2 0 0 -2 -2 -3 -2 2 3 -2 0 0 0
checker 2 opponent 1 1 0 0 0 2 -3 -2 2 3 2 2 0 0 -2 3 0 0 0 -1 0 -3 -1 0 -2 0 -1 1
checker 2 opponent 2 2 1 0 2 0 -3 -2 2 3 2 2 0 0 -2 3 0 0 0 -1 0 -3 -1 0 -2 1 0 0
checker 2 player 4 1 0 0 -1 2 0 1 3 0 1 0 0 0 0 2 -2 0 -3 -2 -3 -2 2 3 0 -2 0 1
checker 2 opponent 5 5 0 -1 2 0 -3 -2 2 3 2 3 0 2 -2 0 0 0 0 0 0 -3 -1 -1 -2 1 0 0
checker 2 opponent 5 5 1 2 2 0 -3 -2 2 3 2 3 0 0 -2 0 0 0 0 0 0 -3 -1 -1 -2 1 0 0
checker 2 opponent 5 2 1 2 2 2 -3 -2 2 3 0 3 0 0 -2 1 0 0 0 0 0 -3 -1 -1 -2 0 0 0
checker 2 opponent 6 5 1 2 2 2 -3 -2 3 3 0 3 0 0 -2 0 0 0 0 0 0 -3 -1 -1 -2 0 0 0
checker 2 opponent 4 2 1 2 3 3 -3 -2 3 2 0 2 0 0 -2 0 0 0 0 0 0 -3 -1 -1 -2 0 0 0
checker 2 opponent 3 2 1 2 3 4 -3 -2 3 2 0 1 0 0 -2 0 0 0 0 0 0 -3 -1 -1 -2 0 0 0
checker 2 player 5 3 0 0 0 2 1 1 3 0 0 0 0 0 0 2 0 0 0 0 -2 -4 2 3 -3 -3 -3 1
checker 2 opponent 5 5 0 3 3 3 -3 -3 4 2 0 0 0 0 -1 0 0 -1 0 0 0 -3 -1 -1 -2 0 0 0
checker 2 player 3 3 0 0 0 2 1 1 3 0 0 0 1 0 0 1 0 0 0 0 0 -2 3 3 -3 -5 -5 0
checker 2 opponent 3 1 0 5 5 3 -3 -2 2 0 -1 0 0 0 0 0 0 -1 0 0 0 -3 -1 -2 -2 0 0 0
checker 2 player 5 1 0 0 0 2 2 1 3 0 0 0 1 0 0 0 0 0 0 1 0 -2 2 3 -2 -5 -4 0
checker 2 opponent 6 1 0 4 5 2 -2 -2 2 0 -1 -1 0 0 0 0 0 -1 0 0 0 -2 -2 -2 -2 0 0 0
checker 2 player 4 4 0 0 0 2 2 2 2 0 0 0 1 0 0 0 0 0 1 1 0 -1 2 2 -2 -5 -3 0
checker 2 opponent 6 3 0 3 5 2 -2 -2 1 0 0 0 0 0 0 0 0 -1 -1 -1 0 -2 -2 -2 -2 0 0 0
checker 2 player 2 1 0 0 2 0 2 2 2 2 0 0 0 0 -2 0 0 -2 -2 -3 -2 -4 2 3 0 0 0 0
checker 2 opponent 6 2 0 0 0 0 -2 -3 4 2 3 2 2 0 0 2 0 0 0 0 -1 -2 -3 -2 0 -2 0 0
checker 2 player 4 1 0 0 2 0 2 3 2 1 0 0 0 0 -1 0 0 -2 -2 -2 -3 -5 3 2 0 0 0 0
checker 2 opponent 3 3 0 0 0 0 -2 -3 5 3 2 2 2 0 0 1 0 0 0 0 0 -2 -2 -3 -1 -2 0 0
checker 2 player 6 4 0 0 2 1 3 2 2 0 0 0 0 0 0 0 0 -2 -2 -2 -4 -3 3 2 -2 0 0 0
checker 2 opponent 2 1 0 0 0 2 -2 -2 3 4 2 2 2 0 0 0 0 -1 0 0 0 -2 -2 -3 -1 -2 0 0
checker 2 player 6 2 0 0 2 1 3 2 2 0 0 0 1 0 0 0 0 0 -3 -3 -4 -3 2 2 -2 0 0 0
checker 2 opponent 4 4 0 0 0 2 -2 -2 3 4 3 3 0 0 0 0 0 0 0 0 0 -2 -2 -3 -1 -3 0 0
checker 2 opponent 6 4 0 0 3 3 -2 -2 0 3 3 3 0 0 0 0 0 0 0 0 0 0 0 -3 -1 -5 -2 0
checker 2 player 6 6 0 0 0 0 2 2 2 1 1 0 0 0 -2 2 0 -2 -3 -2 -3 -3 2 2 0 0 1 0
checker 2 opponent 1 1 0 -1 0 0 -2 -3 3 2 3 2 2 0 -2 2 0 0 0 -2 -1 -1 0 -1 -1 -1 0 1
checker 2 player 5 1 0 -1 1 1 1 0 1 1 2 0 0 0 -2 2 0 -1 -2 -3 -3 -3 3 2 0 0 1 0
checker 2 opponent 5 4 0 -1 0 0 -2 -2 3 3 3 2 -1 0 -2 2 0 0 0 -2 0 -2 0 -1 -1 -1 1 1
checker 2 player 5 4 0 -1 1 1 -1 0 2 0 2 0 0 0 -2 2 0 1 -2 -2 -3 -3 2 2 -1 0 1 1
checker 2 opponent 4 2 0 -1 0 1 -2 -3 3 3 2 2 0 0 -2 2 -1 0 0 -2 0 -2 0 1 -1 -1 1 0
checker 2 player 5 2 0 0 1 1 -1 0 2 -1 2 0 0 1 -2 2 0 0 -2 -2 -3 -3 3 2 -1 0 1 0
checker 2 opponent 2 2 0 0 0 -1 -2 -2 3 3 2 2 -1 0 -2 2 -1 0 0 -2 1 -2 0 1 -1 -1 0 1
checker 2 opponent 2 1 1 0 0 -1 -2 -3 3 3 2 2 -1 0 -2 2 1 0 0 -2 0 -2 0 2 -1 0 0 0
checker 2 opponent 5 4 0 -1 0 -2 -2 -3 3 3 2 2 1 0 -2 1 1 0 0 -2 0 -2 0 2 -1 0 0 0
checker 2 player 2 2 0 0 0 1 -2 0 2 0 2 0 0 0 -1 2 0 -2 -2 -2 -3 -2 3 2 2 0 -1 1
checker 2 opponent 6 4 0 1 -1 -2 -2 -3 2 3 2 2 2 0 0 1 -1 0 -1 -2 0 -2 0 2 -1 0 0 0
checker 2 player 6 3 0 0 0 1 -1 0 2 0 2 1 0 1 -1 0 -1 -2 -2 -2 -3 -2 3 2 2 1 -1 0
checker 2 opponent 6 5 0 1 -1 -2 -2 -2 2 3 2 2 2 0 0 1 -2 0 -1 -2 0 -2 0 1 -1 0 0 1
checker 2 player 5 4 0 0 0 1 0 -1 2 0 2 1 -1 2 -1 0 0 -2 -2 -2 -3 -2 2 2 2 1 -1 0
checker 2 opponent 3 1 0 1 -1 -2 -2 -2 2 3 2 2 2 0 0 1 -2 1 0 -2 0 -1 1 -1 -1 -1 0 0
checker 2 player 4 3 0 0 1 1 1 -1 1 0 2 0 0 2 -1 0 -1 -2 -2 -2 -3 -2 2 2 2 1 -1 0
checker 2 opponent 4 4 0 1 0 -2 -2 -3 2 3 2 2 2 1 0 1 -1 0 0 -2 -1 -1 1 -1 -1 -1 0 0
checker 2 player 3 3 0 0 1 1 1 0 1 1 2 0 0 1 0 -1 -1 -2 -3 -2 -3 -1 3 2 2 -1 -1 0
checker 2 opponent 5 2 0 1 1 0 -2 -3 -2 3 2 3 2 1 1 0 -1 0 0 0 -1 -1 -2 -1 -1 -1 0 1
checker 2 opponent 6 1 0 1 1 -1 -3 -3 -2 3 2 3 2 1 1 0 -1 0 0 0 1 -1 -2 -1 -1 0 0 0
checker 2 player 5 4 0 0 0 1 1 2 1 -1 0 0 0 1 0 -1 0 -3 -2 -2 -3 2 3 3 -1 -1 -1 1
checker 2 opponent 3 2 0 1 1 1 -4 -3 -2 3 2 2 3 0 1 0 0 0 0 0 1 -2 -2 -1 -1 0 0 0
checker 2 player 5 2 0 0 0 1 1 2 2 -1 0 0 0 0 0 -1 0 -2 -2 -2 -4 2 3 4 0 -1 -2 0
checker 2 opponent 2 1 0 2 1 0 -3 -3 -2 4 2 2 2 -1 1 0 0 0 0 0 1 -2 -2 -1 -1 0 0 0
checker 2 player 6 4 0 0 0 1 1 2 2 -1 0 0 0 0 0 0 0 -2 -3 -2 -4 2 3 3 0 -1 -2 1
checker 2 opponent 6 3 0 2 1 0 -4 -2 -2 4 2 3 2 -1 0 0 0 0 0 0 1 -2 -2 -1 -1 0 0 0
checker 2 player 6 1 0 0 0 1 1 2 2 0 0 0 -1 0 0 0 1 -2 -2 -2 -4 2 2 4 -1 -1 -2 0
checker 2 opponent 4 2 0 2 1 1 -3 -2 -2 4 2 2 2 -2 0 0 0 1 0 0 0 -2 -2 -1 -1 0 0 0
checker 2 player 5 5 0 0 0 1 1 2 2 0 0 0 0 0 -1 0 2 -2 -2 -2 -3 2 2 3 -2 -1 -2 0
checker 2 opponent 6 6 0 2 1 2 -3 -2 0 3 2 2 2 -3 0 1 0 0 0 0 0 -2 -2 -2 -1 0 0 0
checker 2 player 2 2 0 0 0 1 2 2 2 0 0 0 0 0 0 0 3 -2 0 -2 -3 0 2 3 -4 -1 -3 0
checker 2 opponent 6 6 0 3 1 4 -3 -2 0 3 2 0 2 -2 0 0 0 0 0 0 0 -3 -2 -2 -1 0 0 0
cube 2 player - - 0 0 0 1 2 2 3 0 0 0 0 0 0 0 2 -2 0 0 -1 0 2 3 -4 -3 -5 0
checker 2 player 6 1 0 0 0 1 2 2 3 0 0 0 0 0 0 0 2 -2 0 0 -1 0 2 3 -4 -3 -5 0
checker 2 opponent 3 1 0 5 3 4 -2 -3 0 1 0 0 2 -1 0 0 0 0 0 -1 0 -3 -2 -2 -1 0 0 0
checker 2 player 5 3 0 0 0 1 2 2 3 0 1 0 0 0 0 0 1 0 -1 0 -2 0 3 2 -4 -3 -5 0
checker 2 player 3 3 0 0 2 0 2 2 2 2 0 0 0 0 -2 0 0 -2 -2 -3 -2 -4 2 3 0 0 0 0
checker 2 opponent 4 1 0 0 0 0 -3 -2 4 2 3 2 2 0 0 2 0 0 0 0 -1 0 -2 -2 -2 -2 -1 0
checker 2 player 4 1 0 1 2 2 2 2 0 1 0 0 0 0 -1 0 0 -2 -3 -2 -3 -4 2 3 0 0 0 0
checker 2 opponent 6 1 0 0 0 0 -2 -3 4 3 2 3 2 0 0 1 0 0 0 0 0 0 -2 -2 -3 -2 -1 0
checker 2 opponent 3 2 0 0 0 1 -2 -2 4 3 2 2 2 0 1 0 0 0 -1 0 0 0 -2 -2 -3 -2 -1 0
checker 2 player 3 1 0 1 2 3 2 2 0 0 0 1 0 0 0 0 0 -3 -2 -2 -3 -3 2 2 -2 0 0 0
checker 2 opponent 6 6 0 0 0 2 -2 -2 3 3 2 2 3 0 0 0 0 0 0 0 0 0 -3 -2 -3 -2 -1 0
checker 2 player 3 2 0 1 2 3 2 3 0 0 0 0 0 0 0 0 0 -3 0 0 -3 -3 2 2 -4 -2 0 0
checker 2 opponent 4 1 0 0 2 4 -2 -2 3 3 0 0 3 0 0 0 0 0 0 0 0 0 -2 -2 -2 -3 -2 0
checker 2 player 6 1 0 2 3 2 2 2 0 0 0 0 0 0 0 0 0 -2 0 0 -3 -4 2 2 -3 -3 0 0
checker 2 opponent 2 1 0 0 0 2 -3 -2 2 3 2 2 0 0 -2 2 0 0 0 -2 0 -3 2 -1 -2 0 0 0
checker 2 player 5 4 0 0 0 2 1 -2 3 0 2 0 0 0 -1 2 -1 0 -2 -2 -2 -3 2 3 -2 0 0 0
checker 2 opponent 3 2 0 0 0 2 -3 -2 3 2 2 2 0 1 -1 1 0 0 0 -2 0 -3 2 -2 -2 0 0 0
checker 2 player 6 3 0 0 0 2 2 -2 3 0 2 0 0 0 0 1 -2 0 -2 -2 -2 -2 2 3 -3 0 0 0
checker 2 opponent 3 1 0 0 0 3 -2 -2 2 2 2 2 0 2 -1 -1 0 0 0 -2 0 -3 2 -2 -2 0 0 0
checker 2 player 3 2 0 0 0 2 2 -2 3 0 2 0 0 0 1 1 -2 0 0 -3 -2 -3 2 2 -3 0 0 0
checker 2 opponent 4 3 0 0 0 3 -2 -2 3 2 3 0 0 2 0 0 0 -2 0 -2 0 -3 2 -2 -2 0 0 0
checker 2 player 5 1 0 0 0 2 2 -2 3 0 2 0 2 0 0 0 0 0 0 -4 -3 -3 2 2 -3 0 0 0
checker 2 opponent 5 4 0 -1 0 0 -2 -3 3 2 3 2 2 0 0 2 -1 0 0 -3 -1 -2 0 -2 0 1 0 0
checker 2 opponent 6 5 0 -1 -1 0 -2 -4 3 2 3 2 2 0 0 2 1 0 0 -3 0 -2 0 -2 0 0 0 0
checker 2 opponent 6 5 0 1 1 -1 -2 -5 2 2 2 2 2 0 0 2 1 0 0 -3 0 -2 0 -2 0 0 0 0
checker 2 player 6 5 0 0 0 0 2 0 2 0 3 0 0 0 -2 0 0 -2 -2 -2 -2 -2 5 2 -1 -1 -1 1
checker 2 opponent 3 3 0 1 1 1 -2 -5 2 2 2 2 2 -1 0 2 0 0 0 -3 0 -2 0 -2 0 0 0 0
checker 2 player 4 3 0 0 0 0 2 0 2 0 3 0 0 0 -2 0 1 0 0 -2 -4 -4 5 2 -1 -1 -1 0
checker 2 opponent 4 1 0 1 1 1 -2 -4 4 4 2 -1 0 -1 0 2 0 0 0 -2 0 -2 -1 -2 0 0 0 0
checker 2 player 2 1 0 0 0 0 2 1 2 0 2 0 0 0 -2 0 1 0 1 -2 -3 -4 4 2 -2 0 -2 0
checker 2 opponent 2 1 0 2 0 2 -2 -4 4 3 2 0 0 -2 0 2 0 0 0 -1 -1 -2 -1 -2 0 0 0 0
checker 2 player 6 2 0 0 0 0 2 1 2 1 1 0 0 0 -2 0 2 0 0 0 -4 -5 4 2 -2 0 -2 0
checker 2 opponent 5 4 0 2 0 2 -2 -3 5 4 0 0 0 -3 0 2 0 0 0 -1 0 -2 -2 -2 0 0 0 0
checker 2 player 4 3 0 0 0 0 2 2 2 0 1 0 0 0 -2 0 3 0 0 0 -3 -4 3 2 -2 -2 -2 0
checker 2 opponent 4 3 0 2 2 2 -2 -3 4 3 0 0 0 -2 0 2 0 0 0 -1 -1 -2 -2 -2 0 0 0 0
checker 2 player 5 2 0 0 0 0 2 2 2 1 1 0 0 0 -1 0 2 0 0 0 -3 -5 3 2 -2 -2 -2 0
checker 2 opponent 4 1 0 2 2 2 -2 -3 5 3 0 0 0 -1 0 0 0 0 0 -1 -2 -2 -2 -2 0 0 0 1
cube 2 player - - 0 -1 0 0 2 2 2 2 1 0 0 0 0 0 1 0 0 0 -2 -5 3 2 -3 -2 -2 0
checker 2 player 6 2 0 -1 0 0 2 2 2 2 1 0 0 0 0 0 1 0 0 0 -2 -5 3 2 -3 -2 -2 0
checker 2 opponent 6 2 0 2 2 3 -2 -2 5 2 0 0 0 -1 0 -1 0 0 0 -1 -2 -2 -2 -2 0 0 1 0
checker 2 player 5 3 0 0 0 0 2 2 2 2 1 -1 0 0 1 0 1 0 0 0 -2 -5 2 2 -3 -2 -2 0
checker 2 opponent 3 1 0 2 2 3 -2 -2 5 2 0 0 0 0 0 0 0 0 -2 -1 -2 -2 -2 -2 0 0 0 1
cube 2 player - - 0 0 0 -1 2 2 2 2 1 2 0 0 0 0 0 0 0 0 -2 -5 2 2 -2 -3 -2 0
checker 2 player 4 2 0 0 0 -1 2 2 2 2 1 2 0 0 0 0 0 0 0 0 -2 -5 2 2 -2 -3 -2 0
checker 2 opponent 4 2 0 2 3 2 -2 -2 5 2 0 0 0 0 0 0 0 0 -1 -1 -2 -2 -2 -2 -1 0 0 1
cube 2 player - - 0 0 -1 1 2 2 2 2 1 1 0 0 0 0 0 0 0 0 -2 -4 2 2 -2 -4 -2 0
checker 2 player 3 2 0 0 -1 1 2 2 2 2 1 1 0 0 0 0 0 0 0 0 -2 -4 2 2 -2 -4 -2 0
checker 2 opponent 5 2 0 2 4 2 -2 -2 4 2 0 0 0 0 0 0 0 0 -1 0 -2 -2 -2 -2 -2 1 0 0
cube 2 player - - 0 0 -1 2 2 2 2 2 0 1 0 0 0 0 0 0 0 0 -2 -3 2 2 -1 -4 -4 0
checker 2 opponent 3 2 0 0 0 2 -3 -2 2 3 2 3 0 0 -2 2 0 0 0 -2 0 -3 -1 0 -2 0 0 1
checker 2 player 3 2 0 0 0 2 0 -1 3 0 2 0 0 0 -2 2 0 0 -3 -2 -3 -2 2 3 -2 0 0 1
checker 2 opponent 5 3 0 0 -1 2 -3 -2 2 3 2 3 0 0 -2 2 0 0 0 -1 0 -3 -1 0 -2 0 0 1
checker 2 opponent 6 3 0 0 -2 2 -4 -2 2 3 2 3 0 0 -2 2 0 0 0 1 0 -3 0 0 -2 0 0 0
checker 2 player 4 2 0 0 0 2 0 0 3 0 -1 0 0 0 -1 2 0 -1 -3 -2 -2 -2 2 4 -2 2 -1 0
checker 2 opponent 4 3 0 1 -2 2 -4 -2 2 2 2 3 1 0 0 1 -1 0 -1 1 0 -3 0 0 -2 0 0 0
checker 2 player 4 2 0 0 0 2 0 0 3 0 0 1 0 0 -1 0 0 -2 -3 -2 -2 -2 2 4 -2 2 -1 1
checker 2 opponent 5 2 0 1 -3 2 -4 -2 2 2 2 3 2 0 0 1 0 0 0 0 0 -3 -1 0 -2 0 0 0
checker 2 player 5 1 0 0 0 2 0 1 3 0 0 0 0 0 0 0 0 -2 -3 -2 -2 -3 2 4 -2 3 -1 0
checker 2 opponent 5 3 0 1 -3 2 -3 -3 3 2 2 3 2 0 0 0 0 0 0 0 0 -2 -1 0 -2 0 -1 0
checker 2 player 3 1 0 1 0 2 0 1 2 0 0 0 0 0 0 0 0 -2 -2 -2 -2 -3 3 3 -2 3 -2 0
checker 2 opponent 3 2 0 2 -2 2 -3 -4 3 2 2 2 2 0 0 0 0 0 0 0 0 -1 -2 0 -2 0 -1 0
checker 2 player 6 3 0 1 0 2 0 2 1 0 0 0 0 0 0 0 0 -2 -2 -2 -2 -2 4 3 -2 2 -3 0
checker 2 opponent 6 1 0 3 -2 2 -3 -3 2 2 2 2 2 0 0 0 -1 0 0 0 0 -1 -2 0 -2 0 -1 0
checker 2 player 3 2 0 1 0 2 0 2 1 0 0 0 0 1 0 0 0 -1 -2 -2 -2 -2 3 3 -3 2 -3 0
checker 2 opponent 4 3 0 3 -2 3 -3 -3 2 2 2 2 1 0 0 0 0 0 0 0 0 -2 -2 0 -2 0 -1 0
checker 2 player 6 2 0 1 0 2 0 2 2 0 0 0 0 0 0 0 0 0 -2 -2 -2 -2 3 3 -4 2 -3 0
checker 2 opponent 3 2 0 3 -2 4 -2 -3 2 2 2 2 0 0 -1 0 0 0 0 0 0 -2 -2 0 -2 0 -1 0
checker 2 player 6 3 0 1 0 2 0 2 2 0 0 0 0 0 0 1 0 0 0 -2 -3 -3 3 2 -4 2 -3 0
checker 2 opponent 2 2 0 3 -2 4 -2 -2 3 3 2 0 0 -1 0 0 0 -1 0 0 0 -2 -2 0 -2 0 -1 0
checker 2 player 3 1 0 1 0 2 0 2 2 0 0 0 1 0 0 0 1 0 0 0 -3 -5 2 2 -2 2 -5 0
checker 2 player 3 2 0 1 0 2 0 2 2 0 0 0 2 0 0 0 0 0 0 0 -3 -3 2 2 -3 2 -6 0
checker 2 player 6 4 0 1 0 2 0 2 2 1 1 0 0 0 0 0 0 0 0 0 -3 -2 2 2 -2 2 -8 0
checker 2 player 2 2 0 0 2 0 2 2 2 2 0 0 0 0 -1 0 0 -2 -3 -3 -3 -3 2 3 0 0 0 0
checker 2 opponent 3 1 0 0 0 0 -3 -2 3 3 3 3 2 0 0 1 0 0 0 0 0 -2 -2 -2 -2 -2 0 0
checker 2 opponent 3 3 0 0 0 0 -3 -2 3 3 3 4 2 0 0 0 0 0 0 0 0 0 0 -2 -2 -4 -2 0
checker 2 player 3 2 0 2 4 2 2 0 0 0 0 0 0 0 0 0 0 -2 -2 -3 -3 -3 2 3 -2 0 0 0
checker 2 opponent 6 2 0 0 0 2 -3 -2 3 3 3 2 2 0 0 0 0 0 0 0 0 0 0 0 -2 -5 -3 0
checker 2 player 6 2 0 0 0 0 2 2 2 1 1 0 0 0 -2 2 0 -3 -2 -3 -2 -2 2 2 0 0 -1 1
checker 2 opponent 5 1 0 1 -1 0 -2 -2 2 2 3 2 3 0 -1 2 0 0 0 -1 -2 -2 -2 -2 0 0 0 0
checker 2 player 6 2 0 0 0 0 2 2 2 2 1 0 0 0 -1 0 0 -3 -2 -3 -3 -2 2 2 0 1 -1 1
checker 2 opponent 6 4 0 1 -1 0 -2 -2 3 2 3 3 2 0 0 0 0 0 0 -2 -2 -2 -2 -2 1 0 0 0
checker 2 player 2 1 0 0 0 0 2 2 2 2 2 0 0 0 0 -1 0 -2 -3 -3 -2 -3 2 2 0 1 -1 0
checker 2 opponent 6 5 0 1 -1 0 -2 -2 3 2 3 3 2 0 1 0 0 0 0 -1 -2 -2 -3 -2 0 0 0 0
checker 2 player 6 2 0 0 0 0 2 3 2 2 1 0 0 0 0 0 0 -2 -3 -3 -2 -3 2 2 0 1 -2 0
checker 2 opponent 3 3 0 2 -1 0 -2 -2 3 2 3 3 2 0 0 0 0 0 0 0 -2 -2 -2 -2 -1 -1 0 0
checker 2 player 5 2 0 0 1 1 2 2 2 2 0 0 0 0 0 0 0 0 -2 -3 -4 -3 2 2 -1 1 -2 0
checker 2 opponent 6 1 0 2 -1 1 -2 -2 3 4 3 2 0 0 0 0 0 0 0 0 0 -2 -3 -2 -1 -2 0 0
checker 2 player 4 3 0 0 2 1 2 3 2 0 0 0 0 0 0 0 0 0 0 -4 -4 -3 2 2 -2 1 -2 0
checker 2 opponent 6 1 0 2 0 2 -2 -2 3 4 4 -1 0 0 0 0 0 0 0 0 0 -2 -3 -2 -1 -2 0 0
checker 2 player 4 3 0 0 2 1 2 3 2 0 0 0 0 0 0 0 0 0 1 -3 -3 -4 2 2 -2 -1 -2 0
checker 2 opponent 2 1 0 2 1 2 -2 -2 4 3 3 0 0 0 0 0 0 0 -1 0 0 -2 -3 -2 -1 -2 0 0
checker 2 player 6 2 0 0 2 1 2 3 2 0 0 1 0 0 0 0 0 0 0 -2 -2 -6 2 2 -2 -1 -2 0
checker 2 opponent 6 4 0 2 1 2 -2 -2 6 2 2 0 0 0 0 0 0 0 0 0 0 -2 -2 -2 -3 -2 0 0
checker 2 player 3 1 0 0 2 3 2 2 2 0 0 0 0 0 0 0 0 0 0 -2 0 -6 2 2 -3 -1 -3 0
checker 2 opponent 2 1 0 -1 0 0 -2 -3 3 2 3 2 2 0 -1 2 0 0 0 0 -2 -2 -2 -2 0 1 0 0
checker 2 player 6 1 0 0 -1 0 2 2 2 2 0 0 0 0 -1 0 0 -3 -2 -3 -2 -3 3 2 0 0 1 1
checker 2 opponent 5 1 0 -2 0 0 -2 -2 3 2 3 2 3 -1 0 1 0 0 0 0 -2 -2 -2 -2 0 1 0 0
checker 2 player 3 2 0 0 0 -1 2 2 2 2 0 0 0 0 0 0 1 -3 -2 -4 -2 -3 2 2 0 0 2 0
checker 2 opponent 2 1 0 -2 0 0 -2 -2 3 2 4 2 3 0 0 0 -1 0 0 0 -2 -2 -1 -2 -1 0 0 1
checker 2 player 6 6 0 0 -1 1 2 1 2 2 0 0 0 1 0 0 0 -3 -2 -3 -3 -3 2 2 0 0 2 0
checker 2 player 3 3 0 0 0 2 0 -1 3 0 3 0 0 0 -3 2 0 0 -2 -2 -3 -2 2 3 -2 0 0 0
checker 2 player 6 3 1 0 0 2 0 2 3 0 1 0 2 0 -3 0 0 0 -2 -2 -3 -2 2 3 -2 0 0 0
checker 2 opponent 4 2 0 0 0 2 -2 -2 2 3 2 2 -1 0 0 3 0 -2 0 0 0 -3 -3 0 -2 0 0 1
checker 2 player 5 4 0 0 -1 2 0 3 3 0 0 0 2 0 -2 0 0 1 -3 -2 -3 -2 2 2 -2 0 0 0
checker 2 opponent 3 2 0 -1 0 0 -2 -2 3 2 3 2 2 0 -2 3 0 0 0 -1 -1 -2 -2 -2 0 0 0 0
checker 2 player 6 4 0 0 0 0 2 2 2 1 1 0 0 0 -2 2 0 -2 -2 -4 -2 -3 2 2 0 0 1 0
checker 2 opponent 3 2 0 0 0 0 -2 -2 3 2 4 2 2 -1 -2 2 0 0 0 -1 -1 -2 -2 -2 0 0 0 0
checker 2 player 6 3 0 0 0 0 2 2 2 1 1 0 0 0 -2 2 1 0 -2 -5 -3 -3 2 2 0 0 0 0
checker 2 opponent 4 1 0 0 0 0 -2 -2 3 3 5 2 0 0 -2 2 0 0 0 -1 -1 -2 -3 -2 0 0 0 0
checker 2 player 6 2 0 0 0 0 2 3 2 1 1 0 0 0 -2 2 0 0 -2 -4 -3 -3 2 2 -1 0 0 0
checker 2 opponent 4 2 0 0 0 1 -2 -2 3 3 4 2 0 0 -1 2 0 0 0 -1 -2 -2 -2 -2 -1 0 0 0
checker 2 player 3 3 0 0 0 1 2 2 2 2 1 0 0 0 -2 1 0 0 -2 -3 -2 -4 2 2 -2 0 0 0
checker 2 opponent 6 4 0 0 0 2 -2 -2 4 2 3 2 0 0 0 2 0 0 0 0 -2 -2 -3 -3 -1 0 0 0
checker 2 player 3 2 0 0 0 1 3 3 2 2 0 0 0 0 0 0 0 0 -3 -3 -3 -4 2 2 -2 0 0 0
checker 2 opponent 4 1 0 0 0 2 -2 -2 4 3 3 3 0 0 0 0 0 0 0 0 -2 -2 -2 -2 -1 -2 0 0
checker 2 player 4 2 0 0 2 1 2 2 2 2 0 0 0 0 0 0 0 0 -3 -3 -3 -3 2 2 -1 -2 0 0
checker 2 opponent 5 2 0 0 2 1 -2 -2 3 3 3 3 0 0 0 0 0 0 0 0 0 -2 -3 -2 -2 -2 0 0
checker 2 player 6 1 0 0 2 2 2 3 2 0 0 0 0 0 0 0 0 0 -3 -2 -3 -3 2 2 -1 -2 -1 0
checker 2 opponent 5 3 0 -1 0 0 -2 -2 3 2 3 2 2 0 -2 2 0 0 -1 -2 -1 -2 0 -2 0 1 0 0
checker 2 player 6 2 0 0 0 0 2 0 2 1 2 1 -1 0 -2 2 0 -2 -2 -3 -2 -3 2 2 0 0 1 0
checker 2 opponent 6 3 0 -1 0 0 -2 -2 3 2 3 2 2 0 -2 2 0 1 -1 -1 0 -2 -1 -2 0 -1 0 0
checker 2 player 6 2 0 0 1 0 2 1 2 0 1 1 -1 0 0 2 0 -3 -2 -3 -3 -3 2 2 0 0 1 0
checker 2 opponent 4 2 0 -1 0 0 -2 -2 3 3 3 2 3 0 -1 0 0 1 -1 -1 0 -2 -2 -2 0 -1 0 0
checker 2 player 3 2 0 0 1 0 2 2 2 0 1 1 0 0 0 1 0 -3 -3 -3 -3 -3 2 2 0 0 1 0
checker 2 opponent 6 4 0 0 0 -1 -2 -2 3 3 3 3 3 0 -1 0 0 0 -1 -1 0 -1 -2 -2 -1 -1 0 0
checker 2 player 5 4 0 0 1 1 2 2 1 0 1 1 0 0 0 1 0 -2 -3 -3 -2 -4 2 2 1 0 -1 0
checker 2 opponent 6 4 0 1 0 -1 -2 -2 4 2 3 3 2 0 0 0 0 0 -2 0 0 -1 -2 -2 -2 -1 0 0
checker 2 player 3 3 0 0 1 2 2 2 1 0 0 2 0 0 0 0 0 -2 -3 -2 -2 -3 2 2 1 -2 -1 0
checker 2 opponent 4 2 0 1 2 -1 -2 -2 3 2 2 3 2 0 0 0 0 0 0 0 0 -2 -1 -2 -3 -2 0 0
checker 2 player 6 2 0 0 2 3 2 1 2 0 0 0 0 0 0 0 0 0 -3 -3 -2 -4 2 2 1 -2 -1 0
checker 2 opponent 6 4 0 1 2 0 -2 -2 4 2 3 3 0 -1 0 0 0 0 0 0 0 -2 -1 -2 -3 -2 0 0
checker 2 player 5 4 0 0 2 3 2 1 2 0 0 0 0 0 0 0 1 0 -3 -3 0 -4 2 2 -1 -2 -2 0
checker 2 opponent 4 3 0 2 2 1 -2 -2 4 0 3 3 0 0 0 0 0 0 0 0 0 -2 -2 -2 -3 -2 0 0
checker 2 player 5 1 0 0 2 3 2 2 2 0 0 0 0 0 0 0 0 0 -2 -3 0 -4 2 2 -1 -3 -2 0
checker 2 player 4 4 0 0 2 0 2 2 2 2 0 0 0 0 -3 0 0 -2 -2 -3 -2 -3 2 3 0 0 0 0
checker 2 opponent 2 2 0 0 0 0 -3 -2 3 2 3 2 2 0 0 3 0 0 0 0 0 0 -2 -2 -2 -4 0 0
checker 2 opponent 6 4 0 0 0 0 -3 -2 3 2 3 3 2 2 0 0 0 0 0 0 0 0 -2 -2 -2 -4 0 0
checker 2 opponent 2 1 0 0 2 0 -3 -2 2 2 2 3 2 2 0 0 0 0 0 0 0 0 0 -2 -2 -4 -2 0
checker 2 opponent 5 2 0 0 2 0 -3 -2 3 2 2 2 2 2 0 0 0 0 0 0 0 0 0 -1 -2 -4 -3 0
checker 2 player 6 2 0 3 4 2 1 0 0 0 0 0 0 0 0 0 -1 -2 -3 -2 -2 -2 2 3 0 -2 -1 0
checker 2 player 4 1 0 0 2 0 2 2 2 2 0 0 0 0 -2 0 0 -2 -3 -2 -3 -3 2 3 0 0 0 0
checker 2 opponent 4 1 0 0 0 0 -2 -3 3 3 2 3 2 0 0 2 0 0 0 0 -1 -2 -2 -2 -1 -2 0 0
checker 2 player 3 2 0 0 2 1 2 2 2 1 0 0 0 0 -2 0 0 -2 -2 -3 -2 -3 3 2 -1 0 0 0
checker 2 opponent 6 5 0 0 0 1 -2 -3 3 2 3 2 2 0 0 2 0 0 0 0 -1 0 -2 -3 -2 -2 0 0
checker 2 player 4 1 0 0 2 2 3 2 0 1 0 0 0 0 0 0 0 -2 -2 -4 -3 -3 3 2 -1 0 0 0
checker 2 opponent 4 3 0 0 0 1 -2 -3 3 3 4 2 2 0 0 0 0 0 0 0 0 0 -2 -3 -2 -3 0 0
checker 2 player 4 1 0 0 3 2 3 2 0 0 0 0 0 0 0 0 0 0 -2 -4 -4 -4 3 2 -1 0 0 0
checker 2 opponent 6 6 0 0 0 1 -2 -3 4 4 4 2 0 0 0 0 0 0 0 0 0 0 -1 -3 -2 -2 -2 0
checker 2 player 6 5 0 2 2 2 3 1 0 0 0 0 0 0 0 0 0 0 -2 -2 -2 -4 3 2 -1 -2 -2 0
checker 2 opponent 6 2 0 2 2 1 -2 -2 4 2 2 2 0 0 0 0 0 0 -1 0 0 0 -1 -3 -2 -2 -2 0
checker 2 player 6 3 0 2 2 2 3 1 0 0 0 1 0 0 0 0 0 0 0 -2 -3 -4 2 2 -2 -2 -2 0
checker 2 player 4 1 0 0 0 0 2 -1 2 1 2 0 0 0 -2 2 0 -2 -2 -2 -2 -4 3 2 0 0 1 0
checker 2 opponent 4 3 0 -1 0 0 -2 -3 4 2 2 2 2 0 -2 2 0 0 0 -2 0 -1 -1 -2 -1 0 0 1
checker 2 player 3 2 0 0 0 -1 2 1 1 0 2 0 0 0 -2 2 0 -2 -2 -2 -2 -3 3 2 0 -1 1 1
checker 2 opponent 3 2 0 0 1 -2 -2 -3 3 2 2 2 2 0 -2 2 0 0 0 -2 0 -1 -1 -2 1 0 0 0
checker 2 player 3 2 0 0 0 -1 2 1 1 0 2 0 0 0 0 2 -1 -3 -2 -2 -2 -3 3 2 2 -1 0 0
checker 2 opponent 5 1 0 0 1 -2 -2 -3 3 2 2 2 3 1 -1 0 0 -1 0 -1 0 -2 -1 -2 1 0 0 0
checker 2 player 3 1 0 0 0 -1 2 1 2 0 1 0 1 0 0 1 -1 -2 -3 -2 -2 -2 3 2 2 -1 -1 0
checker 2 opponent 5 3 0 1 1 -2 -2 -3 2 2 2 3 2 1 0 -1 0 -1 0 0 0 -2 -2 -2 1 0 0 0
checker 2 player 4 2 0 0 0 0 2 2 2 0 -1 0 1 0 1 0 -1 -2 -2 -2 -2 -3 3 2 2 -1 -1 0
checker 2 opponent 3 1 0 1 1 -2 -2 -3 3 2 2 2 2 1 0 0 0 -1 0 1 0 -3 -2 -2 0 0 0 0
checker 2 player 1 1 0 0 0 0 2 2 3 0 0 0 1 0 -1 0 -1 -2 -2 -2 -2 -3 3 2 2 -1 -1 0
checker 2 opponent 6 1 0 1 1 -2 -2 -3 3 2 2 2 2 1 0 1 0 0 -1 0 0 -2 -2 -2 -1 0 0 0
checker 2 player 6 5 0 0 0 1 2 2 2 0 0 1 0 0 0 0 -1 -2 -2 -2 -2 -4 3 2 2 -1 -1 0
checker 2 opponent 4 3 0 1 1 -2 -2 -2 4 2 2 2 2 0 0 0 0 0 -2 0 0 -2 -2 -2 -1 0 0 1
checker 2 player 6 4 0 0 0 0 2 2 2 -1 0 2 0 0 0 0 0 -2 -2 -2 -2 -4 2 2 2 -1 -1 1
checker 2 opponent 5 5 0 2 1 -2 -2 -2 3 2 2 2 2 0 0 0 -1 1 -2 0 0 -2 -2 -2 0 0 0 0
cube 2 player - - 0 0 0 0 2 2 2 0 0 2 0 1 0 0 0 -3 -2 -2 0 -2 2 2 2 -3 -3 0
checker 2 player 6 4 0 0 0 0 2 2 2 0 0 2 0 1 0 0 0 -3 -2 -2 0 -2 2 2 2 -3 -3 0
checker 2 opponent 5 3 0 3 3 -2 -2 -2 2 0 2 2 3 0 0 0 0 0 -1 0 -1 -2 -2 -2 -1 0 0 0
cube 2 player - - 0 0 0 1 2 2 2 1 0 1 0 0 0 0 0 -3 -1 -2 0 -2 2 2 2 -3 -4 0
checker 4 opponent 6 1 0 0 0 1 2 2 2 1 0 1 0 0 0 0 0 -3 -1 -2 0 -2 2 2 2 -3 -4 0
checker 4 player 3 1 0 4 3 -2 -2 -2 2 0 2 1 3 0 0 0 0 0 0 0 0 -3 -2 -2 -2 0 0 0
checker 4 opponent 6 4 0 0 0 2 2 2 3 0 0 0 0 0 0 0 0 -3 0 -2 0 -3 2 2 2 -2 -5 0
checker 2 player 3 1 0 0 0 2 0 -2 3 0 3 0 0 0 0 2 0 -1 -2 -3 -3 -2 2 3 -2 0 0 0
checker 2 opponent 2 1 0 0 0 2 -3 -2 2 3 3 2 1 0 -2 0 0 0 0 -2 0 -3 2 -1 -2 0 0 0
checker 2 player 5 2 0 0 0 2 1 -2 3 0 2 0 0 0 0 2 0 0 -3 -2 -3 -3 2 3 -2 0 0 0
checker 2 opponent 1 1 0 0 0 2 -3 -2 3 3 2 3 0 0 -1 0 0 0 0 -3 0 -2 2 -2 -2 0 0 0
checker 2 player 5 3 0 0 0 2 2 -2 2 0 3 0 0 0 0 1 0 0 -3 -2 -3 -3 2 3 0 0 -2 0
checker 2 opponent 3 2 0 2 0 0 -3 -2 3 3 2 3 0 0 0 0 0 -1 0 -2 0 -2 2 -2 -3 0 0 0
checker 2 player 3 1 0 0 0 3 2 -1 2 0 2 0 -1 0 0 0 0 0 -3 -2 -3 -3 2 3 0 0 -2 1
checker 2 opponent 6 2 0 2 0 -1 -2 -3 3 3 2 3 0 0 0 0 0 1 0 -2 0 -2 1 -2 -3 0 0 0
checker 2 player 5 1 0 0 0 3 2 0 2 -1 2 0 0 0 0 0 0 0 -4 -2 -3 -3 3 2 1 0 -2 0
checker 2 opponent 3 2 0 2 0 -1 -2 -2 3 3 2 4 -1 0 0 0 0 0 0 -1 -1 -2 0 -2 -3 0 0 1
checker 2 player 4 2 0 0 0 3 2 -1 2 1 1 0 0 0 0 0 0 1 -4 -2 -3 -3 2 2 1 0 -2 0
checker 2 opponent 5 2 0 2 0 -1 -2 -2 3 3 2 4 0 0 0 0 -1 0 0 -1 0 -2 -1 -2 -3 0 0 1
checker 2 player 5 3 0 0 0 3 2 -1 2 0 1 0 0 1 0 0 0 0 -3 -2 -4 -3 2 2 1 0 -2 1
checker 2 opponent 5 3 0 2 0 -2 -2 -2 3 4 2 3 0 0 0 0 0 0 0 -1 0 -3 1 -2 -3 0 0 0
checker 2 player 3 2 0 0 0 3 2 0 3 0 1 0 -1 0 0 0 0 0 -2 -2 -4 -4 2 2 2 0 -2 0
checker 2 opponent 2 1 0 2 0 -2 -2 -2 4 4 2 2 0 0 0 0 0 1 0 0 0 -3 -1 -2 -2 0 -1 0
checker 2 player 5 1 0 1 0 2 2 1 3 0 0 0 0 0 0 -1 0 0 -2 -2 -4 -4 2 2 2 0 -2 0
checker 2 player 4 3 0 0 0 0 2 2 2 1 1 0 0 0 0 2 0 -4 -2 -3 -3 -3 2 2 0 0 1 0
checker 2 opponent 5 5 0 -1 0 0 -2 -2 3 3 3 2 4 0 -1 0 0 -1 0 -1 0 -2 -2 -2 -1 0 0 0
checker 2 player 5 3 0 0 0 1 2 2 2 0 1 0 1 0 0 1 0 -4 -2 0 -2 -3 2 2 -3 -1 1 0
checker 2 opponent 6 1 0 -1 1 3 -2 -2 3 2 0 2 4 0 -1 0 0 0 0 0 -1 -2 -2 -2 -2 0 0 0
checker 2 player 4 3 0 0 0 2 2 2 2 1 0 0 0 0 0 1 0 -3 -2 0 -2 -3 2 2 -4 -1 1 0
checker 2 opponent 2 1 0 0 1 4 -2 -2 3 2 -1 2 3 0 -1 0 0 0 0 0 -1 -2 -2 -2 -2 0 0 0
checker 2 player 2 2 0 0 0 2 2 2 2 1 0 0 0 0 0 1 0 -3 -2 1 -2 -3 2 2 -2 -2 -1 0
checker 2 opponent 6 2 0 1 2 2 -2 -2 3 2 -1 2 3 0 0 0 0 0 0 0 -1 -2 -3 -2 -2 0 0 0
checker 2 player 5 4 0 0 0 2 2 3 2 1 0 0 0 0 0 0 0 -3 0 1 -3 -3 2 2 -3 -2 -1 0
checker 2 opponent 6 4 0 1 2 3 -2 -2 3 3 0 0 3 0 -1 0 0 0 0 0 0 -2 -3 -2 -2 -1 0 0
checker 2 player 3 3 0 0 1 2 2 3 2 0 0 0 0 0 0 1 0 -2 0 0 -2 -4 2 2 -3 -2 -2 0
checker 2 player 4 3 0 0 -1 0 2 0 2 1 2 1 0 0 -1 2 0 -2 -2 -3 -3 -3 2 2 0 0 1 0
checker 2 opponent 5 4 0 -1 0 0 -2 -2 3 3 3 2 2 0 -2 1 0 0 0 -1 -1 -2 -2 -2 0 1 0 0
checker 2 player 3 2 0 0 0 0 2 2 2 0 1 0 0 -1 -1 2 0 -2 -2 -3 -3 -3 2 2 0 0 1 1
checker 2 opponent 5 1 0 0 0 -2 -2 -2 3 3 3 2 2 0 -2 1 1 0 0 -1 0 -2 -2 -2 0 0 0 0
checker 2 player 5 3 0 0 0 0 2 2 2 0 1 0 0 -1 -1 2 0 -2 -2 -2 -3 -3 2 2 2 -1 0 0
checker 2 opponent 4 2 0 0 1 -2 -2 -2 3 3 2 2 2 0 -2 1 1 0 0 0 0 -1 -2 -2 -2 0 0 0
checker 2 player 3 2 0 0 0 2 2 2 1 0 0 0 0 -1 0 2 0 -2 -2 -2 -4 -3 2 2 2 -1 0 0
checker 2 opponent 1 1 0 0 1 -2 -2 -2 3 4 2 2 2 0 -1 0 1 0 0 -1 0 -1 -2 -2 -2 0 0 0
checker 2 player 6 5 0 0 0 2 2 2 1 0 1 0 0 0 0 0 -1 -2 -2 -2 -4 -3 2 2 2 0 -1 1
checker 2 opponent 6 1 0 1 0 -2 -2 -2 3 4 2 2 2 -1 0 0 0 0 0 -1 0 -1 -2 -2 -2 0 0 1
checker 2 player 2 1 0 0 0 2 2 2 1 -1 1 0 0 0 0 0 1 -2 -2 -2 -4 -3 2 2 2 0 -1 0
checker 2 opponent 3 2 0 1 0 -2 -2 -2 3 4 2 2 2 0 -1 0 0 0 0 0 1 -2 -2 -2 -2 0 0 0
checker 2 player 4 4 0 0 0 2 2 2 2 0 0 0 0 0 -1 1 0 -2 -2 -2 -4 -3 2 2 2 0 -1 0
checker 2 opponent 4 4 0 1 0 -2 -2 -2 3 4 2 2 2 0 0 1 0 0 0 0 0 0 -3 -2 -2 -2 0 0
checker 2 player 2 2 0 0 2 2 2 3 0 0 0 0 0 0 0 0 0 0 -3 -2 -4 -4 2 2 2 -1 -1 0
checker 2 opponent 6 2 0 1 1 -2 -2 -2 4 4 2 3 0 0 0 0 0 0 0 0 0 0 -1 -2 -2 -2 -2 0
checker 2 player 6 4 0 2 2 2 2 1 0 0 0 0 0 0 0 0 0 0 -2 -2 -4 -4 2 2 2 -1 -2 0
checker 2 player 4 3 0 0 0 2 0 -1 3 0 3 0 0 0 -3 2 0 0 -2 -2 -3 -2 2 3 -2 0 0 0
checker 2 opponent 5 2 0 0 0 2 -3 -2 2 3 2 2 0 0 -1 3 0 0 -1 -2 0 -3 -1 0 -2 0 0 1
checker 2 player 6 1 0 0 0 2 0 0 3 -1 2 1 0 0 -3 1 0 0 -2 -2 -3 -2 2 3 -2 0 0 1
checker 2 opponent 2 1 0 -1 0 2 -3 -2 2 3 2 2 0 0 0 3 0 0 -1 -2 -1 -3 0 0 -2 0 0 1
checker 2 player 3 2 0 0 -1 2 0 0 3 1 2 1 0 0 -2 -1 0 0 -2 -2 -3 -2 2 3 -2 0 1 0
checker 2 opponent 5 5 0 -1 0 2 -3 -2 2 3 2 2 0 0 1 2 0 0 -1 -2 0 -2 0 -2 -2 1 0 0
checker 2 player 6 2 0 0 0 2 2 0 2 0 2 1 0 0 -2 0 0 0 -2 -3 -4 -2 2 3 -2 0 1 0
checker 2 opponent 3 1 0 -1 0 2 -2 -2 2 4 3 2 0 0 -1 2 0 0 -1 -2 0 -2 0 -2 -2 0 0 0
checker 2 player 6 4 0 0 0 2 2 0 2 0 2 1 0 0 -1 0 0 0 -3 -3 -4 -2 2 2 -2 0 1 1
checker 2 opponent 4 1 0 -1 0 2 -2 -2 2 4 3 3 -1 0 0 1 0 0 -1 -2 0 -2 0 -2 -2 0 0 0
checker 2 player 5 4 0 0 0 2 2 0 2 0 2 1 0 0 0 0 0 1 -4 -3 -3 -3 2 2 -2 0 1 0
checker 2 opponent 6 1 0 -1 0 2 -2 -2 3 3 3 4 0 0 0 0 0 -1 0 -2 0 -2 -1 -2 -2 0 0 0
checker 2 player 6 4 0 0 0 2 2 1 2 0 2 0 1 0 0 0 0 0 -3 -2 -4 -3 2 2 -3 0 1 0
checker 2 opponent 3 3 0 0 0 3 -2 -2 3 4 2 3 0 -1 0 0 0 -1 0 -2 0 -2 -1 -2 -2 0 0 0
checker 2 player 5 3 0 0 0 2 2 1 2 0 2 0 1 0 0 0 1 0 0 -2 -4 -5 2 2 -4 0 0 0
checker 2 opponent 4 2 0 0 0 4 -2 -2 5 4 2 0 0 0 0 0 0 -1 -1 -1 0 -2 -2 -2 -2 0 0 0
checker 2 player 5 4 0 0 0 2 2 2 2 0 1 1 1 0 0 0 0 0 0 -2 -4 -4 2 2 -3 -1 -1 0
checker 2 opponent 4 3 0 1 1 3 -2 -2 4 4 2 0 0 0 0 0 0 0 0 -1 0 -3 -2 -3 -2 0 0 0
checker 2 player 3 1 0 0 0 2 3 2 3 0 1 0 0 0 0 0 0 0 0 -2 -3 -3 2 2 -5 -1 -1 0
checker 2 opponent 6 3 0 1 1 5 -2 -2 3 3 2 0 0 0 0 0 0 0 0 -1 0 -2 -2 -3 -2 -1 0 0
checker 2 player 4 1 0 0 1 2 3 2 2 0 1 0 0 0 0 0 0 0 0 -2 -2 -2 2 2 -6 -1 -2 0
checker 2 opponent 5 5 0 2 1 6 -2 -2 2 2 2 0 0 0 0 0 0 0 0 0 0 -2 -2 -3 -3 -1 0 0
checker 2 player 2 1 0 0 1 3 3 2 2 0 0 0 0 0 0 0 0 0 0 0 0 -2 2 2 -8 -3 -2 0
checker 2 opponent 3 2 0 2 3 8 -2 -2 2 0 0 0 0 0 0 0 0 0 0 0 0 -2 -2 -2 -2 -3 0 0
checker 2 player 3 1 0 0 3 2 2 2 2 0 0 0 0 0 0 0 0 0 0 0 0 -2 2 2 -7 -2 -2 0
checker 2 player 3 1 0 0 0 0 2 2 2 1 1 0 0 0 -2 2 0 -2 -3 -3 -2 -2 2 2 0 0 -1 1
checker 2 opponent 2 1 0 1 0 -1 -2 -2 2 2 3 3 2 0 -2 2 0 0 0 0 -2 -2 -2 -2 0 0 0 0
checker 2 player 6 5 0 0 0 0 2 2 2 2 0 0 0 0 -2 2 0 -2 -2 -3 -2 -3 2 2 1 0 -1 0
checker 2 player 5 4 0 0 2 0 2 2 2 2 0 0 0 0 -1 0 0 -3 -2 -3 -3 -3 2 3 0 0 0 0
checker 2 opponent 3 2 0 0 0 0 -3 -2 3 3 3 2 3 0 0 1 0 0 0 0 -1 -1 -2 -2 -1 -2 -1 0
checker 2 player 3 2 0 1 2 1 2 2 1 1 0 0 0 0 -1 0 0 -3 -2 -3 -3 -2 2 3 0 0 -1 0
checker 2 opponent 4 1 0 1 0 0 -3 -2 2 3 3 2 3 0 0 1 0 0 0 0 0 0 -3 -2 -2 -2 -1 0
checker 2 player 5 1 0 1 2 2 2 3 0 0 0 0 0 0 0 -1 0 -2 -2 -3 -3 -3 2 3 0 0 -1 0
checker 2 opponent 6 2 0 1 0 0 -2 -3 3 3 3 2 2 0 1 0 0 0 0 0 0 0 -3 -2 -2 -2 -1 0
checker 2 opponent 5 1 0 2 0 0 -2 -3 3 2 3 2 3 0 0 0 0 0 0 0 0 0 -2 -2 -2 -2 -2 0
checker 2 player 3 2 0 2 2 2 2 2 0 0 0 0 0 0 0 0 0 -2 -3 -2 -2 -3 3 2 -1 0 -2 0
checker 2 opponent 5 3 0 2 0 1 -2 -3 3 2 2 3 2 0 0 0 0 0 0 0 0 0 0 -2 -3 -3 -2 0
checker 2 player 3 2 0 2 3 3 2 0 0 0 0 0 0 0 0 0 0 -2 -2 -2 -2 -3 3 2 -1 0 -3 0
checker 2 opponent 5 1 0 3 0 1 -2 -3 3 2 2 2 2 0 0 0 0 0 0 0 0 0 0 -1 -2 -3 -4 0
checker 2 player 4 1 0 4 3 2 1 0 0 0 0 0 0 0 0 0 0 -2 -2 -2 0 -4 3 2 -1 -1 -3 0
checker 2 opponent 5 3 0 3 1 1 -2 -3 4 0 2 2 2 0 0 0 0 0 0 0 0 0 0 -1 -2 -2 -5 0
checker 2 player 3 2 0 5 2 2 1 0 0 0 0 0 0 0 0 0 0 -1 -2 -2 0 -4 3 2 -1 -2 -3 0
checker 2 opponent 6 5 0 3 2 1 -2 -2 4 0 2 2 -1 0 0 0 0 0 0 0 0 0 0 -1 -2 -2 -5 1
checker 2 player 4 3 0 5 2 2 1 0 -1 0 0 0 0 0 0 0 0 1 -2 -2 0 -3 2 2 -1 -2 -4 0
checker 2 opponent 3 3 0 4 2 1 -2 -2 3 0 2 2 0 0 0 0 0 0 0 -1 0 1 0 -1 -2 -2 -5 0
checker 2 player 3 1 0 5 2 2 1 0 0 0 1 -1 0 0 0 0 0 0 0 -2 0 -4 2 2 -2 -2 -4 0
checker 2 opponent 6 2 0 4 2 2 -2 -2 4 0 2 0 0 0 0 0 0 0 1 0 0 0 0 -2 -2 -2 -5 0
checker 2 player 4 4 0 5 2 2 2 0 0 0 0 0 0 0 0 0 0 0 0 -3 0 -4 2 2 -2 -2 -4 0
checker 2 opponent 6 1 0 0 0 2 -2 -2 2 3 2 2 0 0 -2 2 0 -1 0 -3 0 -3 2 0 -2 0 0 0
checker 2 player 4 2 0 0 0 2 0 -1 3 0 3 0 1 0 -3 2 0 0 -2 -2 -3 -2 2 2 -2 0 0 0
checker 2 opponent 4 2 0 0 0 2 -2 -2 2 3 2 2 0 0 -2 3 0 -1 0 -2 0 -2 1 -2 -2 0 0 0
checker 2 player 5 3 0 0 0 2 2 0 2 0 2 0 1 -1 -3 2 0 0 -2 -2 -3 -2 2 2 -2 0 0 0
checker 2 opponent 5 5 0 0 0 2 -2 -2 2 3 2 2 0 0 -2 3 1 0 0 -1 0 -2 -2 -2 -2 0 0 0
checker 2 player 6 6 0 0 0 2 2 2 2 0 1 0 0 0 0 2 0 0 -3 -5 -3 -2 2 2 -2 0 0 0
checker 2 opponent 6 2 0 0 0 2 -2 -2 2 3 5 3 0 0 0 0 0 0 0 0 -1 -2 -2 -2 -2 -1 -1 0
checker 2 player 6 2 0 1 1 2 2 2 2 1 0 0 0 0 0 0 0 0 -3 -3 -3 -3 2 2 -2 -1 0 0
checker 2 opponent 3 2 0 1 -1 0 -2 -3 2 2 3 2 2 0 -2 2 0 0 0 -2 -1 -1 -1 -2 0 0 0 1
checker 2 player 4 4 0 0 0 -1 2 1 1 1 2 0 0 0 -1 2 -1 -2 -2 -3 -2 -2 3 2 0 1 -1 0
checker 2 opponent 2 1 0 1 -1 0 -2 -3 2 2 3 2 2 1 0 1 0 0 -1 -2 0 -1 -2 -2 -1 0 0 1
checker 2 player 5 4 0 -1 0 1 2 2 1 0 2 1 0 0 0 0 -2 -2 -2 -3 -2 -2 3 2 0 1 -1 0
checker 2 opponent 4 2 0 1 -1 0 -2 -3 2 2 3 2 2 2 0 0 0 0 -1 -1 0 0 -2 -2 -2 -1 1 0
checker 2 player 5 4 0 -1 1 2 2 2 0 0 1 1 0 0 0 0 -2 -2 -2 -2 -2 -2 3 2 0 -1 -1 1
checker 2 opponent 5 2 0 1 1 0 -3 -3 2 2 2 2 2 2 0 0 0 0 0 -1 0 0 -2 -3 -2 -1 1 0
checker 2 opponent 4 1 0 1 1 0 -3 -4 2 2 2 2 2 2 0 0 0 0 0 1 0 0 -1 -3 -2 -1 -1 0
checker 2 opponent 2 1 0 1 1 0 -3 -4 2 2 2 2 2 2 1 0 0 0 0 0 0 0 0 -3 -2 -1 -2 0
checker 2 player 3 1 0 2 1 2 3 0 0 0 0 0 0 0 0 0 -2 -2 -3 -2 -2 -2 4 3 0 -1 -1 0
checker 2 opponent 6 2 0 1 1 0 -3 -4 2 2 2 3 2 2 0 0 0 0 0 0 0 0 0 -2 -1 -2 -3 0
checker 2 opponent 3 2 0 2 1 0 -3 -4 2 2 2 2 2 2 0 0 0 0 0 0 0 0 0 -2 -1 -2 -3 0
checker 2 opponent 2 2 0 2 1 0 -3 -4 3 2 2 2 2 1 0 0 0 0 0 0 0 0 0 -1 -1 -2 -4 0
checker 2 player 3 1 0 4 2 1 1 0 0 0 0 0 0 0 0 0 -1 0 -2 -2 -2 -5 4 3 0 -1 -2 0
checker 2 opponent 5 5 0 2 1 0 -3 -4 5 2 2 2 0 1 0 0 0 0 0 0 0 0 0 0 0 -3 -5 0
checker 2 player 3 1 0 5 3 0 0 0 0 0 0 0 0 0 0 0 0 0 -2 0 -2 -5 4 3 -2 -1 -3 0
checker 2 opponent 6 4 0 3 1 2 -2 -4 5 2 -1 2 0 0 0 0 0 0 0 0 0 0 0 0 0 -3 -5 0
checker 2 player 6 5 0 5 3 0 0 0 0 0 0 0 0 0 0 0 0 0 -2 1 0 -5 4 2 -3 -1 -4 0
checker 2 opponent 6 2 0 4 1 3 -2 -3 5 0 0 2 -1 0 0 0 -1 0 0 0 0 0 0 0 0 -3 -5 0
checker 2 player 4 2 0 5 3 0 0 0 0 0 0 0 0 1 0 0 0 1 0 0 -1 -5 3 2 -4 -1 -4 0
checker 2 player 6 2 1 5 3 0 0 0 0 0 0 0 0 2 0 0 0 0 0 0 1 -5 2 2 -4 -1 -4 0
checker 2 opponent 6 5 0 0 0 0 -2 -3 3 2 3 2 2 0 0 3 0 0 0 0 -2 -1 -2 -2 0 -2 -1 0
checker 2 player 2 1 0 1 2 0 2 2 1 2 0 0 0 0 -2 0 0 -2 -2 -3 -2 -3 3 2 0 -1 0 0
checker 2 opponent 5 4 0 0 1 0 -2 -3 3 2 3 2 2 0 0 2 0 0 0 0 -2 0 -2 -2 -1 -2 -1 0
checker 2 player 4 2 0 1 2 1 2 2 0 2 0 0 0 0 -1 0 0 -2 -3 -2 -2 -3 3 2 -1 -1 0 0
checker 2 opponent 2 1 0 0 1 1 -2 -3 3 2 2 3 2 0 0 1 0 0 0 0 0 0 -3 -2 -2 -2 -1 0
checker 2 opponent 2 2 0 2 0 0 -2 -3 3 2 2 3 2 0 0 1 0 0 0 0 0 0 -3 -2 -2 -2 -1 0
checker 2 player 4 2 0 1 2 2 2 3 0 0 0 0 0 0 0 0 0 -2 -2 -2 -4 -3 3 2 0 0 -2 0
checker 2 opponent 1 1 0 2 0 0 -2 -3 3 4 2 2 2 0 0 0 0 0 0 0 0 0 -1 -2 -3 -2 -2 0
checker 2 player 6 1 0 2 2 3 2 1 0 0 0 0 0 0 0 0 0 0 -3 -3 -3 -4 3 2 0 0 -2 0
checker 2 opponent 2 1 0 2 0 0 -2 -2 4 3 3 3 0 -1 0 0 0 0 0 0 0 0 -1 -2 -2 -3 -2 0
checker 2 player 5 3 0 2 3 2 2 1 0 0 0 0 0 0 0 0 1 0 -2 -3 -3 -5 2 2 0 0 -2 0
checker 2 opponent 5 4 0 2 0 0 -2 -2 5 3 3 2 0 0 0 0 0 0 0 0 0 -1 -1 -2 -2 -3 -2 0
checker 2 player 6 4 0 2 3 2 2 1 1 0 0 0 0 0 0 0 0 0 -2 -2 -2 -5 2 2 -2 0 -2 0
checker 2 opponent 6 5 0 0 0 2 -3 -2 2 3 2 2 0 0 -2 2 0 0 0 -2 0 -2 2 -1 -3 0 0 0
checker 2 player 4 1 0 0 0 3 1 -1 2 0 2 0 0 0 -2 2 0 0 -3 -2 -3 -2 2 3 -2 0 0 0
checker 2 opponent 6 4 0 0 0 2 -2 -3 2 3 2 3 0 0 -2 2 0 0 0 -1 0 -2 1 -2 -3 0 0 0
checker 2 player 5 3 0 0 0 3 2 0 2 0 1 0 0 0 -2 2 0 -1 -3 -2 -3 -2 3 2 -2 0 0 0
checker 2 opponent 6 5 0 0 0 2 -2 -2 2 3 2 3 -1 0 -1 2 0 -1 0 -1 0 -2 0 -2 -3 0 0 1
checker 2 player 6 2 0 0 0 3 2 0 2 0 1 0 1 -1 -2 1 0 1 -3 -2 -3 -2 2 2 -2 0 0 0
checker 2 player 5 1 0 0 0 0 2 0 2 -1 2 0 0 0 -1 2 -1 -2 -2 -3 -2 -3 3 2 0 0 1 1
checker 2 opponent 6 5 0 -2 0 0 -2 -3 3 2 3 2 2 1 -2 1 0 0 0 -1 1 -2 0 -2 -1 0 0 0
checker 2 player 4 1 0 0 0 1 2 0 2 -1 1 0 0 0 0 2 -1 -2 -2 -2 -3 -3 3 2 -1 0 2 0
checker 2 opponent 6 1 0 -2 0 1 -2 -3 3 3 2 2 2 1 -2 0 0 0 0 0 1 -2 0 -2 -2 0 0 0
checker 2 player 2 1 0 0 0 2 2 0 2 0 0 0 0 0 0 2 -2 -2 -2 -2 -3 -3 3 2 -1 0 2 0
checker 2 player 6 2 0 0 0 2 2 1 1 0 0 0 0 1 0 1 -2 -2 0 0 -3 -3 3 2 -3 -2 2 0
checker 2 opponent 6 4 0 -2 2 3 -2 -3 3 3 0 0 2 2 0 0 -1 0 0 0 0 -1 -2 -2 -2 0 0 0
checker 2 player 6 1 0 0 0 2 2 2 1 0 0 0 0 1 0 0 -2 -2 0 0 -2 -3 3 2 -4 -2 2 0
checker 2 opponent 6 5 0 -2 2 4 -2 -3 3 2 0 0 2 2 0 0 0 0 0 0 0 -1 -2 -3 -2 0 0 0
checker 2 player 6 3 0 0 0 2 3 2 1 0 0 0 0 0 0 0 -1 -2 0 0 -2 -4 3 2 -4 -2 2 0
checker 2 player 6 2 1 0 0 2 3 2 1 0 0 0 0 1 0 0 0 -2 0 0 -2 -4 2 2 -4 -2 2 0
checker 2 player 3 2 0 0 0 0 2 2 2 1 1 0 0 0 0 2 -2 -2 -3 -3 -2 -3 2 2 0 0 1 0
checker 2 opponent 3 2 0 -1 0 0 -2 -2 3 2 3 3 2 2 -1 0 0 0 0 -2 -1 -2 -2 -2 0 0 0 0
checker 2 player 6 2 0 0 0 0 2 2 2 1 2 0 0 0 0 1 -2 -2 -3 -3 -2 -2 2 2 0 0 -1 1
checker 2 opponent 3 2 0 1 -1 0 -2 -2 2 2 3 3 2 2 0 0 0 0 0 -2 -2 -2 -2 -2 0 0 0 0
checker 2 player 2 2 0 0 0 0 2 2 2 2 2 0 0 0 0 0 -2 0 -3 -4 -3 -2 2 2 0 1 -1 0
checker 2 opponent 5 3 0 1 -1 0 -2 -2 2 3 4 3 0 2 0 0 0 0 0 -2 0 -2 -2 -2 -2 0 0 0
checker 2 player 6 5 0 0 0 2 2 2 2 0 2 0 0 0 0 0 0 0 -3 -5 -3 -3 2 2 0 1 -1 0
checker 2 opponent 5 4 0 1 -1 0 -2 -2 3 3 5 3 0 0 0 0 0 0 0 0 0 -2 -2 -2 -3 -1 0 0
checker 2 player 5 4 0 0 1 3 2 2 2 0 0 0 0 0 0 0 0 0 -3 -4 -2 -3 2 2 -2 1 -1 0
checker 2 opponent 5 4 0 0 0 0 -2 -3 3 2 3 2 2 0 0 3 0 0 0 0 -1 -2 -3 -2 0 -2 0 0
checker 2 player 5 2 0 0 2 0 2 3 2 1 0 0 0 0 -1 0 0 -2 -3 -4 -2 -3 3 2 0 0 0 0
checker 2 opponent 4 4 0 0 0 0 -2 -3 3 2 4 3 2 0 0 1 0 0 0 0 -1 -1 -2 -2 -1 -2 -1 0
checker 2 player 4 3 0 1 2 1 2 2 1 1 0 0 0 0 0 0 0 0 -4 -4 -2 -4 3 2 0 -1 0 0
checker 2 opponent 5 4 0 0 1 0 -2 -3 4 2 4 4 0 0 0 0 0 0 0 0 -1 0 -1 -2 -2 -2 -2 0
checker 2 player 5 2 0 2 2 2 2 1 0 1 0 0 0 0 0 0 0 0 -4 -3 -2 -3 3 2 -1 -2 0 0
checker 2 opponent 6 6 0 0 2 1 -2 -2 3 2 3 4 -1 0 0 0 0 0 0 0 0 0 -2 -2 -2 -2 -2 0
checker 2 player 6 2 0 2 2 2 2 2 0 0 0 0 0 0 0 0 0 1 0 -3 -2 -3 2 2 -5 -2 0 0
checker 2 opponent 1 1 0 0 2 5 -2 -2 3 2 3 0 0 0 0 0 0 0 0 0 -1 0 -2 -2 -2 -2 -2 0
checker 2 player 5 4 0 2 2 2 2 2 0 1 0 0 0 0 0 0 0 0 0 0 -4 -4 2 2 -5 -2 0 0
checker 2 opponent 6 1 0 0 0 2 -2 -3 2 3 2 2 0 0 -2 2 0 0 0 -2 0 -3 2 -1 -2 0 0 0
checker 2 player 6 6 0 0 0 2 1 -1 3 0 2 0 0 0 -3 2 0 0 -2 -2 -3 -2 3 2 -2 0 0 0
checker 2 opponent 2 1 0 0 0 0 -3 -2 3 2 3 2 2 0 0 3 0 0 0 0 -2 -2 -2 -2 0 -2 0 0
checker 2 opponent 6 5 0 0 0 0 -3 -2 3 2 3 2 3 0 0 2 0 0 0 0 0 0 -2 -2 0 -4 -2 0
checker 2 player 4 3 0 2 4 0 2 2 0 0 0 0 0 0 -1 0 0 -3 -2 -3 -2 -3 2 3 0 -1 0 0
checker 2 opponent 2 1 0 0 1 0 -3 -2 3 2 3 2 3 0 0 1 0 0 0 0 0 0 0 -2 0 -5 -3 0
checker 2 player 2 1 0 0 0 0 2 2 2 1 1 0 0 0 -2 2 0 -2 -3 -3 -2 -2 2 2 0 0 -1 1
checker 2 opponent 1 1 0 1 0 -1 -2 -2 2 2 3 3 2 0 -2 2 0 0 0 -1 -1 -2 -2 -2 0 0 0 0
checker 2 player 5 5 0 0 0 0 2 2 2 1 1 0 0 0 -2 2 0 -2 -2 -2 -3 -3 2 2 1 0 -1 0
checker 2 opponent 5 1 0 1 0 -1 -2 -2 3 3 2 2 2 0 0 2 0 0 0 -1 -1 -2 -2 -2 -2 0 0 0
checker 2 player 6 5 0 0 0 2 2 2 2 1 1 0 0 0 -2 0 0 -2 -2 -2 -2 -3 2 2 1 0 -2 0
checker 2 opponent 6 1 0 -1 0 0 -2 -3 3 2 3 2 2 0 -1 2 0 0 0 0 -2 -2 -2 -2 0 1 0 0
checker 2 player 5 5 0 0 0 0 2 2 2 2 -1 0 0 0 -1 -1 0 -2 -2 -3 -2 -3 3 2 0 0 1 1
checker 2 opponent 2 1 0 -1 0 0 -2 -4 3 2 3 2 2 0 1 1 0 0 0 1 0 -1 -2 -2 0 -2 -1 0
checker 2 player 1 1 0 1 2 0 2 2 1 0 -1 0 0 0 0 0 -2 -2 -2 -3 -2 -3 4 2 0 0 1 0
checker 2 opponent 5 3 0 0 0 -1 -2 -4 3 2 3 2 2 2 0 0 0 0 0 1 0 0 -2 -3 0 -2 -1 0
checker 2 player 6 1 0 1 2 0 3 2 0 0 0 0 0 -1 0 0 -2 -2 -2 -3 -2 -2 4 2 1 0 -1 0
checker 2 opponent 5 1 0 1 0 0 -3 -4 2 2 3 2 2 2 0 0 1 0 0 0 0 0 -2 -3 0 -2 -1 0
checker 2 player 6 2 0 1 2 0 3 2 0 0 0 0 0 -1 0 0 -2 -2 -2 -2 -2 -2 4 3 0 -1 -1 0
checker 2 opponent 5 4 0 1 1 0 -3 -4 2 2 2 2 2 2 0 0 1 0 0 0 0 0 -1 -3 -1 -2 -1 0
checker 2 opponent 1 1 0 1 2 0 -3 -4 2 2 2 2 2 1 0 0 1 0 0 0 0 0 0 -3 -1 -2 -2 0
checker 2 player 5 1 0 2 2 1 3 0 0 0 0 0 0 0 0 0 -2 -2 -2 -2 -2 -2 4 3 0 -1 -2 0
checker 2 opponent 5 5 0 2 1 0 -3 -4 2 2 2 2 2 2 0 0 0 0 0 0 0 0 0 -2 -2 -2 -2 0
checker 2 player 4 2 0 2 2 2 2 0 0 0 0 0 0 0 0 0 0 -2 -2 0 -2 -4 4 3 -2 -1 -2 0
checker 2 opponent 6 1 0 2 1 2 -2 -4 4 2 -1 2 2 0 0 0 0 0 0 0 0 0 0 -2 -1 -2 -3 0
checker 2 opponent 6 4 1 2 2 2 -2 -4 4 2 0 1 2 0 0 0 0 0 0 0 0 0 0 -2 -1 -2 -3 0
checker 2 player 4 3 0 3 2 1 2 0 0 0 0 0 0 0 0 0 0 -1 0 0 -2 -5 4 2 -3 -2 -2 1
checker 2 opponent 5 3 0 2 2 3 -3 -3 5 2 -1 0 1 0 0 0 0 0 0 0 0 0 0 -2 -1 -2 -3 0
checker 2 player 6 1 0 3 2 1 2 0 0 0 0 0 0 0 0 0 0 0 0 1 -2 -5 3 3 -3 -3 -2 0
checker 2 opponent 4 2 0 2 3 3 -2 -3 5 2 0 -1 -1 0 0 0 0 0 0 0 0 0 0 -2 -1 -2 -3 0
checker 2 player 3 1 0 3 2 1 2 0 0 0 0 0 0 0 0 0 0 1 1 0 -2 -4 3 2 -2 -4 -3 0
checker 2 opponent 5 1 0 3 4 2 -2 -3 4 2 0 -1 0 0 0 0 -1 0 0 0 0 0 0 -2 -1 -2 -3 0
checker 2 player 5 3 0 3 2 1 2 0 0 0 0 0 0 1 0 0 0 0 1 0 0 -5 3 2 -2 -5 -3 0
checker 2 opponent 3 1 0 3 5 2 -2 -3 5 0 0 0 0 0 -1 0 0 0 0 0 0 -1 0 -2 -1 -2 -3 0
checker 2 player 3 3 0 3 2 1 2 0 1 0 0 0 0 0 0 1 0 0 0 0 0 -4 3 2 -3 -5 -2 0
checker 2 opponent 4 1 0 2 5 3 -2 -2 4 0 0 0 0 0 0 0 -1 -1 0 0 0 -1 0 -2 -1 -2 -3 0
checker 2 player 5 1 0 3 2 1 2 0 1 0 0 0 1 1 0 0 0 0 0 0 0 -3 2 2 -3 -5 -3 0
checker 2 opponent 3 1 0 3 5 3 -2 -2 3 0 0 0 0 0 0 0 0 0 -1 0 0 -2 0 -2 -1 -2 -3 0
checker 2 player 3 2 0 3 2 1 2 0 2 0 0 1 0 0 0 0 0 0 0 0 0 -2 2 2 -4 -5 -2 0
checker 2 player 6 4 0 0 0 2 0 -2 3 0 3 0 0 0 -1 2 1 0 -3 -2 -2 -3 2 2 -2 0 0 0
checker 2 opponent 3 2 0 0 0 2 -2 -2 3 2 2 3 0 0 -2 1 0 0 0 -3 0 -3 2 -1 -2 0 0 0
checker 2 player 4 1 0 0 0 2 1 -2 3 0 3 0 0 0 0 2 0 0 -3 -3 -2 -3 2 2 -2 0 0 0
checker 2 opponent 6 3 0 0 0 2 -2 -2 3 2 3 3 0 0 -2 0 0 0 0 -2 0 -3 2 -2 -1 -1 0 0
checker 2 player 4 3 0 0 1 1 2 -2 3 0 2 0 0 0 0 2 0 0 -2 -2 -2 -4 2 2 -2 -1 0 0
checker 2 opponent 4 4 0 0 1 2 -2 -2 4 2 2 2 0 0 -1 0 0 0 -1 -2 0 -2 2 -2 -2 -1 0 0
checker 2 opponent 3 1 0 0 2 2 -3 -3 3 2 2 2 0 0 1 0 0 0 1 -2 0 -2 0 -2 -2 -1 0 0
checker 2 player 5 2 0 0 1 2 2 0 2 0 2 0 0 0 0 -2 0 0 -2 -2 -2 -3 3 3 -2 -2 0 0
checker 2 opponent 5 3 0 0 2 2 -3 -2 3 2 2 2 -1 0 2 0 0 0 0 -1 0 -3 0 -2 -2 -1 0 0
checker 2 player 5 3 0 0 1 2 2 0 3 0 1 0 0 0 0 0 0 1 -3 -2 -3 -3 2 3 -2 -2 0 0
checker 2 opponent 5 2 0 0 2 2 -3 -2 3 3 2 3 0 0 0 0 0 -1 0 0 0 -3 -1 -2 -2 -1 0 0
checker 2 player 5 3 0 0 1 2 2 1 3 0 0 0 1 0 0 0 0 0 -3 0 -3 -4 2 3 -3 -2 0 0
checker 2 opponent 6 4 0 0 2 3 -3 -2 4 3 0 3 0 0 0 0 0 0 0 0 0 -2 -2 -2 -3 -1 0 0
checker 2 player 6 3 0 0 1 3 2 2 2 0 0 0 0 0 0 0 0 0 -2 0 -2 -4 2 3 -5 -2 0 0
checker 2 opponent 6 4 0 0 2 5 -2 -2 4 2 0 2 0 0 0 -1 0 0 0 0 0 -2 -2 -2 -3 -1 0 0
checker 2 player 4 3 0 0 1 3 2 2 2 0 0 0 0 0 1 0 0 0 -2 0 0 -4 2 2 -6 -2 -1 0
checker 2 opponent 4 2 0 1 2 6 -2 -2 4 0 0 2 0 0 0 0 0 0 0 0 0 -2 -3 -2 -3 -1 0 0
checker 2 player 3 1 0 0 1 3 2 3 2 0 0 0 0 0 0 0 0 0 -2 0 0 -3 2 2 -5 -3 -2 0
checker 2 player 5 1 0 0 3 2 2 2 2 0 0 0 0 0 0 0 0 0 -2 0 0 0 2 2 -5 -6 -2 0
checker 2 player 5 1 0 0 0 0 2 -1 2 1 2 0 0 0 -2 2 0 -2 -2 -2 -2 -3 3 2 0 -1 1 0
checker 2 opponent 6 1 0 -1 1 0 -2 -3 3 2 2 2 2 0 -1 2 0 0 0 -2 -2 -2 1 -2 0 0 0 0
checker 2 player 6 3 0 0 0 0 2 -1 2 2 2 0 0 0 0 -1 0 -2 -2 -2 -3 -3 3 2 0 -1 1 1
checker 2 opponent 4 2 0 -1 1 -1 -2 -2 3 3 2 2 2 -1 1 0 0 0 0 -2 -2 -2 1 -2 0 0 0 0
checker 2 opponent 6 2 0 1 -1 -1 -2 -2 3 2 2 2 2 -1 1 0 0 0 0 -2 -2 -2 1 -2 0 0 0 1
checker 2 player 4 3 0 0 -1 0 2 0 2 2 2 0 0 -1 0 -1 1 -2 -2 -2 -2 -3 2 2 1 1 -1 0
checker 2 opponent 6 3 0 1 -1 -1 -2 -2 3 2 2 2 2 0 1 0 0 0 0 -2 -3 -2 0 -2 0 1 0 1
checker 2 player 5 3 0 0 -1 0 2 0 2 3 2 -1 0 0 0 -1 0 -2 -2 -2 -2 -3 2 2 1 1 -1 0
checker 2 opponent 4 1 0 1 0 -1 -2 -3 3 2 2 2 2 0 1 0 0 0 1 -2 -2 -2 0 -2 0 -1 0 1
checker 2 player 6 6 0 0 1 0 2 -1 2 2 2 -1 0 0 0 -1 0 -2 -2 -2 -2 -3 3 2 1 0 -1 0
checker 2 player 3 3 0 0 2 0 2 2 2 2 0 0 0 0 -1 0 0 -3 -3 -3 -2 -3 2 3 0 0 0 0
checker 2 opponent 6 5 0 0 0 0 -3 -2 3 2 3 3 3 0 0 1 0 0 0 0 -1 0 -2 -2 -2 -2 -1 0
checker 2 opponent 6 5 0 0 1 0 -3 -2 3 2 3 3 3 0 0 0 0 0 0 0 0 0 -2 -2 -2 -3 -1 0
checker 2 player 6 3 0 1 3 2 2 2 0 0 0 0 0 0 0 0 0 -3 -2 -2 -2 -3 2 3 -2 -1 0 0
checker 2 opponent 6 2 0 -1 0 0 -2 -2 3 2 3 2 2 0 -1 3 0 0 0 -2 -1 -2 -2 -2 0 0 0 0
checker 2 player 5 5 0 0 0 0 2 2 2 1 2 0 0 0 -2 1 0 -2 -2 -2 -3 -4 2 2 0 0 1 0
checker 2 opponent 2 1 0 -1 0 0 -2 -2 4 3 2 2 2 0 0 2 0 0 0 -1 0 -2 -2 -2 -2 -1 0 0
checker 2 player 6 4 0 0 1 2 2 2 2 0 1 0 0 0 -1 0 0 -3 -2 -2 -3 -4 2 2 0 0 1 0
checker 2 opponent 6 4 0 0 0 0 -2 -2 4 3 2 2 3 -1 0 1 0 0 0 -1 0 -2 -2 -2 -2 -1 0 0
checker 2 player 4 4 0 0 1 2 2 2 2 0 1 0 0 0 0 0 1 -3 -2 -2 -3 -4 2 2 -1 0 0 0
checker 2 opponent 3 1 0 0 0 1 -2 -2 4 3 2 2 3 0 0 0 0 0 0 0 0 -2 -2 -3 -2 -2 0 0
checker 2 player 3 2 0 0 2 2 3 2 2 0 0 0 0 0 0 0 0 -2 -3 -2 -3 -3 2 2 -2 0 0 0
checker 2 opponent 4 3 0 0 0 2 -2 -2 3 3 2 3 2 0 0 0 0 0 0 0 0 -1 -2 -3 -2 -2 -1 0
checker 2 opponent 4 3 0 0 1 2 -2 -2 3 3 2 2 2 0 0 0 0 0 0 0 0 0 0 -3 -2 -3 -3 0
checker 2 player 5 1 0 3 3 2 3 0 0 0 0 0 0 0 0 0 0 0 -2 -2 -4 -4 2 2 -2 -1 0 0
checker 2 opponent 4 2 0 0 0 0 -3 -2 3 2 3 2 2 0 0 3 0 0 0 0 0 0 -2 -2 -2 -4 0 0
checker 2 player 6 3 0 0 4 2 2 2 0 0 0 0 0 0 -2 0 0 -2 -2 -3 -3 -3 2 3 0 0 0 0
checker 2 opponent 6 5 0 -1 0 0 -2 -3 3 2 3 2 2 0 -2 2 0 0 0 0 -2 -2 -1 -2 0 1 0 0
checker 2 player 6 2 0 0 0 0 2 1 2 2 -1 0 0 0 -2 2 0 -2 -2 -3 -2 -2 3 2 0 0 -1 1
checker 2 opponent 4 2 0 1 -1 0 -2 -2 2 2 3 2 2 -1 -2 2 0 0 0 1 -2 -2 -1 -2 0 0 0 0
checker 2 player 3 1 0 0 0 0 2 1 2 2 -1 0 0 0 -1 2 0 -2 -2 -3 -3 -2 2 2 0 1 -1 1
checker 2 opponent 4 4 0 1 0 -2 -2 -2 2 3 3 2 2 0 -2 1 0 0 0 1 -2 -2 -1 -2 0 0 0 0
checker 2 player 3 1 0 0 0 0 2 1 2 2 0 0 0 0 0 2 0 -2 -4 -3 -3 -1 2 2 2 -1 -1 0
checker 2 opponent 4 1 0 1 1 -2 -2 -2 1 3 3 4 2 0 -1 0 0 0 -1 0 -2 -2 -1 -2 0 0 0 0
checker 2 player 1 1 0 0 0 0 2 1 2 2 0 1 0 0 0 1 0 -1 -4 -3 -3 -2 2 2 2 0 -2 0
checker 2 opponent 3 1 0 2 0 -2 -2 -2 2 3 3 4 1 0 -1 0 0 0 0 0 -2 -2 -2 -2 0 0 0 0
checker 2 player 6 3 0 0 0 0 2 2 2 2 0 0 0 0 0 1 0 0 -4 -3 -3 -3 2 2 2 0 -2 0
checker 2 opponent 5 1 0 2 0 -2 -2 -2 3 3 3 4 0 0 0 0 0 0 0 0 -2 -2 -2 -3 0 0 0 0
checker 2 player 6 5 0 0 0 0 3 2 2 2 0 0 0 0 0 0 0 0 -3 -4 -2 -3 2 2 2 -1 -2 0
checker 2 opponent 3 3 0 0 0 2 -3 -2 2 3 2 2 0 0 -2 2 0 0 0 -2 0 -2 2 -2 -2 0 0 0
checker 2 player 5 2 0 0 0 2 2 -2 2 0 2 0 0 0 0 2 0 -2 0 -2 -3 -4 2 3 -2 0 0 0
checker 2 opponent 3 1 0 0 0 2 -2 -2 4 3 2 0 2 -1 -2 0 0 0 0 -2 0 -2 2 -2 -2 0 0 0
checker 2 player 3 1 0 0 0 2 2 -2 2 0 2 0 0 0 0 2 1 -2 0 -2 -3 -3 2 2 -2 -1 0 0
checker 2 opponent 6 1 0 0 1 2 -2 -2 3 3 2 0 2 0 -2 0 0 -1 0 -2 0 -2 2 -2 -2 0 0 0
checker 2 player 6 4 0 0 0 2 2 -2 2 0 2 0 1 0 0 2 0 -2 0 -2 -2 -3 2 2 -2 0 -2 0
checker 2 opponent 4 2 0 -1 0 0 -2 -2 3 2 3 2 2 0 -2 3 0 0 0 -1 -1 -2 -2 -2 0 0 0 0
checker 2 player 4 2 0 0 0 0 2 2 2 1 1 0 0 0 -2 2 0 -2 -2 -3 -3 -3 2 2 0 0 1 0
checker 2 opponent 3 1 0 -1 0 0 -2 -2 3 3 3 2 2 0 -1 2 0 0 0 -1 -2 -2 -2 -2 0 0 0 0
checker 2 player 1 1 0 0 0 0 2 2 2 2 1 0 0 0 -1 -1 0 -2 -2 -3 -3 -2 2 2 -1 0 1 1
checker 2 opponent 6 1 0 0 -2 1 -2 -2 2 3 3 2 2 0 1 1 0 0 0 -1 -1 -3 -2 -2 0 0 0 0
checker 2 player 5 4 0 0 0 0 2 2 3 1 1 0 0 0 0 -1 0 -2 -2 -3 -3 -3 2 2 -1 2 0 0
checker 2 opponent 3 3 0 0 -2 1 -2 -2 3 3 3 2 2 0 1 0 0 0 0 0 0 -3 -2 -2 -2 0 0 0
checker 2 player 5 1 0 0 0 2 2 2 3 0 0 0 0 0 0 0 0 -2 -2 -3 -3 -2 2 2 -3 2 0 0
checker 2 opponent 6 2 0 0 -2 3 -2 -2 2 3 3 2 2 0 0 0 0 0 0 0 0 -2 -2 -2 -1 -1 -1 0
checker 2 player 4 1 0 1 1 1 2 2 2 0 0 0 0 0 0 0 0 -2 -2 -3 -2 -2 2 2 -2 2 -2 0
checker 2 opponent 5 4 0 2 -2 2 -2 -2 2 2 3 2 2 0 0 0 0 0 0 0 0 -2 -1 -2 0 -2 -2 0
checker 2 player 5 3 0 2 2 0 2 1 2 0 0 0 0 0 0 0 0 -1 -2 -2 -2 -3 2 2 -3 2 -2 0
checker 2 opponent 5 1 0 -1 0 0 -2 -2 3 2 3 2 2 0 -1 3 -1 0 0 0 -2 -2 -2 -2 0 0 0 0
checker 2 opponent 6 1 1 1 0 0 -2 -3 2 2 3 2 2 0 1 2 -1 0 0 0 -2 -2 -2 -2 0 0 0 0
checker 2 player 4 4 0 0 0 0 2 2 2 2 0 0 0 1 0 -2 0 -2 -2 -3 -3 -2 3 2 0 0 -1 1
checker 2 opponent 6 2 0 1 0 0 -3 -3 2 3 3 2 2 0 2 0 0 0 0 0 -1 -2 -2 -2 -2 0 0 0
checker 2 player 5 4 0 0 0 2 2 2 2 1 0 0 0 0 0 0 0 -3 -2 -3 -3 -3 3 3 0 0 -1 0
checker 2 opponent 6 3 0 1 0 0 -3 -3 3 3 3 2 3 0 0 0 0 0 0 0 0 -1 -2 -2 -2 -2 0 0
checker 2 player 4 3 0 0 2 2 2 2 1 0 0 0 0 0 0 0 0 -2 -2 -3 -3 -3 3 3 0 0 -2 0
checker 2 opponent 6 3 0 2 0 0 -3 -3 3 3 3 2 2 0 0 0 0 0 0 0 0 0 -1 -2 -3 -2 -1 0
checker 2 opponent 4 2 0 2 1 1 -3 -3 2 3 2 2 2 0 0 0 0 0 0 0 0 0 0 -1 -3 -2 -3 0
checker 2 player 5 2 0 3 2 3 1 0 0 0 0 0 0 0 0 0 0 -2 -2 -1 -2 -3 3 3 -2 -1 -2 0
checker 2 opponent 4 3 0 2 1 2 -3 -3 3 2 1 2 2 0 0 0 0 0 0 0 0 0 0 -1 -2 -2 -4 0
checker 2 player 6 2 0 4 2 2 1 0 0 0 0 0 0 0 0 0 0 0 -2 -1 -3 -4 3 3 -2 -1 -2 0
checker 2 opponent 4 1 0 2 1 2 -3 -2 4 3 1 2 0 0 0 -1 0 0 0 0 0 0 0 -1 -2 -2 -4 0
checker 2 player 6 4 0 4 2 2 1 0 0 0 0 0 0 0 1 0 0 0 -2 0 -3 -4 2 3 -3 -1 -2 0
checker 2 opponent 3 2 0 2 1 3 -2 -2 4 3 0 2 -1 0 0 0 0 0 0 -1 0 0 0 -1 -2 -2 -4 0
checker 2 player 6 6 0 4 2 2 1 0 0 0 1 0 0 0 0 0 0 1 0 0 -4 -5 2 2 -3 -1 -2 0
checker 2 opponent 2 1 0 -1 0 0 -2 -3 3 2 3 2 2 0 0 2 -1 0 0 -3 -1 -2 0 -2 0 1 0 0
checker 2 player 5 3 0 0 0 0 2 -1 2 1 3 0 0 1 -2 0 0 -2 -2 -3 -2 -3 3 2 0 0 1 0
checker 2 opponent 2 2 0 -1 0 0 -2 -3 3 2 3 2 2 0 0 2 -1 0 0 -2 0 -2 -1 -2 0 -1 0 1
checker 2 player 6 5 0 0 -1 0 2 1 2 0 2 0 0 1 0 0 -2 -2 -2 -2 -2 -4 3 2 0 0 1 1
checker 2 opponent 4 1 0 -1 0 0 -2 -4 4 2 2 2 2 2 0 0 0 0 0 -2 0 -2 -2 -2 0 1 0 0
checker 2 player 6 3 0 0 0 -1 2 2 2 0 2 0 0 0 0 0 -2 -2 -2 -2 -2 -3 4 2 0 -1 1 0
checker 2 opponent 6 1 0 -1 1 0 -2 -4 3 2 2 2 2 2 0 0 0 0 0 0 0 -2 -3 -2 1 -1 0 0
checker 2 player 5 1 0 0 1 0 2 3 2 0 0 0 -1 0 0 0 -2 -2 -2 -2 -2 -3 4 2 0 -1 1 0
checker 2 opponent 2 2 0 -1 1 0 -2 -4 3 2 2 2 2 2 0 0 0 1 0 0 0 0 -4 -2 0 -1 -1 0
checker 2 player 3 1 0 1 1 0 2 4 0 0 0 0 0 0 0 0 -2 -2 -2 -2 -3 -3 4 2 0 -1 1 0
checker 2 opponent 5 1 0 0 1 0 -3 -4 3 3 2 2 2 2 0 0 0 0 0 0 0 0 -3 -3 0 -1 -1 0
checker 2 opponent 5 5 0 1 1 0 -3 -4 3 2 2 2 2 2 0 0 0 0 0 0 0 0 -3 -3 0 -1 -1 0
checker 2 player 6 6 0 1 1 0 3 3 0 0 0 0 0 0 0 0 0 -2 -2 -2 -2 -3 4 3 0 -1 -3 0
checker 2 opponent 6 1 0 3 1 0 -3 -2 3 2 2 2 2 0 0 0 0 0 0 -2 0 0 -3 -3 0 -1 -1 0
checker 2 player 3 2 0 1 1 0 3 3 0 0 2 0 0 0 0 0 0 -2 0 -3 -2 -3 2 3 -1 -1 -3 0
checker 2 opponent 6 2 0 3 1 1 -3 -2 3 2 3 0 2 0 0 0 0 0 0 -1 0 -1 -3 -2 0 -1 -2 0
checker 2 player 6 2 0 2 1 0 2 3 1 0 1 0 0 0 0 0 0 -2 0 -2 -2 -3 2 3 0 -2 -4 0
checker 2 opponent 6 5 0 4 2 0 -3 -2 3 2 2 0 2 0 0 0 0 0 0 0 0 -1 -2 -2 -1 -2 -2 0
checker 2 player 5 3 0 2 2 1 2 2 1 0 0 0 0 0 0 0 0 -2 0 0 -2 -3 2 3 -1 -3 -4 0
checker 2 opponent 6 2 0 4 3 1 -2 -2 3 2 0 -1 2 0 0 0 0 0 0 0 0 0 -2 -2 -2 -2 -2 0
checker 2 player 4 1 0 2 2 2 2 2 0 0 0 0 0 0 0 0 0 -1 1 0 -2 -3 2 2 -1 -4 -4 0
checker 2 player 5 3 0 0 0 2 0 -1 3 0 3 0 0 0 -3 2 0 0 -2 -2 -3 -2 2 3 -2 0 0 0
checker 2 opponent 4 2 0 0 0 2 -3 -2 2 3 2 2 0 0 -1 3 0 0 0 -3 0 -3 -1 0 -2 0 0 1
checker 2 player 6 2 0 0 -1 2 0 1 3 0 3 0 0 0 -2 1 0 0 -3 -2 -3 -2 2 3 -2 0 0 0
checker 2 opponent 6 3 0 0 0 2 -2 -2 2 3 2 3 0 0 -2 2 0 0 0 -3 0 -3 -1 0 -2 1 0 0
checker 2 player 6 4 0 0 0 2 0 0 3 0 3 0 0 -1 -2 2 0 0 -3 -2 -3 -2 2 2 -2 0 0 1
checker 2 opponent 5 1 0 0 0 2 -2 -2 2 3 2 3 -1 0 -2 2 1 0 0 -3 0 -3 0 0 -2 0 0 0
checker 2 player 4 3 0 0 0 2 0 0 3 0 3 0 0 0 -2 2 0 1 -4 -2 -2 -3 2 2 -2 0 0 0
checker 2 opponent 3 1 0 0 0 2 -2 -2 3 2 2 4 -1 0 -2 2 0 0 0 -1 0 -3 -1 -1 -2 0 0 0
checker 2 player 3 3 0 0 0 2 1 1 3 0 1 0 0 0 -2 2 0 1 -3 -2 -2 -4 2 2 -1 -1 0 0
checker 2 opponent 4 4 0 0 1 1 -2 -2 4 2 2 3 -1 0 -1 2 0 0 0 0 0 -3 -2 -2 -2 0 0 0
checker 2 player 5 3 0 0 0 2 2 2 3 0 0 0 0 0 0 1 0 1 -5 -2 0 -4 2 2 -3 -1 0 0
checker 2 opponent 6 2 0 0 1 3 -2 -2 4 0 2 5 0 0 -1 0 0 -1 0 0 0 -3 -1 -2 -2 -1 0 0
checker 2 player 4 4 0 0 1 2 2 1 3 0 0 0 1 0 0 1 0 0 -5 0 0 -5 2 2 -3 -2 0 0
cube 2 player - - 0 0 2 2 2 2 3 0 0 0 0 0 0 0 0 0 -5 0 0 -1 2 2 -3 -2 -4 0
checker 4 opponent 6 4 0 0 2 2 2 2 3 0 0 0 0 0 0 0 0 0 -5 0 0 -1 2 2 -3 -2 -4 0
checker 2 opponent 6 3 0 0 0 0 -2 -3 3 2 3 2 2 0 0 3 0 0 0 0 -1 -2 -2 -2 -1 -2 0 0
checker 2 player 5 2 0 0 2 1 2 2 2 1 0 0 0 0 -1 0 0 -3 -2 -3 -3 -3 3 2 0 0 0 0
checker 2 opponent 3 1 0 0 0 0 -2 -3 3 3 3 2 3 0 0 1 0 0 0 0 -1 -1 -1 -2 -2 -2 -1 0
checker 2 player 6 1 0 1 2 2 2 1 1 1 0 0 0 0 -1 0 0 -2 -2 -3 -3 -4 3 2 0 0 0 0
checker 2 opponent 4 3 0 0 0 0 -2 -2 4 3 3 2 2 -1 0 1 0 0 0 0 -1 0 -2 -2 -2 -2 -1 0
checker 2 player 6 1 0 1 2 2 2 2 0 1 0 0 0 0 0 0 1 -2 -3 -3 -3 -3 2 2 -1 0 0 0
checker 2 opponent 5 2 0 0 0 1 -2 -2 3 3 3 3 2 0 -1 0 0 0 0 0 0 0 -2 -2 -2 -2 -2 0
checker 2 opponent 6 5 0 2 0 0 -2 -2 2 3 3 3 2 0 0 0 0 0 0 0 0 0 -2 -2 -3 -2 -2 0
checker 2 player 4 1 0 2 2 3 2 2 0 0 0 0 0 0 0 0 0 -2 -2 -2 -3 -2 2 2 -2 0 -2 0
checker 2 opponent 3 3 0 2 0 2 -2 -2 2 3 2 2 2 0 0 0 0 0 0 0 0 0 0 -3 -3 -2 -3 0
checker 2 player 4 2 0 3 2 3 3 0 0 0 0 0 0 0 0 0 0 0 0 -2 -5 -4 2 2 -2 0 -2 0
checker 2 player 5 4 0 0 0 0 2 -1 2 1 2 0 0 0 -2 2 0 -2 -2 -2 -2 -4 3 2 0 0 1 0
checker 2 opponent 5 1 0 -1 0 0 -2 -3 4 2 2 2 2 0 -2 2 0 0 0 -1 0 -2 1 -2 -2 0 0 0
checker 2 player 5 5 0 0 0 2 2 0 2 0 1 0 0 -1 -2 2 0 -2 -2 -2 -2 -4 3 2 0 0 1 0
checker 2 opponent 6 5 0 -1 0 0 -2 -3 4 2 2 2 2 0 0 2 1 0 0 -3 0 0 0 -2 -2 0 -2 0
checker 2 player 2 1 0 2 0 2 2 0 0 0 3 0 0 -1 -1 0 0 -2 -2 -2 -3 -3 3 2 0 0 -1 1
checker 2 opponent 2 1 0 1 -1 0 -2 -3 3 3 2 2 2 0 0 1 1 0 0 -2 -1 0 0 -2 -2 0 -2 0
checker 2 player 6 5 0 2 0 2 2 0 0 1 2 0 0 0 -1 0 -1 -2 -2 -2 -3 -3 3 2 0 1 -1 0
checker 2 player 6 3 1 2 0 2 2 0 0 1 2 1 0 0 -1 0 0 -2 -2 -2 -3 -3 2 2 0 1 -1 0
checker 2 opponent 4 2 0 1 0 0 -2 -2 3 3 2 2 2 -1 0 1 0 0 -1 -2 -1 0 0 -2 -2 0 -2 1
checker 2 player 5 3 0 2 -1 2 2 0 0 1 2 1 0 0 0 0 1 -2 -3 -2 -3 -3 2 2 0 0 -1 0
checker 2 opponent 3 2 0 1 0 0 -2 -2 3 3 2 3 2 0 0 0 0 0 -2 -2 0 0 0 -3 -2 1 -2 0
checker 2 player 4 3 0 2 0 2 3 0 0 -1 2 2 0 0 0 0 0 -2 -3 -2 -3 -3 2 2 0 0 -1 0
checker 2 opponent 5 1 0 1 0 0 -2 -2 3 3 2 3 2 0 0 0 0 0 0 -2 1 -1 -1 -3 -2 0 -2 0
checker 2 player 4 3 0 2 0 2 3 1 1 -1 2 0 0 0 0 0 0 -2 -3 -2 -2 -3 2 2 0 0 -2 0
checker 2 opponent 4 1 0 2 0 0 -2 -2 3 2 2 3 2 0 0 0 0 0 0 0 1 -1 -2 -4 -2 0 -2 0
checker 2 player 3 3 0 2 0 2 4 2 1 0 0 0 0 -1 0 0 0 -2 -2 -3 -2 -3 2 2 0 0 -2 0
checker 2 opponent 6 5 0 2 0 0 -2 -2 3 2 3 2 2 0 0 0 1 0 0 0 0 0 0 -3 -3 -2 -3 0
checker 2 player 6 6 0 3 2 3 3 0 0 0 0 0 0 0 0 0 0 -2 -3 -2 -2 -3 2 2 0 -1 -2 0
checker 2 opponent 1 1 0 0 0 0 -2 -3 3 2 3 2 2 0 0 3 0 0 0 0 -1 -2 -2 -2 -1 -2 0 0
checker 2 player 6 4 0 0 2 1 2 2 2 1 0 0 0 0 -1 0 -2 -2 -2 -3 -2 -3 3 2 0 0 0 0
checker 2 opponent 6 5 0 0 0 0 -2 -3 3 2 3 2 2 2 0 1 0 0 0 0 0 -1 -2 -2 -1 -3 -1 0
checker 2 player 2 2 0 1 3 1 2 2 1 0 0 0 0 0 0 0 -2 -2 -2 -3 -2 -3 3 2 0 -1 0 0
checker 2 opponent 5 4 0 0 1 0 -2 -3 3 2 3 2 2 2 0 0 0 0 0 0 0 0 0 -3 -2 -3 -2 0
checker 2 opponent 3 1 0 0 2 1 -2 -3 2 2 2 2 2 2 0 0 0 0 0 0 0 0 0 -3 -2 -3 -2 0
checker 2 opponent 4 1 0 0 2 1 -2 -3 2 3 2 2 2 1 0 0 0 0 0 0 0 0 0 -3 -2 -3 -2 0
checker 2 player 4 2 0 2 3 2 3 0 0 0 0 0 0 0 0 0 0 -2 -2 -2 -3 -3 3 2 -1 -2 0 0
checker 2 opponent 4 1 0 0 2 1 -2 -3 3 3 2 2 2 0 0 0 0 0 0 0 0 0 0 -2 -2 -4 -2 0
checker 2 opponent 3 3 0 1 1 2 -2 -3 3 2 2 2 2 0 0 0 0 0 0 0 0 0 0 0 -2 -4 -4 0
checker 2 opponent 5 3 0 1 1 2 -2 -3 5 4 2 0 0 0 0 0 0 0 0 0 0 0 0 0 -2 -4 -4 0
checker 2 player 6 5 0 4 4 2 0 0 0 0 0 0 0 0 0 0 0 0 0 -2 -3 -4 3 2 -3 -2 -1 0
checker 2 opponent 5 4 0 1 2 3 -2 -2 4 3 2 0 0 0 0 0 0 0 -1 0 0 0 0 0 -2 -4 -4 0
checker 2 player 3 1 0 4 4 2 0 0 0 0 0 1 0 0 0 0 0 0 0 -2 -2 -3 2 2 -4 -2 -2 0
checker 2 opponent 4 2 0 2 2 4 -2 -2 3 2 2 0 0 0 0 0 0 0 0 0 0 0 -1 0 -2 -4 -4 0
checker 2 player 6 2 0 4 4 2 0 1 0 0 0 0 0 0 0 0 0 0 0 -2 -2 -2 2 2 -3 -3 -3 0
checker 2 player 4 2 0 0 0 2 0 0 3 0 3 -1 0 -1 -2 2 0 0 -2 -2 -3 -2 2 3 -2 0 0 0
checker 2 player 6 3 2 0 0 2 0 0 3 0 3 1 0 1 -2 0 0 0 -2 -2 -3 -2 2 3 -2 0 0 0
checker 2 player 5 4 2 0 0 2 0 2 3 0 2 1 0 0 -2 0 0 0 -2 -2 -3 -2 2 3 -2 0 0 0
cube 2 player - - 2 0 0 2 2 2 3 0 1 0 0 0 -2 0 0 0 -2 -2 -3 -2 2 3 -2 0 0 0
checker 2 player 6 4 2 0 0 2 2 2 3 0 1 0 0 0 -2 0 0 0 -2 -2 -3 -2 2 3 -2 0 0 0
cube 2 player - - 1 0 -1 2 2 2 3 0 1 0 0 1 -2 0 0 0 -2 -2 -3 -2 2 2 -2 0 0 0
checker 4 opponent 5 2 1 0 -1 2 2 2 3 0 1 0 0 1 -2 0 0 0 -2 -2 -3 -2 2 2 -2 0 0 0
checker 2 opponent 5 2 0 -1 0 0 -2 -2 3 2 3 2 2 0 -2 3 0 0 0 -1 0 -1 -2 -2 -2 0 0 0
checker 2 player 4 2 0 0 0 2 2 2 1 0 1 0 0 0 -2 2 0 -2 -2 -3 -2 -4 2 2 0 0 1 0
checker 2 opponent 4 3 0 -1 0 0 -2 -2 4 2 3 2 2 0 -1 2 0 0 -1 0 0 -2 -2 -2 -2 0 0 0
checker 2 player 4 3 0 0 0 2 2 2 2 0 0 1 0 0 0 1 0 -3 -3 -3 -2 -4 2 2 0 0 1 0
checker 2 opponent 5 2 0 -1 0 0 -2 -2 4 2 3 3 3 0 -1 0 0 0 0 0 0 -2 -2 -2 -2 -1 0 0
checker 2 player 5 2 0 0 1 2 2 2 2 0 0 0 0 0 0 1 0 -3 -2 -3 -3 -3 2 2 0 0 -1 1
checker 2 opponent 4 4 0 1 -1 0 -2 -2 3 3 3 2 3 0 0 0 0 0 0 -1 0 -2 -2 -2 -2 -1 0 0
checker 2 opponent 5 5 1 1 2 1 -2 -2 2 2 3 2 2 0 0 0 0 0 0 -1 0 -2 -2 -2 -2 -1 0 0
checker 2 opponent 2 1 1 2 2 4 -2 -2 1 2 0 2 2 0 0 0 0 0 0 -1 0 -2 -2 -2 -2 -1 0 0
checker 2 player 5 2 0 0 1 2 2 2 2 0 1 0 0 0 0 0 0 -2 -1 0 -2 -2 2 2 -4 -2 -2 1
checker 2 opponent 4 4 0 2 2 4 -2 -3 2 2 0 1 2 0 0 0 0 0 0 0 0 -3 -2 -2 -2 -1 0 0
checker 2 player 4 3 0 0 1 2 2 2 3 0 0 0 0 0 0 0 0 0 -1 0 0 -4 3 2 -6 -2 -2 0
cube 2 player - - 1 0 1 2 2 2 3 0 0 0 0 0 0 1 0 0 0 0 0 -4 2 2 -6 -2 -2 0
checker 2 player 5 2 1 0 1 2 2 2 3 0 0 0 0 0 0 1 0 0 0 0 0 -4 2 2 -6 -2 -2 0
cube 2 player - - 1 0 0 2 2 2 3 0 0 0 0 0 1 1 0 0 0 0 0 -3 2 2 -7 -2 -2 0
checker 2 player 6 3 1 0 0 2 2 2 3 0 0 0 0 0 1 1 0 0 0 0 0 -3 2 2 -7 -2 -2 0
checker 2 player 6 6 0 0 2 0 2 2 2 2 0 0 0 0 -2 0 0 -2 -2 -2 -3 -4 2 3 0 0 0 0
checker 2 opponent 5 4 0 0 0 2 -2 -2 2 3 2 2 -1 0 -2 2 0 0 0 -3 0 -3 2 0 -2 0 0 0
checker 2 player 4 1 0 0 0 2 0 -2 3 0 3 0 0 0 0 2 0 1 -3 -3 -3 -2 2 2 -2 0 0 0
checker 2 opponent 5 3 0 0 0 2 -2 -2 2 3 3 3 0 -1 -2 0 0 0 0 -2 0 -3 2 -1 -2 0 0 0
checker 2 player 6 2 0 0 0 2 1 -2 3 0 2 0 0 0 0 2 1 0 -2 -3 -2 -3 2 2 -2 -1 0 0
checker 2 opponent 6 2 0 0 1 2 -2 -2 3 2 3 2 0 0 -2 0 0 0 0 -3 0 -2 2 -2 -2 0 0 0
checker 2 player 3 2 0 0 0 2 2 -2 2 0 3 0 0 0 0 2 0 0 -2 -2 -2 -3 2 2 -1 -2 -1 0
checker 2 opponent 5 3 0 1 2 1 -2 -2 3 2 2 2 0 0 -1 0 0 -1 0 -2 0 -3 2 -2 -2 0 0 0
checker 2 opponent 3 1 2 1 2 1 -2 -2 3 2 2 2 0 0 1 0 0 0 0 -2 0 -3 1 -2 -2 0 0 0
checker 2 opponent 4 4 1 2 1 2 -3 -2 2 2 2 2 0 0 1 0 0 0 0 -2 0 -3 1 -2 -2 0 0 0
checker 2 player 6 2 0 0 0 2 2 0 3 0 2 0 0 0 0 0 0 0 -2 -4 -2 -2 2 3 -2 -1 -2 1
checker 2 opponent 5 1 0 2 -1 2 -2 -2 2 2 4 2 -1 0 0 0 0 0 0 -2 0 -3 0 -2 -2 0 0 1
checker 2 player 2 1 0 0 0 2 2 -1 3 0 2 0 0 0 0 0 0 1 -2 -3 -3 -2 2 2 -2 1 -2 0
checker 2 opponent 5 1 0 2 -1 2 -2 -2 2 3 3 2 0 0 -1 0 0 0 0 -2 0 -2 -1 -2 -2 0 0 1
checker 2 player 4 1 0 0 0 2 2 -1 2 0 2 0 0 0 0 1 0 0 -2 -3 -2 -3 2 2 -2 1 -2 1
checker 2 opponent 2 1 0 2 -1 2 -2 -3 3 2 3 2 0 0 -1 0 0 0 0 -2 0 -2 1 -2 -2 0 0 0
checker 2 player 3 1 0 0 0 2 2 0 2 -1 2 0 0 0 0 1 0 0 -2 -2 -3 -3 3 2 -2 1 -2 0
checker 2 opponent 3 2 0 2 0 2 -2 -4 3 3 2 2 0 0 -1 0 0 0 0 -1 -1 -2 0 -2 -2 0 0 1
checker 2 player 5 2 0 0 0 2 2 -1 2 1 1 0 0 0 0 1 0 0 -2 -2 -3 -3 4 2 -2 0 -2 0
checker 2 opponent 5 3 0 2 0 2 -2 -3 3 3 2 2 -1 0 -1 0 0 0 0 -1 0 -2 -1 -2 -2 0 0 1
checker 2 opponent 4 2 1 2 0 2 -2 -4 3 3 2 2 -1 0 -1 0 0 0 0 1 0 -2 0 -2 -2 0 0 0
checker 2 player 5 5 0 0 0 2 2 0 2 0 -1 0 0 0 0 1 0 1 -1 -2 -3 -3 4 2 -3 0 -2 1
checker 2 opponent 6 2 0 -1 0 0 -2 -3 3 2 3 2 2 0 -2 2 0 0 0 -2 0 -2 -1 -1 -1 1 0 0
checker 2 player 5 1 0 0 -1 1 1 1 2 0 2 0 0 0 -1 2 -1 -2 -2 -2 -2 -3 3 2 0 -1 1 0
checker 2 opponent 5 1 0 -1 1 0 -2 -3 3 2 2 2 2 1 -1 0 0 0 0 -2 -1 -2 -1 -1 -1 1 0 1
checker 2 opponent 6 1 0 1 -1 0 -2 -4 3 2 2 2 2 1 -1 0 0 0 0 -2 -1 -2 1 -1 -1 1 0 0
checker 2 player 2 1 0 0 -1 1 1 0 2 1 2 0 0 0 -1 1 -1 -2 -2 -2 -2 -3 4 2 0 1 -1 0
checker 2 opponent 4 2 0 1 -1 0 -2 -4 3 2 2 2 2 1 0 -1 0 0 0 -2 0 -2 -1 -1 -1 1 0 1
checker 2 player 3 2 0 0 -2 1 1 1 2 0 2 0 0 0 1 0 0 -2 -2 -2 -3 -3 4 2 0 1 -1 0
checker 2 opponent 3 3 0 1 -1 0 -2 -4 3 3 2 2 2 0 0 0 0 0 -1 -2 0 -2 0 -1 -2 2 0 0
checker 2 player 4 1 0 0 0 2 1 -2 2 0 2 1 0 0 0 0 0 0 -2 -2 -5 -3 4 2 0 1 -1 0
checker 2 opponent 3 1 0 1 -1 0 -2 -4 3 5 2 2 0 0 0 0 0 0 0 -2 0 -2 2 -2 -2 0 0 0
checker 2 player 4 2 0 0 0 2 2 -2 2 0 2 0 0 0 0 0 0 0 -2 -2 -4 -3 4 2 -1 1 -1 0
checker 2 opponent 6 6 0 1 -1 1 -2 -4 3 4 2 2 0 0 0 0 0 0 0 0 0 -3 2 -3 -2 0 0 0
checker 2 player 2 1 0 0 0 2 3 0 3 0 0 0 0 0 0 0 0 0 -2 -4 -4 -3 4 2 -1 1 -1 0
checker 2 opponent 3 1 0 1 0 -1 -2 -4 3 4 4 2 0 0 0 0 0 0 0 0 0 -3 0 -2 -2 -1 0 1
checker 2 player 6 2 0 -1 1 2 2 0 3 0 0 0 0 0 0 0 0 0 -2 -4 -4 -2 4 2 -1 0 -1 1
checker 2 opponent 2 2 0 1 -1 1 -2 -3 2 4 4 2 0 -1 0 0 0 0 0 0 0 -3 0 -2 -2 -1 1 0
checker 2 player 4 1 0 -1 1 2 2 0 3 0 0 0 0 0 0 0 1 0 0 -3 -6 -3 3 2 0 1 -2 0
checker 2 player 5 5 0 -1 2 2 2 0 2 0 0 0 0 0 0 1 0 0 0 -3 -6 -2 3 2 0 1 -3 0
checker 2 player 4 3 0 0 0 0 2 2 2 1 1 0 0 0 -2 2 0 -3 -2 -3 -2 -2 2 2 0 0 -1 1
checker 2 opponent 6 3 0 1 0 -1 -2 -2 2 2 3 2 3 0 -2 2 0 0 0 -1 0 -2 -2 -2 -1 0 0 0
checker 2 player 4 3 0 0 0 1 2 2 2 0 1 0 0 0 -2 2 0 -2 -2 -3 -2 -2 2 2 1 0 -2 0
checker 2 opponent 4 3 0 2 0 -1 -2 -2 2 2 3 2 2 0 -1 2 0 0 0 -1 0 -3 -2 -2 -1 0 0 0
checker 2 player 6 1 0 0 0 1 2 2 3 0 1 0 0 0 -2 1 0 0 -2 -3 -3 -3 2 2 1 0 -2 0
checker 2 opponent 5 2 0 2 0 0 -2 -2 3 3 3 2 -1 0 -1 2 0 0 0 -1 0 -3 -2 -2 -1 0 0 0
checker 2 player 1 1 0 0 0 1 2 2 3 0 1 0 0 0 -2 1 0 1 -2 -2 -2 -4 2 2 0 -1 -2 0
checker 2 opponent 6 1 0 2 1 0 -2 -2 4 2 2 2 -1 0 -1 2 0 0 0 0 -1 -2 -2 -2 -2 0 0 0
checker 2 player 4 2 0 0 0 2 2 2 2 1 0 0 0 0 -2 1 0 1 0 -3 -2 -4 2 2 -1 -1 -2 0
checker 2 opponent 5 1 0 2 1 1 -2 -2 4 2 3 0 -1 0 0 2 0 0 0 0 -2 -2 -2 -2 -2 0 0 0
checker 2 player 5 1 0 0 0 2 2 2 2 2 0 0 0 0 -2 0 0 1 0 -2 -2 -4 2 2 -1 -2 -2 0
checker 2 opponent 3 3 0 2 2 1 -2 -2 4 2 2 0 -1 0 0 2 0 0 0 0 0 -3 -2 -2 -2 -1 0 0
checker 2 opponent 5 2 1 2 2 2 -2 -2 3 3 2 0 1 0 0 0 0 0 0 0 0 -3 -2 -2 -2 -1 0 0
checker 2 player 4 3 0 0 1 2 2 2 3 0 0 0 0 0 0 0 0 0 0 -2 -3 -3 2 2 -3 -2 -2 1
checker 2 opponent 6 6 0 2 2 3 -3 -2 3 3 2 0 0 0 0 0 0 0 0 0 0 -2 -2 -2 -3 -1 0 0
checker 2 player 4 4 0 0 1 3 2 2 2 0 0 0 0 0 0 0 0 0 0 0 -1 -3 2 3 -3 -4 -4 0
checker 2 opponent 6 4 0 4 4 3 -2 -2 3 1 0 0 0 0 0 0 0 0 0 0 0 -2 -3 -2 -3 -1 0 0
checker 2 player 3 2 0 0 1 3 2 3 2 0 0 0 0 0 0 0 0 0 0 0 0 -2 2 2 -4 -4 -4 0
checker 2 opponent 6 5 0 0 0 0 -2 -2 3 2 3 2 3 0 0 2 0 0 0 0 -2 -3 -2 -2 0 -2 0 0
checker 2 player 5 1 0 0 2 0 2 2 3 2 0 0 0 0 0 0 0 -3 -2 -4 -3 -3 2 2 0 0 0 0
checker 2 opponent 4 3 0 0 0 0 -2 -2 3 3 4 2 3 0 0 0 0 0 0 0 -1 -3 -2 -2 0 -2 -1 0
checker 2 player 2 2 0 1 2 0 2 2 3 1 0 0 0 0 0 0 0 -2 -2 -4 -3 -3 2 2 -1 0 0 0
checker 2 opponent 3 2 0 0 0 1 -2 -2 3 3 4 2 2 0 0 0 0 0 0 0 0 -2 -1 -3 -2 -2 -1 0
checker 2 player 5 4 0 1 2 2 3 1 2 0 0 0 0 0 0 0 0 -2 -2 -3 -3 -3 2 2 -2 0 0 0
checker 2 opponent 5 5 0 0 0 2 -2 -2 3 3 3 2 2 0 0 0 0 0 0 0 0 0 -1 -3 -2 -3 -2 0
checker 2 player 6 6 0 2 3 2 3 1 0 0 0 0 0 0 0 0 0 -2 -2 -2 0 -3 2 2 -3 -3 0 0
checker 2 opponent 3 1 0 -1 0 0 -2 -2 3 2 3 2 2 0 -2 3 0 0 0 0 -1 -2 -1 -2 -2 0 0 0
checker 2 player 6 1 0 0 0 2 2 1 2 1 0 0 0 0 -2 2 0 -2 -3 -3 -2 -3 2 2 0 0 1 0
checker 2 player 4 1 0 0 0 2 0 -1 3 0 3 0 0 0 -2 2 0 0 -3 -2 -3 -2 2 3 -2 0 0 0
checker 2 opponent 6 1 0 0 0 2 -3 -2 2 3 2 3 0 0 -2 2 0 0 0 -2 0 -2 -1 -1 -2 0 0 1
checker 2 player 6 6 0 0 0 2 1 1 2 -1 2 0 0 0 -2 2 0 0 -3 -2 -3 -2 2 3 -2 0 0 0
checker 2 opponent 2 1 0 0 0 2 -2 -2 2 3 2 3 0 0 0 2 0 0 -1 -2 -2 -2 -1 -1 -2 0 0 1
checker 2 player 4 3 0 0 -1 2 1 1 2 2 2 1 0 0 -2 0 0 0 -3 -2 -2 -3 2 2 -2 0 0 0
checker 2 opponent 3 1 0 0 0 2 -2 -2 3 2 2 3 0 0 0 2 0 0 -1 0 -2 -2 -2 -2 -2 1 0 0
checker 2 player 5 4 0 0 -1 2 2 2 2 2 0 1 0 0 -2 0 0 0 -2 -3 -2 -2 2 2 -3 0 0 0
checker 2 opponent 2 1 0 -1 0 0 -2 -3 3 2 3 2 2 0 -2 2 0 0 0 -2 -1 -1 0 -1 -1 -1 0 1
checker 2 player 4 3 0 -1 1 1 1 0 1 1 2 0 0 0 -1 2 -1 -2 -2 -3 -2 -3 3 2 0 0 1 0
checker 2 opponent 5 4 0 -1 0 0 -2 -3 3 2 3 2 2 1 0 1 0 -1 -1 -2 -1 -1 0 -1 -1 -1 1 0
checker 2 player 5 3 0 -1 1 1 1 0 1 1 2 1 1 0 0 0 -1 -2 -3 -3 -2 -2 3 2 0 0 -1 1
checker 2 opponent 4 2 0 1 0 -1 -2 -3 2 2 3 3 2 1 0 0 0 0 -1 -2 -1 -1 -1 -1 -1 -1 1 0
checker 2 player 3 2 0 -1 1 1 1 1 1 1 2 1 0 0 0 0 -1 -2 -3 -3 -1 -2 3 2 0 0 -2 1
checker 2 opponent 4 3 0 2 -1 0 -2 -3 2 1 3 3 2 1 0 0 0 0 0 -2 -1 -2 -1 -1 -1 -1 1 0
checker 2 player 6 4 0 0 1 1 -1 1 2 1 2 0 0 0 0 0 0 -2 -3 -3 -2 -2 3 2 0 1 -2 1
checker 2 opponent 4 2 0 2 -1 0 -3 -2 2 2 3 3 2 -1 0 0 0 0 0 -2 -1 -2 -1 1 -1 -1 0 0
checker 2 player 4 1 0 0 1 1 -1 1 2 1 2 0 0 0 0 0 1 -2 -3 -2 -2 -2 2 3 0 -1 -2 1
checker 2 opponent 3 2 0 2 1 0 -3 -3 2 2 2 3 2 -1 0 0 0 0 0 -2 -1 -2 -1 1 -1 -1 0 0
checker 2 player 3 1 0 0 1 1 0 1 2 0 2 -1 0 0 0 0 1 -2 -3 -2 -2 -2 3 3 0 -1 -2 1
checker 2 opponent 6 4 0 2 1 -1 -3 -3 2 2 2 3 2 -1 0 0 0 0 1 -2 0 -2 -1 0 0 -2 0 0
checker 2 player 3 3 0 0 2 0 0 1 2 0 2 0 0 0 0 -1 1 -2 -2 -2 -2 -2 3 3 -1 -1 -2 1
checker 2 opponent 4 1 0 2 1 -1 -3 -3 2 2 2 2 2 0 1 0 0 0 0 -2 0 -2 -2 0 0 -2 0 1
checker 2 player 4 2 0 0 2 0 -1 2 2 0 2 0 0 0 0 0 -1 -2 -2 -2 -2 -2 3 3 1 -1 -2 0
checker 2 player 3 3 1 0 2 0 2 2 1 0 1 0 0 0 0 0 -1 -2 -2 -2 -2 -2 3 3 1 -1 -2 0
checker 2 opponent 6 1 0 2 1 -1 -3 -3 2 2 2 2 2 1 0 0 0 0 0 0 0 0 -1 0 -1 -3 -3 1
checker 2 opponent 4 3 0 2 1 -1 -3 -3 2 2 2 2 2 1 0 0 0 0 0 0 1 0 0 0 -1 -3 -4 0
checker 2 opponent 2 2 0 2 1 -1 -3 -3 2 2 2 2 2 2 0 0 0 0 0 0 0 0 0 0 -1 -3 -4 0
checker 2 opponent 4 3 0 2 1 -1 -3 -2 2 4 2 2 2 0 0 0 0 0 -1 0 0 0 0 0 -1 -3 -4 0
checker 2 player 6 3 0 4 3 1 0 0 0 0 0 1 0 0 0 0 0 0 -2 -2 -5 -3 2 3 1 -1 -2 0
checker 2 opponent 5 5 0 2 1 -1 -2 -2 3 5 2 2 0 0 0 -1 0 0 -1 0 0 0 0 0 -1 -3 -4 0
checker 2 opponent 6 3 1 2 3 2 -2 -2 3 3 0 2 0 0 0 -1 0 0 -1 0 0 0 0 0 -1 -3 -4 0
checker 2 player 4 1 0 4 3 1 0 0 0 0 0 1 0 0 1 0 0 0 0 0 -3 -4 2 2 -3 -3 -2 1
checker 2 opponent 4 4 0 2 3 3 -2 -3 4 3 0 0 0 0 0 -1 0 0 -1 0 0 0 0 0 -1 -3 -4 0
checker 2 player 4 2 0 4 3 1 0 0 0 0 0 1 0 0 1 0 0 0 0 0 0 -3 3 2 -6 -4 -2 0
checker 2 opponent 6 3 0 2 4 6 -2 -3 3 0 0 0 0 0 0 -1 0 0 0 0 0 0 0 0 -2 -3 -4 0
checker 2 player 6 5 0 4 3 2 0 0 0 0 0 0 0 0 1 0 0 0 0 0 0 -2 3 2 -5 -4 -2 0
checker 2 opponent 3 2 0 2 4 5 -2 -2 2 0 0 0 0 0 0 -1 0 0 -1 0 0 0 0 0 -2 -3 -4 0
checker 2 player 4 1 0 4 3 2 0 0 0 0 0 1 0 0 1 0 0 0 0 0 0 -2 2 2 -4 -3 -2 0
checker 2 opponent 4 1 0 -1 0 0 -2 -3 3 2 3 2 2 0 -2 2 0 0 0 0 -2 -2 -1 -2 0 1 0 0
checker 2 player 5 3 0 0 0 -1 2 1 2 2 0 0 0 0 -2 2 0 -2 -2 -3 -2 -2 3 2 0 -1 1 0
checker 2 opponent 5 1 0 -1 1 0 -2 -3 2 2 3 2 2 0 -1 2 0 0 0 0 -2 -2 -2 -2 1 0 0 0
checker 2 player 6 4 0 0 0 0 2 2 2 2 -1 0 0 0 -1 -1 0 -2 -2 -3 -2 -2 3 2 0 -1 1 1
checker 2 opponent 4 3 0 -1 1 0 -3 -2 2 2 3 2 2 -1 1 1 0 0 0 1 -2 -2 -2 -2 0 0 0 0
checker 2 player 2 2 0 0 0 0 2 2 2 2 0 0 0 0 -2 0 1 -2 -3 -3 -2 -2 2 3 0 -1 1 0
checker 2 opponent 4 3 0 -1 1 0 -3 -2 2 2 3 3 2 -1 0 2 0 0 0 0 0 -2 -2 -2 -2 0 0 0
checker 2 player 6 4 0 0 0 2 2 2 2 0 0 0 0 0 -2 0 1 -2 -2 -3 -2 -2 2 3 0 -2 1 0
checker 2 opponent 6 5 0 0 2 0 -3 -2 2 2 3 2 2 -2 0 2 0 0 0 0 0 -2 -2 -2 -2 0 0 0
checker 2 player 2 2 0 0 0 2 2 2 2 0 0 0 0 0 0 0 2 -2 -2 -4 -3 -2 2 3 0 -2 0 0
checker 2 opponent 4 3 0 0 2 0 -3 -2 2 3 4 2 2 0 0 -1 0 0 0 -1 0 -2 -2 -2 -2 0 0 0
checker 2 player 5 1 0 0 0 2 2 2 2 0 1 0 0 0 1 0 0 0 -2 -4 -4 -3 2 3 0 -2 0 0
checker 2 opponent 4 3 0 0 2 0 -2 -2 3 4 4 2 -1 0 0 -1 0 0 0 -1 0 -2 -2 -2 -2 0 0 0
checker 2 player 2 1 0 0 0 2 2 2 2 0 1 0 0 0 1 0 0 1 -2 -4 -3 -2 2 2 -2 -2 0 0
checker 2 opponent 5 2 0 0 2 2 -2 -2 2 3 4 2 0 0 -1 -1 0 0 0 0 -1 -2 -2 -2 -2 0 0 0
checker 2 player 2 1 0 0 0 2 2 2 2 1 0 0 0 0 1 1 0 0 -2 -2 -3 -3 2 2 -3 -2 0 0
checker 2 opponent 4 4 0 0 2 3 -2 -2 3 3 2 2 0 0 0 -1 0 -1 0 0 -1 -2 -2 -2 -2 0 0 0
checker 2 player 4 3 0 0 0 2 2 2 2 1 0 0 1 0 1 0 0 0 -2 -2 0 -2 2 2 -6 -3 0 0
checker 2 opponent 4 3 0 0 3 6 -2 -2 2 0 2 2 0 0 0 0 0 0 0 -1 -2 -2 -2 -2 -2 0 0 0
checker 2 player 3 1 0 0 0 2 2 2 2 2 1 0 0 0 0 0 0 0 -2 -2 0 0 2 2 -7 -4 0 0
cube 2 player - - 0 0 -1 0 2 0 2 1 2 0 0 0 -2 2 0 -2 -2 -3 -2 -3 3 2 0 0 1 0
cube 2 player - - 0 0 2 0 2 2 2 2 0 0 0 0 -3 0 0 -2 -2 -3 -2 -3 2 3 0 0 0 0
cube 2 player - - 0 0 0 0 2 2 2 1 1 0 0 0 -3 2 0 -2 -2 -3 -2 -3 2 2 0 0 1 0
cube 2 player - - 0 0 0 2 0 -2 3 0 3 0 0 0 -2 2 0 0 -2 -2 -3 -2 2 3 -2 0 0 0
