# massive backgame - cubeful benchmark decisions (money play, Jacoby + beaver on).
# 2199 decisions (1762 checker, 437 cube), from simulated 3ply cubeful self-play
# out of "massive backgame starting.txt"; model=stage11, seed=1.
# One decision per line: kind cube_value cube_owner die1 die2 board(26 ints).
#   kind        "checker" or "cube"
#   cube_owner  "centered" | "player" | "opponent", relative to the player on roll
#   die1 die2   "-" for a cube decision
# The board is from the perspective of the player whose decision it is.
checker 1 centered 6 3 0 0 2 2 2 0 1 0 0 0 0 0 0 0 0 1 0 -2 -2 -6 0 3 2 2 -5 0
cube 1 centered - - 0 0 2 2 2 0 1 0 0 0 0 0 1 0 0 1 0 -2 0 -6 0 2 2 2 -7 0
checker 2 opponent 5 2 0 0 2 2 2 0 1 0 0 0 0 0 1 0 0 1 0 -2 0 -6 0 2 2 2 -7 0
checker 2 opponent 6 4 0 0 2 2 2 0 1 0 1 0 0 0 1 0 0 0 0 -1 0 -5 -1 2 2 2 -8 0
checker 2 opponent 3 2 0 -2 2 -2 2 -2 4 3 2 0 0 0 -2 0 -1 1 0 -2 0 -2 0 -2 0 1 0 0
checker 2 player 5 2 0 0 0 0 2 -1 2 0 2 0 0 1 -1 2 0 0 0 -2 -3 -4 2 -2 2 -2 2 0
checker 2 opponent 1 1 0 -2 2 -2 2 -2 4 3 2 0 0 0 -2 1 0 0 -1 -1 0 -2 1 -2 -1 0 0 0
checker 2 player 6 3 0 0 0 1 2 -1 2 0 1 1 0 0 -1 2 0 0 0 0 -3 -6 2 -2 2 -2 2 0
checker 2 opponent 6 5 0 -2 2 -2 2 -2 6 3 0 0 0 0 -2 1 0 0 0 0 0 -2 -1 -2 -2 0 0 1
checker 2 player 5 3 0 0 0 2 2 -1 2 0 0 0 0 0 0 2 0 0 0 0 -4 -6 2 -2 2 -2 2 1
checker 2 player 5 1 0 0 0 2 2 0 2 0 0 0 0 0 0 2 0 0 0 0 -4 -6 2 -2 2 -3 2 1
checker 2 player 4 3 0 0 0 2 2 0 2 0 1 0 0 0 0 1 0 0 0 0 -3 -5 2 -2 2 -5 3 0
checker 2 opponent 2 1 0 -3 5 -2 2 -2 5 3 0 0 0 0 0 0 0 0 -1 0 0 -2 -1 -2 -2 0 0 0
checker 2 player 4 1 0 0 0 2 2 1 2 0 0 1 0 0 0 0 0 0 0 0 -2 -5 2 -3 2 -5 3 0
checker 2 opponent 3 1 0 0 -2 -2 -2 2 3 -1 2 1 0 0 -2 4 0 0 0 -2 -1 -3 2 0 0 0 1 0
checker 2 player 3 2 0 -1 0 0 0 -2 3 1 2 0 0 0 -3 2 0 0 -2 -2 1 -3 -2 2 2 2 0 0
checker 1 centered 6 1 0 1 0 -1 2 0 1 2 0 0 0 0 1 0 0 0 0 0 0 1 3 -1 -6 4 -4 0
cube 1 centered - - 0 4 -4 6 1 -2 -2 0 0 0 0 0 0 0 0 0 0 0 -2 -2 0 -2 1 0 -1 0
checker 1 centered 6 3 0 4 -4 6 1 -2 -2 0 0 0 0 0 0 0 0 0 0 0 -2 -2 0 -2 1 0 -1 0
checker 1 centered 5 3 0 1 0 0 2 0 2 2 0 -1 0 0 0 0 0 0 0 0 0 2 2 0 -6 4 -5 0
cube 1 centered - - 0 5 -2 6 0 -3 -2 -1 0 0 0 0 0 0 0 0 1 0 -2 -2 0 -2 0 0 -1 0
checker 2 player 4 2 0 1 0 0 2 0 2 2 0 0 0 0 0 0 0 0 -1 0 1 2 3 0 -6 2 -5 0
checker 1 centered 6 4 0 2 -2 -2 3 -3 2 -1 2 2 2 1 0 0 0 0 0 0 0 0 -2 -1 -2 -2 0 1
cube 1 centered - - 0 2 -2 -2 3 -4 2 1 2 2 2 0 0 0 0 0 0 0 0 1 -1 -1 -2 -2 -1 0
checker 1 centered 5 3 0 0 -2 -2 1 -2 5 4 2 0 2 -1 0 0 0 0 0 -1 -2 -3 0 -2 0 0 0 1
checker 1 centered 5 4 0 0 0 0 2 -1 3 2 1 0 0 0 0 0 1 -2 0 -2 -3 -5 2 -2 2 2 0 0
checker 1 centered 4 2 0 0 -2 -2 2 -2 5 3 2 0 2 0 0 0 0 0 0 -1 -2 -3 -1 -2 0 0 0 1
checker 1 centered 5 1 0 0 -1 0 2 1 3 2 1 0 0 0 0 0 0 -1 0 -2 -3 -6 2 -2 2 2 0 0
checker 1 centered 5 1 0 0 -5 -2 2 2 3 2 2 0 0 1 -2 1 0 1 0 0 0 -4 -1 1 -1 0 0 0
cube 1 centered - - 0 0 -4 -3 2 3 2 2 2 0 0 1 -2 1 0 1 1 0 0 -3 -1 -1 -1 0 0 0
checker 1 centered 4 1 0 -2 -2 1 -2 2 3 2 2 0 0 0 -2 2 0 1 0 0 0 -2 2 -2 -2 -1 0 0
checker 2 opponent 4 3 0 0 -2 -2 -3 3 4 1 2 0 1 0 -2 3 0 0 0 -2 -1 -2 0 -1 0 0 1 0
checker 2 player 4 3 0 0 0 0 1 -1 2 1 2 0 0 0 -2 2 0 -2 0 -2 -1 -4 -3 3 2 2 0 0
checker 2 opponent 2 1 0 0 -2 -2 -3 3 4 1 2 0 2 0 0 2 0 -1 -1 -2 -1 -2 1 -1 0 0 0 0
checker 2 player 6 4 0 0 0 0 1 -1 2 1 2 1 1 0 -2 0 0 -1 0 -2 -2 -4 -3 3 2 2 0 0
checker 2 player 4 4 0 0 0 -1 -1 1 2 1 2 0 1 0 -2 0 0 1 0 -2 -2 -4 -3 2 2 2 0 1
checker 2 opponent 2 1 0 0 -2 -2 -3 3 4 2 2 0 0 0 0 2 0 0 0 -2 -2 -3 -1 1 1 0 0 0
checker 2 player 3 1 0 0 0 0 -2 1 3 2 2 0 0 0 -1 0 -1 0 0 -2 -2 -4 -3 3 2 2 0 0
checker 2 opponent 6 6 0 0 -2 -2 -3 3 4 2 2 0 0 1 0 1 0 0 0 -1 -2 -2 -3 2 0 0 0 0
checker 2 player 6 4 0 0 0 0 0 3 2 2 1 0 0 0 -1 0 -1 0 -2 -2 -2 -4 -3 3 2 2 0 0
checker 2 opponent 6 3 0 0 -2 -2 -2 3 4 2 2 2 0 1 0 1 -1 0 0 -1 -2 -2 -3 0 0 0 0 0
checker 2 player 4 1 0 0 0 0 0 3 2 2 1 0 0 1 0 0 0 -1 -2 -2 -2 -4 -4 2 2 2 0 0
checker 2 opponent 4 1 0 0 -2 -2 -2 4 4 2 2 2 1 0 0 0 -1 0 0 0 -2 -2 -2 -2 0 0 0 0
checker 2 player 4 2 0 0 0 0 2 2 2 2 0 0 0 1 0 0 0 0 -3 -2 -2 -4 -3 2 2 2 -1 0
checker 2 opponent 4 3 0 1 -2 -2 -2 3 4 2 2 3 0 0 0 0 0 0 -1 0 -1 -2 -2 -2 -1 0 0 0
checker 2 player 6 1 0 0 0 1 2 2 2 1 0 1 0 0 0 0 0 0 -2 -2 -2 -5 -2 2 2 2 -2 0
checker 2 opponent 4 3 0 2 -2 -2 -2 2 5 2 2 2 0 0 0 0 0 0 0 0 0 -3 -2 -2 -2 0 0 0
checker 2 player 4 4 0 0 0 2 2 2 3 0 0 0 0 0 0 0 0 0 0 -2 -2 -6 -3 2 2 2 -2 0
checker 2 player 6 6 0 2 2 2 2 0 1 0 0 0 0 0 0 0 0 0 0 -2 -2 -6 0 2 2 2 -5 0
checker 2 player 6 4 0 0 0 0 1 1 2 -1 2 0 0 0 -1 2 -1 -2 0 -2 -1 -5 -2 2 2 2 0 1
checker 2 opponent 4 3 0 0 -2 -2 -3 2 5 1 2 0 2 1 -1 1 0 0 0 -2 -1 -2 -1 -1 0 0 0 1
checker 2 player 5 5 0 0 0 -1 1 1 2 1 2 0 0 0 -1 1 0 -2 0 -2 -2 -5 -2 3 2 2 0 0
checker 2 opponent 3 1 0 0 -2 -2 -2 2 5 2 2 0 2 0 0 1 -1 0 0 -2 -1 -2 -1 -1 -1 0 0 1
checker 2 player 4 2 0 -1 0 1 1 1 2 1 2 0 0 1 0 0 0 -3 0 -2 -2 -5 -2 2 2 2 0 0
checker 2 opponent 6 2 0 0 -2 -2 -2 2 5 2 2 0 3 0 0 0 0 0 0 -2 -1 -2 -2 -1 -1 0 1 0
checker 2 player 6 3 0 0 0 1 1 2 2 0 2 -1 0 0 0 0 0 -3 0 -2 -2 -5 -2 2 2 2 0 1
checker 2 opponent 3 2 0 0 -2 -2 -2 2 5 2 2 -1 3 0 0 0 0 0 1 -2 0 -2 -2 -1 -1 0 0 0
checker 2 player 6 4 0 0 0 1 1 2 2 0 2 0 0 0 0 0 -1 -3 1 -2 -2 -5 -2 2 2 2 0 0
checker 2 opponent 5 2 0 0 -2 -2 -2 2 5 2 2 0 3 1 0 0 0 -1 0 -1 0 -2 -2 -2 -1 0 0 0
checker 2 player 2 2 0 0 0 1 2 2 2 0 1 0 1 0 0 0 -1 -2 0 -3 -2 -4 -2 2 2 2 -1 0
checker 2 opponent 5 3 0 1 -2 -2 -2 2 4 2 3 0 2 1 0 0 0 0 0 0 0 -3 -2 -3 -1 0 0 0
checker 2 player 5 3 0 0 0 1 3 2 3 0 0 0 0 0 0 0 -1 -2 0 -2 -2 -3 -3 2 2 2 -2 0
checker 1 centered 6 5 0 0 0 -1 0 2 3 1 0 -1 0 0 -3 2 0 0 1 -3 -2 -5 2 0 2 2 0 0
cube 1 centered - - 0 0 -2 -2 0 -2 5 2 3 0 0 0 -1 3 0 -1 1 -1 -1 -3 -2 0 1 0 0 0
checker 1 centered 6 4 0 0 -2 -2 0 -2 5 2 3 0 0 0 -1 3 0 -1 1 -1 -1 -3 -2 0 1 0 0 0
checker 1 centered 5 4 0 0 0 0 0 2 3 1 1 -2 1 0 -3 1 0 0 0 -2 -2 -5 2 -1 2 2 0 0
cube 1 centered - - 0 0 -2 -2 1 -2 5 2 2 0 0 0 0 3 0 -1 2 -1 -1 -3 -2 -1 0 0 0 0
checker 1 centered 6 3 0 0 -2 -2 1 -2 5 2 2 0 0 0 0 3 0 -1 2 -1 -1 -3 -2 -1 0 0 0 0
checker 1 centered 6 1 0 0 0 0 1 2 3 1 1 -2 1 0 -2 0 0 0 0 -2 -2 -5 2 -2 2 2 0 0
cube 1 centered - - 0 0 -2 -2 2 -2 5 2 2 0 0 0 0 2 0 0 2 0 -2 -3 -2 -2 0 0 0 0
checker 1 centered 4 2 0 0 -2 -2 2 -2 5 2 2 0 0 0 0 2 0 0 2 0 -2 -3 -2 -2 0 0 0 0
checker 1 centered 3 1 0 0 0 0 2 2 3 2 0 -1 0 0 -2 -1 0 0 0 -2 -2 -4 2 -3 2 2 0 0
cube 1 centered - - 0 0 -2 -2 3 -2 4 2 2 0 0 0 1 2 0 0 1 0 -1 -3 -2 -2 -1 0 0 0
checker 1 centered 5 4 0 0 -2 -2 3 -2 4 2 2 0 0 0 1 2 0 0 1 0 -1 -3 -2 -2 -1 0 0 0
checker 1 centered 6 1 0 0 0 1 2 2 3 1 0 0 0 0 -2 -1 0 0 0 -2 -3 -4 2 -3 2 2 0 0
checker 1 centered 4 3 0 5 -2 -2 -2 -2 -1 2 3 2 3 0 0 0 0 0 0 -1 0 -1 -1 0 -2 -1 0 0
cube 1 centered - - 0 0 1 2 0 1 1 0 1 0 0 0 0 0 0 -2 -1 -3 -2 -2 2 2 2 2 -5 1
checker 1 centered 4 1 0 0 1 2 0 1 1 0 1 0 0 0 0 0 0 -2 -1 -3 -2 -2 2 2 2 2 -5 1
checker 1 centered 5 2 0 5 -2 -2 -2 -3 2 2 3 1 2 0 0 0 0 0 0 -1 0 -1 -1 0 -2 -1 0 0
cube 1 centered - - 0 0 1 2 0 1 1 0 1 0 0 0 0 0 0 -2 -1 -2 -2 -2 3 2 2 2 -6 0
checker 1 centered 6 5 0 0 1 2 0 1 1 0 1 0 0 0 0 0 0 -2 -1 -2 -2 -2 3 2 2 2 -6 0
cube 1 centered - - 0 0 1 2 0 1 1 0 1 1 0 0 0 0 0 0 -1 -2 -2 -4 2 2 2 2 -6 0
checker 1 centered 5 5 0 0 1 2 0 1 1 0 1 1 0 0 0 0 0 0 -1 -2 -2 -4 2 2 2 2 -6 0
cube 1 centered - - 0 0 1 2 0 2 1 0 1 1 0 0 0 0 0 1 0 -2 -2 -3 -1 2 2 2 -7 0
cube 1 centered - - 0 -2 2 -2 -2 3 3 2 2 2 0 0 -1 0 0 0 0 0 0 0 -1 -2 -3 -1 -1 1
checker 1 centered 2 1 0 -4 -4 2 2 3 2 3 2 0 0 0 1 0 0 0 -3 0 0 -2 0 -2 0 0 0 0
cube 1 centered - - 0 -4 -4 2 3 2 2 3 2 0 1 0 0 0 0 0 -1 0 -1 -3 0 -2 0 0 0 0
cube 1 centered - - 0 7 -4 4 -3 -1 3 1 0 0 0 0 0 0 0 0 -1 0 0 -4 0 -2 0 0 0 0
checker 1 centered 6 5 1 0 0 0 0 2 3 2 0 0 1 0 0 0 -3 0 0 -2 -2 -2 2 -2 -3 2 3 0
cube 1 centered - - 0 -3 -2 3 2 -2 2 2 2 0 0 3 0 0 0 0 0 0 -1 -3 -2 -1 0 -1 0 1
checker 2 opponent 1 1 0 -3 -2 3 2 -2 2 2 2 0 0 3 0 0 0 0 0 0 -1 -3 -2 -1 0 -1 0 1
checker 2 opponent 4 3 0 -3 -2 3 2 -2 2 2 2 0 3 0 0 0 0 0 0 0 0 0 -2 -1 0 -2 -3 1
checker 2 player 3 1 0 3 2 -1 1 2 0 0 0 0 0 0 0 0 0 -2 0 -2 -2 -3 2 -2 -3 2 3 0
checker 2 opponent 4 3 0 -2 -2 3 2 -3 3 2 2 0 2 0 0 0 0 0 0 0 0 0 -2 -1 1 -2 -3 0
checker 2 player 6 1 0 3 2 0 1 2 0 0 0 0 -1 0 0 0 0 -2 0 -2 -2 -3 3 -2 -3 2 2 0
checker 2 opponent 5 2 0 -2 -2 3 2 -2 3 2 2 0 2 0 -1 0 0 1 0 0 0 0 -2 -1 0 -2 -3 0
checker 2 player 5 3 0 3 2 0 1 2 0 0 0 0 0 0 0 1 0 -2 0 -3 -2 -3 2 -2 -3 2 2 0
checker 2 opponent 4 3 0 -2 -2 3 2 -2 3 2 3 0 2 0 0 0 0 0 0 0 0 0 -3 -1 0 -2 -3 0
checker 2 player 2 2 0 3 2 0 1 3 0 0 0 0 0 0 0 0 0 0 0 -3 -3 -4 2 -2 -3 2 2 0
checker 2 opponent 3 2 0 -2 -2 3 2 -2 4 3 3 0 0 0 0 0 0 0 0 0 0 0 0 -1 -2 -2 -4 0
checker 2 player 5 4 0 4 2 2 1 0 0 0 0 0 0 0 0 0 0 0 0 -2 -2 -5 2 -3 -3 2 2 0
checker 1 centered 6 4 0 0 0 0 2 1 2 -1 2 0 0 0 -3 2 0 -1 0 -2 -2 -6 2 0 2 2 0 0
checker 1 centered 4 2 0 0 -2 -2 0 -2 6 2 2 0 1 0 0 3 0 0 -1 -2 -1 -2 -1 -2 0 0 0 1
checker 1 centered 6 4 0 0 -1 0 2 1 2 1 2 1 0 0 -3 0 0 0 0 -2 -2 -7 2 0 2 2 0 0
checker 1 centered 5 5 0 0 0 0 2 2 2 -1 2 0 0 0 0 0 0 0 -2 -3 -3 -6 4 2 0 0 0 1
cube 1 centered - - 0 -3 -4 2 2 2 2 5 0 0 0 0 0 1 0 0 0 -1 0 -2 1 -3 0 -2 0 0
checker 1 centered 4 2 0 -3 -4 2 2 2 2 5 0 0 0 0 0 1 0 0 0 -1 0 -2 1 -3 0 -2 0 0
cube 1 centered - - 0 -3 -4 2 2 2 2 5 0 0 0 0 0 1 1 0 0 -1 0 -1 0 -3 -1 -2 0 0
checker 1 centered 5 1 0 -3 -4 2 2 2 2 5 0 0 0 0 0 1 1 0 0 -1 0 -1 0 -3 -1 -2 0 0
cube 1 centered - - 0 -3 -4 2 2 2 3 4 1 0 0 0 0 0 1 0 0 0 0 0 0 -4 -1 -3 0 0
checker 1 centered 1 1 0 -3 -4 2 2 2 3 4 1 0 0 0 0 0 1 0 0 0 0 0 0 -4 -1 -3 0 0
cube 1 centered - - 0 -2 -5 2 2 4 3 2 1 0 0 0 0 0 1 0 0 0 0 0 0 -2 -3 -2 -1 0
checker 1 centered 2 1 0 -2 -5 2 2 4 3 2 1 0 0 0 0 0 1 0 0 0 0 0 0 -2 -3 -2 -1 0
cube 1 centered - - 0 -2 -5 2 3 3 3 2 1 0 0 0 1 0 0 0 0 0 0 0 0 0 -3 -3 -2 0
cube 1 centered - - 0 -2 -5 2 3 4 3 2 1 0 0 0 0 0 0 0 0 0 0 0 0 0 -2 -3 -3 0
cube 1 centered - - 0 -2 -5 3 4 3 3 2 0 0 0 0 0 0 0 0 0 0 0 0 0 0 -2 -2 -4 0
cube 1 centered - - 0 -2 -5 4 4 3 2 2 0 0 0 0 0 0 0 0 0 0 0 0 0 0 -1 -2 -5 0
checker 1 centered 5 4 1 -2 -2 0 0 -2 5 -1 2 0 0 0 -2 5 0 0 0 -2 0 -3 1 0 0 0 2 0
checker 1 centered 4 4 0 -1 0 0 0 -2 3 0 2 0 0 0 -4 2 0 0 0 -3 1 -5 2 0 0 2 2 1
checker 1 centered 1 1 0 0 -2 0 -2 -2 5 0 3 -1 0 -1 -2 5 0 0 0 -1 -1 -3 2 0 0 0 0 0
checker 1 centered 6 1 0 0 0 0 0 -2 3 1 1 0 0 0 -5 2 1 0 1 0 -2 -6 2 2 0 2 0 0
checker 1 centered 6 5 0 0 -2 0 -2 -2 6 2 0 0 -1 0 -2 5 0 0 0 -2 -1 -3 2 0 0 0 0 0
checker 1 centered 3 3 0 0 0 0 0 -1 3 1 2 0 0 0 -5 2 0 1 -1 0 -2 -6 2 2 0 2 0 0
checker 1 centered 2 1 0 0 -2 0 -2 -2 6 2 0 1 -1 0 -1 5 0 0 0 0 -2 -3 -2 0 0 0 0 1
checker 1 centered 5 4 0 0 -1 0 0 2 3 2 0 0 0 0 -4 -1 0 1 -1 0 -2 -6 2 2 0 2 0 1
checker 1 centered 5 1 0 0 -2 0 -2 -2 6 2 0 -1 -1 0 1 4 0 0 0 0 -2 -3 -2 0 0 1 0 1
checker 1 centered 4 3 0 -1 -1 0 0 2 3 2 0 0 0 0 -4 0 0 1 1 0 -3 -6 2 2 0 2 0 0
checker 1 centered 5 2 0 0 -2 0 -2 -2 6 3 0 0 -1 0 0 4 0 0 -1 0 -2 -3 -2 0 0 1 1 0
checker 1 centered 3 3 0 -1 0 0 0 2 3 2 0 -1 0 0 -4 0 0 1 0 0 -3 -6 2 2 0 2 0 1
checker 1 centered 5 2 0 0 -2 -1 -2 -2 6 3 0 0 -1 0 0 4 0 0 1 0 0 -2 -2 -2 -1 0 1 0
checker 1 centered 6 3 0 -1 0 1 2 2 2 0 0 0 0 0 -3 0 -2 1 0 0 -3 -6 2 2 1 2 0 0
checker 1 centered 5 2 0 0 -2 0 -2 -2 6 3 0 0 -1 2 -1 3 0 0 0 0 0 -2 -2 -2 -1 0 1 0
checker 1 centered 5 1 0 0 0 0 2 2 2 0 -1 0 0 0 -3 1 -2 1 0 0 -3 -6 2 2 0 2 0 1
checker 1 centered 5 3 0 -1 -2 0 -2 -2 6 3 0 0 -1 2 0 3 0 0 0 -1 0 -2 -2 -2 0 0 0 1
checker 1 centered 3 2 0 0 0 -1 2 2 2 0 1 0 0 0 -3 0 -2 1 0 0 -3 -5 2 2 0 2 -1 1
checker 1 centered 6 5 0 1 -2 0 -2 -3 5 3 0 0 -1 2 0 3 0 0 0 -1 0 -2 -2 -2 1 0 0 0
checker 1 centered 6 1 0 0 0 0 2 2 2 0 1 0 0 0 -3 0 -3 1 0 0 -3 -5 3 2 0 2 -1 0
checker 1 centered 4 2 0 1 -2 0 -2 -3 5 3 0 0 0 3 0 3 0 0 -1 0 -1 -2 -2 -2 0 0 0 0
checker 1 centered 6 1 0 0 0 0 2 2 2 1 0 1 0 0 -2 0 -2 0 -2 0 -3 -5 3 2 0 2 -1 0
checker 1 centered 5 2 0 1 -2 0 -2 -3 5 3 0 2 0 2 0 2 0 0 0 0 0 -3 -2 -2 -1 0 0 0
checker 1 centered 5 4 0 0 0 1 2 2 3 0 0 0 0 0 -1 0 -3 0 -2 0 -3 -4 3 2 0 2 -2 0
checker 1 centered 6 2 0 2 -2 0 -2 -2 4 3 0 2 0 3 0 1 -1 0 0 0 0 -3 -2 -2 -1 0 0 0
checker 1 centered 2 2 0 0 0 1 2 2 3 0 0 0 0 1 0 0 -2 0 -3 0 -4 -4 2 2 0 2 -2 0
checker 1 centered 6 4 0 2 -2 0 -2 -2 4 4 0 3 0 2 0 0 0 0 0 0 0 -3 -2 -2 -2 0 0 0
checker 1 centered 5 4 0 0 0 2 2 2 3 0 0 0 0 0 0 0 -2 0 -2 0 -3 -4 2 2 -2 2 -2 0
checker 1 centered 5 2 0 -2 0 1 0 0 3 2 0 -1 0 0 0 0 0 0 0 -1 -2 -2 -3 3 -4 3 2 1
cube 1 centered - - 0 -2 -4 4 -2 3 2 2 1 -1 0 0 0 0 0 0 1 0 -2 -3 0 0 -1 0 2 0
checker 1 centered 2 2 0 -2 -4 4 -2 3 2 2 1 -1 0 0 0 0 0 0 1 0 -2 -3 0 0 -1 0 2 0
checker 1 centered 4 3 0 -2 0 1 0 0 3 2 0 0 0 0 0 0 0 0 1 -2 -2 -2 -3 2 -4 4 2 0
cube 1 centered - - 0 -2 -4 4 -2 3 2 2 2 0 0 0 0 -1 0 0 0 0 -2 -2 0 0 -2 0 2 0
checker 1 centered 5 1 0 -2 -4 4 -2 3 2 2 2 0 0 0 0 -1 0 0 0 0 -2 -2 0 0 -2 0 2 0
checker 1 centered 6 6 0 -1 -1 2 0 0 2 2 0 0 0 0 1 0 0 0 0 -1 -2 -2 -3 2 -5 4 2 0
checker 1 centered 5 3 1 0 -2 -2 2 -2 3 2 2 0 0 2 0 2 1 -1 1 -1 -1 -2 -2 -1 0 0 0 0
checker 1 centered 5 3 0 0 0 0 1 2 2 1 1 -1 1 0 -1 0 -2 -1 -1 -2 -2 -3 2 -2 2 2 0 1
cube 1 centered - - 0 0 -2 -2 2 -3 3 2 2 1 1 2 0 1 0 -1 1 -1 -1 -1 -2 -1 -1 0 0 0
checker 1 centered 5 2 0 0 -2 -2 2 -3 3 2 2 1 1 2 0 1 0 -1 1 -1 -1 -1 -2 -1 -1 0 0 0
checker 1 centered 6 1 0 0 0 1 1 2 1 1 1 -1 1 0 -1 0 -1 -1 -2 -2 -2 -2 3 -2 2 2 -1 0
cube 1 centered - - 0 1 -2 -2 2 -2 2 2 2 2 1 -1 0 1 0 -1 1 -1 0 -2 -2 -1 -1 0 0 1
checker 1 centered 5 4 0 1 -2 -2 2 -2 2 2 2 2 1 -1 0 1 0 -1 1 -1 0 -2 -2 -1 -1 0 0 1
cube 1 centered - - 0 1 -3 -3 2 -2 2 2 2 2 1 1 0 1 0 -1 0 -1 0 -2 -2 1 -1 0 0 0
checker 1 centered 4 1 0 1 -3 -3 2 -2 2 2 2 2 1 1 0 1 0 -1 0 -1 0 -2 -2 1 -1 0 0 0
checker 1 centered 5 3 0 0 0 1 0 2 2 0 0 -1 1 0 -1 0 -1 -1 -2 -2 -2 -2 2 -2 3 3 -1 1
cube 1 centered - - 0 1 -2 -3 2 -4 2 2 2 2 1 1 0 1 0 -1 1 0 0 -2 -2 0 -1 0 0 0
checker 1 centered 3 2 0 1 -2 -3 2 -4 2 2 2 2 1 1 0 1 0 -1 1 0 0 -2 -2 0 -1 0 0 0
checker 1 centered 6 5 0 0 0 1 0 2 2 0 0 -1 1 0 0 0 -2 -1 -2 -2 -2 -2 4 -1 3 2 -2 0
cube 1 centered - - 0 2 -2 -3 1 -3 2 2 2 2 0 2 0 0 0 -1 -1 0 0 -2 -2 0 -1 0 0 2
checker 1 centered 6 5 0 -1 -1 1 0 2 2 0 0 1 1 0 0 0 -2 0 -2 -2 -2 -2 3 -1 3 2 -2 0
cube 1 centered - - 0 2 -2 -3 1 -2 2 2 2 2 0 2 0 0 0 -1 -2 0 0 -2 -2 0 -1 1 1 0
checker 1 centered 5 2 0 2 -2 -3 1 -2 2 2 2 2 0 2 0 0 0 -1 -2 0 0 -2 -2 0 -1 1 1 0
checker 1 centered 4 2 0 0 -1 0 0 2 2 0 -1 2 1 0 0 0 -2 0 -2 -2 -2 -2 2 -1 3 2 -2 1
cube 1 centered - - 0 2 -2 -2 -1 -3 2 2 2 2 0 2 0 0 0 -1 -2 1 0 -2 -2 0 0 1 0 1
checker 1 centered 4 1 0 2 -2 -2 -1 -3 2 2 2 2 0 2 0 0 0 -1 -2 1 0 -2 -2 0 0 1 0 1
checker 1 centered 6 5 0 0 0 -1 -1 2 2 0 -1 2 1 0 0 0 -2 0 -2 -2 -2 -2 3 1 2 2 -2 0
checker 1 centered 6 1 0 2 -2 -2 0 -2 2 2 2 2 -2 2 0 0 0 -1 -2 1 0 -2 -2 1 1 0 0 0
checker 1 centered 4 1 0 0 0 0 -1 2 2 0 -1 2 -1 0 0 0 -2 2 -2 -2 -2 -2 2 0 2 2 -2 1
checker 1 centered 5 1 0 2 -2 -2 -1 -2 2 2 2 2 -2 2 0 0 0 1 -2 1 0 -2 -1 -1 0 0 0 1
checker 1 centered 5 1 0 -1 0 0 1 1 2 0 0 2 -1 0 0 -1 -2 2 -2 -2 -2 -2 2 1 2 2 -2 0
checker 1 centered 6 4 0 2 -2 -2 0 -2 2 2 2 2 -3 2 1 0 0 1 -2 0 0 -2 -1 -1 0 0 1 0
checker 1 centered 6 3 0 0 0 0 1 1 2 0 0 2 -1 -1 0 -1 -2 3 -2 -2 -2 -2 2 0 2 2 -2 0
checker 1 centered 6 4 0 2 -2 -2 0 -2 2 2 2 2 -2 2 1 -1 1 1 -1 0 0 -2 -1 -1 -1 0 0 0
checker 1 centered 5 5 0 0 0 1 1 1 2 0 0 1 0 -1 1 0 -2 2 -3 -3 -2 -2 2 0 2 2 -2 0
cube 1 centered - - 0 2 -2 -2 0 -2 2 2 3 3 0 2 0 -1 1 -1 0 0 0 -2 -2 -2 -1 0 0 0
checker 1 centered 4 1 0 2 -2 -2 0 -2 2 2 3 3 0 2 0 -1 1 -1 0 0 0 -2 -2 -2 -1 0 0 0
checker 1 centered 3 2 0 0 0 1 2 2 2 0 0 0 1 0 1 0 -1 -2 -3 -3 -2 -2 2 0 2 2 -2 0
cube 1 centered - - 0 2 -2 -2 0 -2 2 2 3 3 2 1 0 0 0 -1 -1 0 0 -2 -1 -2 -2 0 0 0
checker 1 centered 5 1 0 2 -2 -2 0 -2 2 2 3 3 2 1 0 0 0 -1 -1 0 0 -2 -1 -2 -2 0 0 0
checker 1 centered 5 3 0 0 0 2 2 1 2 0 0 1 1 0 0 0 0 -3 -2 -3 -2 -2 2 -1 2 2 -2 0
cube 1 centered - - 0 2 -2 -2 1 -2 2 2 3 2 3 0 0 0 0 0 0 0 0 -3 -2 -2 -2 0 0 0
checker 1 centered 6 5 0 2 -2 -2 1 -2 2 2 3 2 3 0 0 0 0 0 0 0 0 -3 -2 -2 -2 0 0 0
checker 1 centered 4 4 0 0 0 2 2 2 3 0 0 0 0 0 0 0 0 -2 -1 -3 -2 -2 2 -3 2 2 -2 0
checker 1 centered 4 3 0 0 0 0 0 2 3 2 -1 -1 0 0 -3 1 -2 0 0 -4 0 -2 3 2 2 0 -2 0
checker 1 centered 2 1 0 2 0 -2 -2 -2 2 0 4 0 0 2 -2 3 0 0 1 1 -2 -3 -2 0 0 0 0 0
checker 1 centered 5 2 0 0 0 0 0 2 3 2 0 -2 0 0 -3 2 -2 0 0 -3 0 -3 2 2 2 0 -2 0
checker 1 centered 5 1 0 2 0 -2 -2 -2 3 0 3 0 0 2 -1 3 0 0 2 -1 -2 -2 -2 -1 0 0 0 0
checker 1 centered 4 2 0 0 0 0 1 2 2 2 1 -2 0 0 -2 0 -2 0 0 -3 -1 -3 2 2 2 0 -2 1
checker 1 centered 3 3 0 2 -1 -2 -2 -2 3 1 3 0 0 2 0 2 0 0 2 0 -2 -2 -2 -2 0 0 0 0
checker 1 centered 3 1 0 0 0 0 2 2 2 2 0 0 0 0 -3 0 -2 0 0 -3 -2 -3 2 2 2 1 -2 0
checker 1 centered 1 1 0 2 0 -2 -2 -3 3 2 3 0 0 2 0 3 0 0 0 0 -1 -3 -2 -2 0 0 0 0
checker 1 centered 6 1 0 0 0 0 2 2 3 1 0 0 0 0 -1 -2 0 -2 0 -3 -2 -3 3 2 2 0 -2 0
checker 1 centered 6 3 0 2 0 -2 -2 -2 3 2 3 0 2 -1 2 1 0 0 0 0 -1 -2 -3 -2 0 0 0 0
checker 1 centered 5 1 0 0 0 0 2 3 2 1 0 0 0 0 0 -2 1 -3 0 -2 -2 -3 2 2 2 -1 -2 0
checker 1 centered 5 5 0 2 1 -2 -2 -2 3 2 2 0 3 0 2 0 0 0 0 -1 -1 -2 -3 -2 0 0 0 0
checker 1 centered 3 1 0 0 0 0 2 3 2 1 1 0 0 0 0 0 0 -3 0 -2 -2 -3 2 2 2 -3 -2 0
cube 1 centered - - 0 0 0 1 2 3 2 0 1 0 0 0 0 0 0 -3 0 -2 0 -1 2 2 2 -5 -4 0
checker 2 opponent 1 1 0 -3 -3 -1 0 2 3 0 3 0 0 0 -2 4 0 0 0 -2 -1 -3 1 0 1 0 1 0
checker 2 player 2 1 0 0 -1 -1 0 -1 3 1 2 0 0 0 -4 2 0 0 0 -3 0 -2 -2 0 -1 3 3 1
checker 2 opponent 6 4 0 -3 -3 -1 0 2 2 0 3 0 0 0 -2 4 0 0 0 -2 -1 -3 1 0 1 1 0 1
checker 2 player 3 1 0 0 -1 -1 0 -1 3 1 2 0 -1 0 -4 2 0 0 0 -3 0 -2 -2 0 1 3 3 0
checker 2 opponent 5 4 0 -2 -3 0 -2 2 2 0 3 0 0 0 -2 4 0 1 0 -2 -1 -3 1 0 1 1 0 0
checker 2 player 4 4 0 0 -1 -1 0 0 3 1 2 0 -2 0 -3 2 0 0 -1 -3 0 -2 -2 2 0 3 2 0
checker 2 opponent 5 5 0 -2 -3 0 -2 2 2 0 3 1 0 0 -2 3 0 2 0 0 0 -2 0 -2 -1 -1 0 2
checker 2 player 3 2 0 0 1 1 2 -2 2 0 0 0 0 0 -3 2 0 -2 -1 -3 0 -2 -2 2 0 3 2 0
checker 2 player 2 2 0 0 -1 1 2 -2 2 0 0 0 0 0 -2 2 -1 -1 1 -2 0 -2 -2 -2 0 3 3 1
checker 2 player 6 4 1 0 -1 1 2 -2 2 0 0 0 0 0 -2 2 1 -1 0 -2 0 -2 -2 -2 2 4 1 0
checker 2 player 2 2 0 -1 0 -1 2 -2 2 0 0 0 0 0 -2 2 2 0 0 -3 0 -2 -2 -2 4 2 0 1
checker 2 opponent 5 5 0 0 -3 -4 2 2 2 0 3 0 0 -2 0 2 -2 0 0 0 0 -2 2 -1 1 -1 1 0
checker 2 player 3 2 0 -1 1 0 1 -1 2 0 0 0 0 2 -2 -1 2 -1 0 -3 0 -2 -2 -2 4 3 0 0
checker 2 opponent 5 4 0 0 -3 -4 2 2 2 0 3 0 1 -2 1 2 -2 0 0 0 0 0 1 -2 -1 -1 1 0
checker 2 player 1 1 0 0 1 1 2 -2 0 0 0 0 0 2 -2 0 2 -1 0 -3 -1 -2 -2 -2 4 3 0 0
checker 2 opponent 5 3 0 0 -3 -4 2 2 2 1 3 0 1 0 -2 2 0 -2 0 0 0 0 2 -2 -1 -1 0 0
checker 2 player 6 5 0 0 1 1 2 -2 0 0 0 0 2 0 -1 2 0 0 0 -4 -2 -2 -2 -2 4 3 0 0
checker 2 player 5 2 0 0 1 1 2 -1 0 0 0 0 2 -1 -1 2 0 0 0 -4 -2 -2 -2 -2 3 3 0 1
checker 2 opponent 5 4 0 0 -4 -3 2 2 2 2 4 0 0 0 -1 1 1 -2 0 -1 0 0 1 -2 -1 -1 0 0
checker 2 player 3 3 0 0 1 1 2 -1 0 0 1 0 2 0 0 1 0 0 -2 -4 -2 -2 -2 -2 3 4 0 0
checker 2 opponent 2 1 0 0 -4 -3 2 2 2 2 4 2 0 0 0 0 0 -1 0 -1 -1 0 1 -3 -1 -1 0 0
checker 2 player 5 4 0 0 1 1 3 -1 0 1 1 0 1 0 0 0 0 0 -2 -3 -2 -2 -3 -2 3 4 0 0
checker 2 opponent 5 2 0 0 -4 -3 2 3 2 2 3 2 0 0 0 0 0 -1 0 0 0 0 1 -3 -3 -1 0 0
checker 2 player 1 1 0 0 1 3 3 -1 0 0 0 0 1 0 0 0 0 0 -1 -2 -2 -3 -3 -3 3 4 0 0
checker 2 opponent 5 2 0 0 -3 -4 3 3 3 2 2 1 0 0 0 0 0 0 0 0 -1 0 1 -3 -3 -1 0 0
checker 2 opponent 5 2 1 1 -3 -4 3 3 2 2 2 1 0 0 0 0 0 0 0 0 1 0 0 -3 -3 -1 0 0
checker 2 opponent 5 3 0 1 -3 -5 3 3 2 2 2 1 0 1 0 0 0 0 0 0 0 0 0 0 -3 -1 -3 0
checker 2 player 5 1 0 3 1 3 0 0 0 0 0 0 0 0 0 0 0 0 -1 -2 -2 -3 -3 -2 5 3 -2 0
checker 2 opponent 3 2 0 2 -3 -5 2 3 3 2 2 1 0 0 0 0 0 0 0 0 0 0 0 0 -2 -2 -3 0
checker 2 opponent 3 2 0 2 -3 -5 3 3 3 2 2 0 0 0 0 0 0 0 0 0 0 0 0 0 -2 -2 -3 0
checker 2 player 5 1 0 3 2 2 0 0 0 0 0 0 0 0 0 0 0 0 0 -2 0 -3 -4 -4 5 3 -2 0
checker 2 opponent 1 1 0 2 -2 -5 4 4 3 -1 2 0 0 0 0 0 0 0 0 0 0 0 0 0 -2 -1 -4 0
checker 2 player 2 1 0 4 1 2 0 0 0 0 0 0 0 0 0 0 0 0 0 0 0 -5 -4 -4 5 2 -2 1
checker 2 player 6 2 0 4 2 1 0 0 0 0 0 0 0 0 0 0 0 0 0 0 0 -4 -4 -3 5 3 -3 0
checker 2 opponent 2 1 0 3 -3 -4 3 4 4 0 0 0 0 -1 0 0 0 0 0 0 0 0 0 0 -1 -2 -4 0
checker 2 player 4 3 0 4 2 1 0 0 0 0 0 0 0 0 0 0 1 0 0 0 0 -3 -4 -4 4 3 -2 0
checker 1 centered 6 2 0 -4 2 5 -5 3 4 0 0 0 0 0 0 0 0 0 0 0 -1 -3 0 -2 0 0 0 0
cube 1 centered - - 0 -4 2 6 -4 2 3 -1 0 0 0 0 0 0 0 0 0 0 -1 -2 -1 -2 0 0 0 0
checker 1 centered 4 3 1 0 0 0 0 -4 3 1 2 0 -1 0 -2 1 0 0 0 -2 0 -5 3 2 1 1 1 0
checker 1 centered 1 1 0 0 -1 0 0 -5 3 1 2 0 1 0 -2 0 0 0 1 -2 0 -5 2 2 1 1 1 0
checker 1 centered 4 4 0 -1 -1 -1 -2 -2 5 0 2 0 -1 0 0 2 0 0 0 -2 -2 -3 5 0 0 1 0 0
checker 1 centered 6 5 0 0 -1 0 0 -3 3 2 2 0 0 0 -2 -2 0 1 0 -2 0 -5 2 2 1 1 1 0
checker 1 centered 4 3 0 -2 -6 3 4 2 2 2 2 0 0 0 -1 0 0 0 0 -2 -1 -3 0 0 0 0 0 0
checker 1 centered 6 3 0 0 0 0 0 0 3 1 2 0 0 0 0 1 0 0 0 0 -2 -2 -3 -5 -3 6 2 0
cube 1 centered - - 0 -2 -5 3 5 3 2 2 -1 0 0 0 -1 0 0 0 0 -2 0 -3 0 -1 0 0 0 0
checker 2 opponent 6 2 0 -2 -5 3 5 3 2 2 -1 0 0 0 -1 0 0 0 0 -2 0 -3 0 -1 0 0 0 0
checker 2 player 3 2 0 0 0 0 1 0 3 0 2 0 0 0 0 1 0 0 0 1 -1 -2 -4 -5 -3 5 2 0
checker 2 opponent 3 2 0 -2 -5 3 5 4 2 1 -1 0 0 0 -1 0 0 0 0 -1 0 -2 -1 -2 0 0 0 0
checker 2 player 4 2 0 0 0 0 2 1 2 0 1 0 0 0 0 1 0 0 0 1 0 -2 -5 -5 -2 5 2 0
checker 2 opponent 5 2 0 -2 -5 2 5 5 2 0 0 0 0 0 -2 0 0 0 0 0 0 -3 -1 -2 0 0 0 0
checker 2 player 2 2 0 0 0 0 2 1 3 0 0 0 0 0 0 2 0 0 0 0 0 -2 -3 -5 -3 5 2 0
checker 2 opponent 6 2 0 -2 -5 3 5 3 2 0 0 0 0 0 -1 0 0 0 0 0 0 -3 -2 -2 0 0 0 0
checker 2 player 6 1 0 0 0 0 2 2 3 0 0 0 0 0 0 1 0 0 0 0 0 0 -3 -6 -3 5 2 0
checker 1 centered 6 1 0 0 0 0 1 -2 3 0 -1 0 -1 0 -4 2 -1 0 2 -2 0 -4 2 2 2 1 0 0
checker 1 centered 5 3 1 2 -2 -2 2 -2 2 1 0 -3 1 3 0 1 0 1 -2 0 0 -2 2 0 -1 0 0 0
checker 1 centered 6 2 0 0 0 1 0 -2 2 0 0 2 0 0 -1 0 -2 -2 3 -1 -1 -2 2 -2 2 2 -2 1
checker 1 centered 6 1 0 2 -3 -2 2 -2 2 1 1 -2 2 2 0 1 0 -1 -2 0 0 -2 2 0 -1 0 0 0
checker 1 centered 5 5 0 0 0 1 0 -1 2 0 0 2 1 0 -2 0 -2 -2 2 -1 -1 -2 2 -2 2 3 -2 0
checker 1 centered 3 2 0 2 -2 -2 2 -2 2 0 1 0 2 2 -1 2 -2 -1 -2 0 0 -2 1 0 -1 0 0 1
checker 1 centered 3 2 0 0 -1 1 0 0 2 0 -1 2 1 2 -2 1 -2 -2 0 -1 0 -2 2 -2 2 2 -2 0
checker 1 centered 4 2 0 2 -2 -2 2 -2 2 0 1 0 2 2 0 2 -2 -1 -2 -1 0 -2 0 0 -1 1 0 1
checker 1 centered 3 2 0 0 0 1 -2 0 2 0 1 2 1 2 -2 0 -2 -2 0 -1 0 -2 2 -2 2 2 -2 0
checker 1 centered 3 1 0 2 -2 -2 2 -2 2 0 1 0 2 2 0 2 -2 0 -2 -1 0 -2 -1 2 -1 0 0 0
checker 1 centered 5 1 0 0 0 1 -1 1 2 0 -1 2 0 2 -2 0 -2 -2 0 -1 0 -2 2 -2 2 2 -2 1
checker 1 centered 6 6 0 2 -2 -2 2 -3 2 0 1 0 2 2 0 2 -1 -1 -2 1 0 -2 -1 1 -1 0 0 0
checker 1 centered 5 4 1 2 -2 -2 2 -3 2 2 1 1 2 2 0 0 -1 0 -2 1 0 -2 -1 0 -1 0 0 0
checker 1 centered 6 5 0 0 0 1 0 1 2 0 -1 2 0 1 0 0 -1 -2 -1 0 -2 -3 3 -3 2 2 -2 1
checker 1 centered 3 2 0 2 -2 -2 3 -4 3 2 0 1 2 1 0 0 0 0 -2 1 0 -2 -2 0 -1 0 0 0
checker 1 centered 6 3 0 0 0 1 0 2 2 0 0 2 0 -1 0 0 0 -2 -2 0 -2 -3 4 -3 2 2 -2 0
checker 1 centered 6 4 0 2 -2 -2 3 -3 3 2 0 2 2 0 0 0 -1 0 -2 0 0 -2 -2 0 -1 0 0 1
checker 1 centered 4 4 0 0 0 1 0 2 2 0 0 2 -1 1 0 0 0 -2 -2 0 -2 -3 3 -3 2 2 -2 0
cube 1 centered - - 0 2 -2 -2 3 -3 3 2 0 2 2 0 0 0 0 1 0 0 0 -2 -4 0 -2 0 0 0
checker 1 centered 4 2 0 2 -2 -2 3 -3 3 2 0 2 2 0 0 0 0 1 0 0 0 -2 -4 0 -2 0 0 0
checker 1 centered 3 3 0 0 0 2 0 4 2 0 0 0 0 0 0 0 0 -2 -3 0 -2 -3 3 -3 2 2 -2 0
checker 1 centered 5 5 0 2 -2 -2 3 -2 3 2 0 3 2 -1 0 0 0 0 0 0 0 -2 -2 0 -2 -2 0 0
checker 1 centered 2 1 0 0 2 2 0 2 2 0 0 0 0 0 0 0 1 -2 0 0 -2 -2 2 -6 2 2 -3 0
checker 1 centered 4 3 0 3 -2 -2 6 -2 2 2 0 0 2 0 0 0 -1 0 0 0 0 -2 -2 0 -2 -2 0 0
checker 1 centered 4 1 0 0 2 2 0 2 2 0 0 0 0 1 0 0 0 0 0 0 -3 -3 2 -6 2 2 -3 0
checker 1 centered 6 6 0 0 2 2 0 2 3 0 0 0 0 0 0 0 0 0 0 0 0 -2 2 -6 2 2 -6 0
cube 1 centered - - 0 0 -2 -2 -6 3 3 2 2 1 2 0 0 0 0 0 1 1 0 0 0 0 0 -2 -3 0
cube 1 centered - - 0 0 -2 -1 -6 3 3 2 2 0 2 1 0 -1 0 0 0 0 0 0 0 0 0 -2 -3 2
cube 1 centered - - 0 0 -2 0 -6 3 3 2 2 0 2 1 0 -2 0 0 0 0 0 0 0 0 0 -2 -3 2
cube 1 centered - - 0 0 -2 0 -5 3 3 2 2 0 2 1 0 -2 0 -1 0 0 0 0 1 1 0 -2 -3 0
checker 1 centered 4 1 0 0 -2 0 -5 3 3 2 2 0 2 1 0 -2 0 -1 0 0 0 0 1 1 0 -2 -3 0
cube 1 centered - - 0 0 -2 -1 -5 3 3 2 2 0 2 1 0 -1 0 1 0 0 0 0 0 1 -1 -2 -3 0
checker 1 centered 1 1 0 0 -2 -1 -5 3 3 2 2 0 2 1 0 -1 0 1 0 0 0 0 0 1 -1 -2 -3 0
cube 1 centered - - 1 0 -2 -1 -5 3 3 2 2 2 0 1 0 1 0 0 0 0 0 0 0 1 -1 -2 -3 0
cube 1 centered - - 0 -1 -2 -1 -4 2 3 2 2 2 -1 0 0 1 0 0 0 0 0 0 0 1 -1 -2 -3 2
cube 1 centered - - 0 -1 -1 -2 -3 2 3 2 2 2 -2 0 0 1 0 0 0 0 0 0 0 1 -1 -2 -3 2
cube 1 centered - - 0 -1 -2 -2 -3 2 3 2 2 2 -1 0 0 1 -1 0 0 0 0 0 1 1 1 -2 -3 0
checker 1 centered 3 3 0 -1 -2 -2 -3 2 3 2 2 2 -1 0 0 1 -1 0 0 0 0 0 1 1 1 -2 -3 0
cube 1 centered - - 0 -2 -2 -2 -4 2 3 2 2 2 1 0 0 0 1 0 0 0 1 0 0 0 1 -2 -3 0
cube 1 centered - - 0 -2 -2 -2 -3 2 3 3 2 2 0 0 -1 1 1 0 0 0 0 0 0 0 0 -2 -3 1
cube 1 centered - - 0 -1 -3 -2 -3 2 3 3 2 2 1 0 0 1 0 -1 0 0 0 1 0 0 0 -2 -3 0
checker 1 centered 4 4 0 -1 -3 -2 -3 2 3 3 2 2 1 0 0 1 0 -1 0 0 0 1 0 0 0 -2 -3 0
cube 1 centered - - 0 -1 -3 -3 -3 2 3 3 2 2 1 0 0 0 0 1 0 0 0 0 0 0 0 -2 -3 1
cube 1 centered - - 0 0 -3 -4 -3 2 3 3 2 2 1 0 0 0 0 1 0 0 1 0 0 0 0 -2 -3 0
cube 1 centered - - 0 1 -2 -4 -4 2 3 2 2 2 1 0 0 0 1 1 0 0 0 0 0 0 0 -2 -3 0
checker 1 centered 2 1 0 1 -2 -4 -4 2 3 2 2 2 1 0 0 0 1 1 0 0 0 0 0 0 0 -2 -3 0
cube 1 centered - - 0 1 -2 -4 -3 2 3 2 2 2 0 0 1 -1 1 0 0 0 0 0 0 0 0 -2 -3 1
cube 1 centered - - 0 1 -2 -4 -3 2 3 2 2 2 1 0 0 0 1 0 0 0 0 1 -1 0 0 -2 -3 0
checker 1 centered 3 2 0 1 -2 -4 -3 2 3 2 2 2 1 0 0 0 1 0 0 0 0 1 -1 0 0 -2 -3 0
cube 1 centered - - 0 1 -1 -4 -4 2 3 2 2 2 1 0 1 0 0 0 1 0 0 0 0 0 0 -2 -4 0
cube 1 centered - - 0 1 0 -3 -6 2 3 3 2 2 2 0 0 0 0 0 0 0 0 0 0 0 0 -1 -5 0
cube 1 centered - - 0 3 2 -3 -5 2 3 -1 0 2 2 0 0 0 0 0 0 0 0 0 0 0 0 -1 -5 1
cube 1 centered - - 0 3 2 -3 -5 2 3 0 0 2 2 0 0 0 0 -1 0 0 0 0 0 0 0 -1 -5 1
cube 1 centered - - 0 3 2 -3 -5 3 2 0 0 2 2 0 0 0 0 0 0 0 0 -1 1 0 0 0 -6 0
cube 1 centered - - 1 3 2 -3 -5 3 2 0 0 2 2 0 0 0 0 0 0 1 0 0 0 0 0 0 -6 0
cube 1 centered - - 0 3 2 -4 -5 3 2 0 0 2 2 1 0 0 0 0 0 0 0 0 0 0 0 0 -6 0
cube 1 centered - - 0 3 2 -4 -4 5 2 0 0 2 1 0 -1 0 0 0 0 0 0 0 0 0 0 0 -6 0
checker 1 centered 6 2 0 -3 -5 2 2 2 3 -1 2 0 0 0 -2 1 1 0 0 0 0 -2 1 -2 0 0 1 0
cube 1 centered - - 1 -3 -5 2 2 2 3 1 2 0 0 0 -2 0 1 0 0 0 1 -2 0 -2 0 0 1 0
checker 1 centered 2 1 1 -3 -5 2 2 2 3 1 2 0 0 0 -2 0 1 0 0 0 1 -2 0 -2 0 0 1 0
cube 1 centered - - 1 -3 -5 2 2 2 3 2 1 0 0 0 -2 0 1 0 0 0 1 -2 0 -2 1 0 0 0
checker 1 centered 5 2 1 -3 -5 2 2 2 3 2 1 0 0 0 -2 0 1 0 0 0 1 -2 0 -2 1 0 0 0
cube 1 centered - - 0 -3 -6 2 2 2 3 2 1 0 0 0 -1 1 1 0 0 -1 0 -2 1 -2 0 0 0 0
cube 1 centered - - 0 -4 -4 3 5 2 2 2 1 0 0 0 0 0 0 0 0 0 0 -2 0 -3 -2 0 0 0
checker 2 opponent 2 1 0 -4 2 2 2 -5 3 2 0 0 0 0 1 0 1 1 0 1 -2 -3 0 -1 0 0 0 0
checker 2 player 4 1 0 0 0 0 1 0 3 2 0 -1 0 -1 -1 -1 0 0 0 0 -2 -3 5 -2 -2 -2 4 0
checker 2 opponent 6 5 0 -3 2 2 2 -6 3 2 0 0 0 0 1 1 1 0 1 0 -2 -2 -1 -1 0 0 0 0
checker 2 player 4 2 0 0 0 0 1 1 2 2 0 -1 0 0 0 -1 0 0 0 -2 -2 -3 6 -2 -2 -2 3 0
checker 2 opponent 1 1 0 -3 2 2 2 -5 3 2 2 -1 0 0 1 0 0 0 1 0 -1 -2 -2 -1 0 0 0 0
checker 2 player 1 1 0 0 0 0 1 2 2 1 0 0 -1 0 0 0 0 0 -1 -2 -2 -3 5 -2 -2 -2 3 1
checker 2 opponent 3 2 0 -4 2 2 2 -5 3 2 2 1 0 0 0 0 0 1 0 0 0 -2 -2 -2 0 0 0 0
checker 2 player 4 3 0 0 0 0 2 2 2 0 0 0 0 0 -1 0 0 0 0 -2 -2 -4 5 -2 -2 -2 4 0
checker 2 opponent 6 3 0 -4 2 2 2 -4 4 2 2 0 0 0 -1 1 0 0 0 0 0 -2 -2 -2 0 0 0 0
checker 2 player 6 5 0 0 0 0 2 2 2 0 0 0 0 0 0 1 0 0 0 -2 -2 -4 4 -3 -2 -2 4 0
checker 1 centered 5 5 0 0 0 0 0 -1 3 -2 2 0 0 0 -3 3 0 -1 0 -2 -1 -5 2 0 0 2 1 2
checker 1 centered 1 1 1 0 0 1 2 1 3 0 0 0 0 -1 0 0 0 -1 -3 -2 -2 -3 2 3 1 -2 2 0
cube 1 centered - - 0 -2 2 0 -2 -4 3 2 2 3 1 0 0 0 1 0 0 0 0 -2 -2 -2 -1 0 0 1
checker 1 centered 4 2 0 -2 2 0 -2 -4 3 2 2 3 1 0 0 0 1 0 0 0 0 -2 -2 -2 -1 0 0 1
cube 1 centered - - 0 -2 2 0 -2 -4 3 2 2 3 2 0 0 0 0 0 0 0 0 -1 -2 -2 0 -1 -1 1
checker 1 centered 6 4 0 0 0 1 2 2 2 0 1 0 0 0 0 0 1 0 0 -3 0 -5 2 2 -7 2 0 0
checker 1 centered 5 2 0 0 -2 7 -2 -2 5 0 3 0 0 0 0 0 0 0 0 -1 0 -2 -2 -3 -1 0 0 0
checker 1 centered 4 3 0 0 0 1 3 2 2 0 1 0 0 0 0 0 0 0 0 -3 0 -4 2 2 -6 2 -2 0
checker 1 centered 6 1 0 0 -2 -2 2 -2 3 2 2 -2 1 1 -1 2 0 -1 2 0 0 -4 -1 0 0 0 0 0
checker 1 centered 4 1 0 0 0 0 0 1 4 0 0 -1 1 0 -2 1 0 -3 2 -2 -2 -3 2 -2 2 2 0 0
checker 1 centered 1 1 0 0 -2 -2 2 -2 3 2 2 -2 3 0 -1 2 0 0 1 0 0 -4 -2 0 0 0 0 0
checker 1 centered 4 4 0 0 0 0 0 2 4 0 0 0 0 0 -3 1 0 -3 2 -1 -3 -3 2 -2 2 2 0 0
cube 1 centered - - 0 0 -2 -2 2 -2 3 3 1 -2 3 0 0 3 0 0 0 0 0 -2 -3 0 0 -2 0 0
checker 1 centered 3 1 0 0 -2 -2 2 -2 3 3 1 -2 3 0 0 3 0 0 0 0 0 -2 -3 0 0 -2 0 0
checker 1 centered 5 5 0 0 2 0 0 3 2 0 0 0 0 0 -2 0 0 -4 2 -1 -2 -4 2 -2 2 2 0 0
checker 2 player 5 2 0 -1 0 0 -1 0 2 2 2 0 0 0 1 0 0 -2 -2 -2 2 -4 -3 2 2 2 0 0
checker 2 opponent 6 5 0 0 -2 -2 -2 3 4 -1 2 2 2 0 0 -1 -1 0 0 -2 -2 -2 0 1 0 0 1 0
checker 2 player 2 2 0 -1 0 0 0 0 2 2 2 0 -1 1 1 0 0 -2 -2 -2 1 -3 -3 2 2 2 -1 0
checker 2 opponent 1 1 0 1 -2 -2 -2 3 3 -1 2 2 2 0 0 0 0 -1 -1 -2 0 -2 -2 0 0 0 1 1
checker 2 player 2 1 0 -1 -1 0 0 2 2 0 2 1 1 0 0 0 0 -2 -2 0 -2 -3 -3 2 2 2 -1 1
checker 2 opponent 5 1 0 1 -3 -2 -2 3 3 2 0 2 2 0 0 0 0 0 -2 -2 0 -2 -2 0 0 1 1 0
checker 2 player 6 5 0 0 -1 0 0 2 2 -1 2 2 0 0 0 0 0 -2 -2 0 -2 -3 -3 2 2 3 -1 0
checker 2 opponent 5 4 0 1 -2 -2 -2 3 3 2 0 2 2 0 0 -1 0 0 -2 -2 1 -2 -2 0 0 1 0 0
checker 2 player 5 5 0 0 0 0 0 2 2 -1 2 2 0 -1 1 0 0 -2 -2 0 -2 -3 -3 2 2 2 -1 0
checker 2 opponent 6 4 0 0 -3 0 -2 -2 3 2 3 2 -1 0 0 0 0 2 0 -2 0 -2 -2 2 0 -1 0 1
checker 2 player 5 4 0 0 1 0 -2 2 2 0 2 0 -3 0 0 0 0 1 -2 -3 -2 -3 2 2 0 3 0 0
checker 2 opponent 6 1 0 0 -3 0 -2 -2 3 2 3 2 0 0 0 0 0 3 0 -2 0 -3 -2 2 0 -1 0 0
checker 2 player 1 1 0 0 1 0 -1 2 3 0 2 0 -3 -1 0 0 0 0 -2 -3 -2 -3 2 2 0 3 0 0
checker 2 opponent 4 4 0 0 -1 -2 -2 -2 3 2 3 2 0 0 0 0 1 3 0 -2 0 -2 -2 -1 0 -1 0 1
checker 2 opponent 5 3 1 0 1 -3 -2 -2 2 2 3 2 1 1 0 0 0 2 0 -2 0 -2 -2 1 0 -1 0 0
checker 2 player 6 5 0 0 1 0 -1 2 2 0 2 0 0 0 0 -1 -1 -2 -2 -3 -2 -2 2 2 3 -1 0 1
checker 2 opponent 4 3 0 0 1 -3 -2 -2 2 2 3 2 2 -1 1 0 0 0 0 -2 0 -2 -2 1 0 -1 0 1
checker 2 player 2 1 0 0 1 0 -1 2 2 -1 2 0 0 0 0 -1 1 -2 -2 -3 -2 -2 2 2 3 -1 0 0
checker 2 opponent 6 2 0 0 1 -2 -2 -3 2 2 3 2 2 -1 1 0 0 0 0 -2 1 -2 -1 -1 0 -1 0 1
checker 2 player 2 2 0 0 -1 0 1 1 2 -1 2 0 0 0 0 0 1 -2 -2 -3 -2 -3 3 2 2 -1 0 1
checker 2 opponent 3 3 0 0 -1 -2 -2 -3 3 2 3 2 2 0 0 -1 0 0 0 -2 1 -1 -1 -1 0 -1 0 2
checker 2 player 6 5 0 0 1 -2 1 1 1 0 2 0 0 0 1 -1 0 -2 -2 -3 -2 -3 3 2 2 1 0 0
checker 2 opponent 2 2 0 0 -1 -2 -2 -2 3 2 3 2 2 0 1 -1 0 0 -1 -2 0 -1 -1 -1 2 -1 0 0
checker 2 player 4 4 0 0 1 0 1 0 1 -2 2 1 0 0 1 -1 0 -2 -2 -3 -2 -3 2 2 2 1 0 1
checker 2 opponent 6 2 0 0 -1 -2 -3 -2 3 2 3 2 2 0 1 0 0 0 0 -2 2 -1 -1 -2 0 -1 0 0
checker 2 opponent 5 2 1 0 1 -2 -3 -2 3 2 2 2 2 0 1 0 0 0 1 -2 1 -1 -1 -2 0 -1 0 0
checker 2 player 5 4 0 0 1 0 2 1 1 -1 2 -1 0 0 0 0 0 -3 -2 -2 -2 -2 2 3 2 -1 -1 1
checker 2 opponent 3 2 0 1 1 -2 -3 -3 2 2 2 2 3 0 0 0 0 0 1 -1 1 -1 -1 -3 0 -1 0 0
checker 2 player 6 5 0 0 1 0 3 1 1 -1 1 0 0 0 0 0 -1 -3 -2 -2 -2 -2 3 3 2 -1 -1 0
checker 2 opponent 3 2 0 1 1 -2 -3 -2 2 2 2 2 3 0 0 0 0 0 -1 -1 1 -1 -1 -3 0 -1 0 1
checker 2 opponent 6 5 0 1 1 -2 -3 -3 2 2 2 2 3 0 0 0 0 0 1 0 0 0 -1 -3 -1 -1 -1 1
checker 2 player 6 6 0 1 1 1 3 1 -1 0 0 0 0 0 0 0 -1 -3 -2 -2 -2 -2 3 3 2 -1 -1 0
checker 2 opponent 3 2 0 -1 1 -2 -4 -1 2 2 2 3 2 -2 0 0 0 0 0 0 0 1 0 -3 1 -1 -1 1
checker 2 player 1 1 0 1 1 -1 3 -1 -1 0 0 0 0 0 0 0 2 -2 -3 -2 -2 -2 1 4 2 -1 1 0
checker 2 player 4 2 1 1 -1 1 2 -1 -1 0 0 0 0 0 0 0 2 -2 -3 -2 -2 -2 3 2 2 1 0 1
checker 2 opponent 6 6 0 0 -1 -2 -3 -3 2 2 2 3 2 -2 0 0 0 0 0 0 0 1 1 -1 -1 -1 -1 2
checker 2 player 1 1 0 1 1 1 1 -1 -1 0 0 0 0 0 -2 0 2 -2 -3 -2 -2 -2 3 3 2 1 0 0
checker 2 opponent 6 5 0 0 0 -3 -2 -4 2 2 2 3 2 0 -2 2 0 0 0 0 0 1 1 -1 -1 -1 -1 0
checker 2 player 5 1 0 1 1 1 1 0 0 0 0 0 0 -2 -2 2 0 -2 -3 -2 -2 -2 4 2 3 0 0 0
checker 2 opponent 3 1 0 0 0 -3 -2 -4 2 2 2 3 2 0 -1 2 2 0 0 -1 0 0 0 0 -2 -1 -1 0
checker 2 player 6 1 0 1 1 2 0 0 0 0 1 0 0 -1 -1 -1 -1 -2 -3 -2 -2 -2 4 2 3 0 0 1
checker 2 opponent 6 5 0 -1 0 -3 -2 -3 2 2 2 3 2 -1 1 1 1 0 0 -1 0 0 0 0 -2 -1 -1 1
checker 2 player 6 4 0 1 1 2 0 0 0 0 1 0 0 -2 -1 -1 1 -2 -3 -2 -2 -2 3 2 3 0 1 0
checker 2 opponent 3 2 0 0 0 -3 -2 -3 2 2 2 3 2 -2 1 1 2 0 0 -1 0 0 0 0 -2 -1 -1 0
checker 2 player 4 2 0 1 1 2 0 0 0 0 1 0 0 -1 -1 -2 2 -2 -2 -2 -2 -3 3 2 3 0 0 0
checker 2 opponent 3 1 0 0 0 -2 -2 -4 3 2 2 2 2 -2 2 1 1 0 0 0 0 0 0 -1 -2 -1 -1 0
checker 2 player 6 1 0 1 1 2 1 0 0 0 0 0 0 -1 -1 -1 2 -2 -2 -3 -2 -3 4 2 2 0 0 0
checker 2 opponent 5 3 0 0 0 -2 -2 -3 3 2 3 2 2 -3 1 1 1 0 0 0 0 0 0 -1 -2 0 -2 0
checker 2 player 4 2 0 2 0 2 1 0 0 0 0 0 0 -1 0 -1 3 -3 -2 -3 -2 -2 3 2 2 0 -1 0
checker 2 opponent 5 4 0 1 0 -2 -2 -3 2 2 3 2 3 -2 1 0 1 0 0 -1 0 0 0 -1 -2 0 -2 0
checker 2 player 5 3 0 2 0 2 1 0 0 0 1 0 0 -1 0 -1 2 -2 -2 -3 -2 -2 3 2 2 0 -2 0
checker 2 opponent 3 1 0 2 0 -2 -2 -3 2 2 3 2 2 -1 1 0 1 0 -1 0 0 0 -1 -1 -2 0 -2 0
checker 2 player 4 1 0 2 0 2 1 1 0 0 0 1 0 0 0 0 -2 -2 -2 -3 -2 -2 3 2 2 0 -2 1
checker 2 opponent 3 2 0 2 0 -2 -3 -3 2 2 3 2 2 2 0 0 0 0 -1 0 0 0 0 -2 -2 0 -2 0
checker 2 player 4 2 0 2 0 2 2 0 0 0 0 1 0 0 0 0 -1 -2 -2 -3 -2 -3 3 3 2 0 -2 0
checker 2 opponent 5 5 0 2 0 -2 -3 -3 3 2 3 2 2 1 0 0 0 0 0 0 0 0 0 -2 -3 0 -2 0
checker 2 opponent 4 2 0 3 2 -1 -3 -3 3 0 3 2 2 0 -1 0 0 0 0 0 0 0 0 -2 -3 0 -2 0
checker 2 player 5 5 0 2 0 3 2 0 0 0 0 0 0 0 0 1 0 0 -2 -4 0 -4 3 3 1 -2 -3 0
checker 1 centered 6 2 0 0 -2 2 -2 -2 4 -2 2 0 0 1 -1 3 -1 0 2 0 -2 -3 1 0 0 0 0 0
checker 1 centered 6 1 0 0 0 0 0 -1 3 2 0 -1 0 1 -2 1 -2 -1 0 -2 2 -4 2 2 -2 2 0 0
checker 1 centered 3 1 0 0 -2 2 -2 -2 4 -2 2 0 1 2 -1 2 0 0 1 0 -2 -2 -2 0 0 0 0 1
checker 1 centered 5 1 0 0 0 -1 0 2 2 2 0 -1 0 0 -2 1 -1 -2 0 -2 2 -4 2 2 -2 2 0 0
checker 1 centered 3 1 0 0 -2 2 -2 -2 4 -1 2 0 2 1 -2 2 0 0 1 0 -2 -2 -1 -1 1 0 0 0
checker 1 centered 2 1 0 0 0 -1 1 1 2 2 0 -1 0 0 -2 2 0 -2 0 -2 -1 -4 2 2 -2 2 0 1
checker 1 centered 5 1 0 -1 -2 2 -2 -2 4 1 2 0 2 0 -2 2 0 0 1 0 -1 -2 -2 -1 1 0 0 0
checker 1 centered 6 4 0 0 0 -1 1 2 2 1 0 -1 0 0 -1 2 0 -2 0 -2 -2 -4 2 2 -2 2 1 0
checker 1 centered 6 1 0 0 -2 2 -2 -2 4 2 2 0 2 -1 -2 1 0 0 1 0 -1 -2 -2 -1 1 0 0 0
checker 1 centered 3 1 0 0 0 -1 1 2 2 1 0 0 0 0 -1 2 1 -2 -1 -2 -2 -4 2 2 -2 2 0 0
checker 1 centered 1 1 0 0 -2 2 -2 -2 4 2 2 1 2 -1 -1 -1 0 0 0 0 0 -2 -2 -2 1 0 0 1
checker 1 centered 3 1 0 0 -1 -1 2 2 2 0 0 0 0 0 1 1 1 0 -3 -2 -2 -4 2 2 -2 2 0 0
checker 1 centered 3 3 0 0 -2 2 -2 -2 4 2 2 3 0 -1 -1 0 0 0 0 -1 0 -2 -2 -2 1 1 0 0
cube 1 centered - - 0 0 -1 -1 2 2 2 0 1 0 0 0 0 1 1 0 0 -2 -2 -6 2 2 -3 2 0 0
checker 1 centered 5 1 0 0 -1 -1 2 2 2 0 1 0 0 0 0 1 1 0 0 -2 -2 -6 2 2 -3 2 0 0
checker 1 centered 3 2 0 0 -2 3 -2 -2 6 2 2 0 0 0 -2 0 0 0 0 0 0 -2 -2 -2 -1 1 0 1
cube 1 centered - - 0 0 -1 -1 2 2 2 0 0 0 0 0 0 2 0 0 0 -2 -2 -6 2 2 -2 2 -1 1
checker 1 centered 4 1 1 1 -2 2 -2 -2 6 2 2 0 0 0 -2 0 0 0 0 0 0 -2 -2 -2 1 1 0 0
cube 1 centered - - 0 0 0 -1 2 2 2 -1 0 0 0 0 0 2 0 0 0 -2 -2 -6 2 2 -2 2 -1 1
checker 1 centered 3 2 0 0 0 -1 2 2 2 -1 0 0 0 0 0 2 0 0 0 -2 -2 -6 2 2 -2 2 -1 1
checker 1 centered 4 2 0 1 -2 2 -2 -3 6 2 2 0 0 0 -2 0 0 0 0 0 1 -2 -2 -2 1 0 0 0
cube 1 centered - - 0 0 0 0 2 2 2 -1 0 -1 0 0 0 2 0 0 0 -2 -2 -6 3 2 -2 2 -1 0
checker 1 centered 6 2 0 0 0 0 2 2 2 -1 0 -1 0 0 0 2 0 0 0 -2 -2 -6 3 2 -2 2 -1 0
checker 1 centered 2 1 0 1 -2 2 -2 -3 6 2 2 0 0 0 0 0 -1 0 1 0 -1 -2 -2 -2 0 0 0 1
checker 1 centered 2 1 0 -1 0 0 2 2 2 1 0 0 0 -1 0 0 0 0 0 -2 -2 -6 3 2 -2 2 -1 1
checker 1 centered 4 3 0 1 -3 2 -2 -3 6 2 2 0 0 0 0 0 1 0 0 0 0 -3 -2 -2 0 0 1 0
checker 1 centered 2 1 0 -1 0 0 2 2 3 0 0 0 0 0 0 0 0 0 0 -2 -3 -6 3 2 -2 3 -1 0
checker 1 centered 6 1 0 1 -2 2 -2 -4 6 3 2 0 0 0 0 0 0 0 0 0 0 -3 -2 -2 0 0 1 0
checker 1 centered 4 2 0 0 0 0 2 2 3 0 -1 0 0 0 0 0 0 0 0 -2 -3 -6 4 2 -2 2 -1 0
checker 1 centered 3 1 0 1 -2 2 -2 -3 6 3 2 0 0 -1 0 0 0 0 0 1 0 -3 -2 -2 0 0 0 0
checker 1 centered 6 1 0 0 0 0 2 2 3 0 0 0 0 0 -1 0 1 0 0 -2 -3 -6 3 2 -2 2 -1 0
cube 1 centered - - 0 0 0 0 2 2 3 0 0 0 0 0 0 1 1 0 0 -2 -1 -6 2 2 -2 2 -4 0
checker 1 centered 1 1 0 0 0 0 2 2 3 0 0 0 0 0 0 1 1 0 0 -2 -1 -6 2 2 -2 2 -4 0
checker 1 centered 5 4 0 4 -2 2 -2 -2 6 1 2 0 0 0 -2 0 0 0 0 0 0 -2 -2 -2 -1 0 0 0
checker 1 centered 5 3 0 0 0 1 2 2 2 0 0 0 0 0 0 2 0 0 0 -2 0 -5 2 2 -3 2 -5 0
checker 1 centered 6 2 0 5 -2 3 -2 -2 5 0 2 0 0 0 0 0 0 -1 0 -1 0 -2 -2 -2 -1 0 0 0
checker 1 centered 6 3 0 0 0 1 2 2 2 0 1 0 1 0 0 0 0 0 0 -1 0 -6 2 2 -3 2 -5 0
checker 1 centered 5 5 0 0 0 0 0 0 3 -1 2 1 0 -1 -4 2 0 0 0 -2 -2 -4 3 -1 1 2 1 0
checker 2 opponent 6 4 1 -3 2 2 -1 -3 4 0 1 1 0 0 2 2 0 0 0 0 1 -3 -2 -2 0 0 0 0
checker 2 opponent 4 2 0 -3 2 2 -1 -4 4 0 0 1 0 0 3 2 0 0 0 0 0 -3 -2 -2 0 0 0 1
checker 2 player 6 6 0 0 -1 0 2 2 3 0 0 0 0 0 -1 -3 0 0 -2 0 0 -4 4 1 -2 -2 3 0
checker 1 centered 5 1 0 0 -2 -2 -2 2 2 0 3 -2 -1 2 2 0 0 2 0 -2 1 -2 1 0 -2 0 0 0
checker 1 centered 4 3 0 0 0 2 0 -1 2 -1 2 0 -2 0 0 -1 -2 1 2 -2 -2 -2 -2 2 2 2 0 0
cube 1 centered - - 0 0 -2 -2 -2 2 2 2 2 -2 0 2 1 0 -1 2 0 -1 1 -2 -1 0 -2 0 0 1
checker 2 opponent 4 2 0 0 -2 -2 -2 2 2 2 2 -2 0 2 1 0 -1 2 0 -1 1 -2 -1 0 -2 0 0 1
checker 2 player 6 4 0 0 0 2 -1 1 2 -1 1 0 -2 1 0 0 -2 -1 2 -2 -2 -2 -2 2 2 2 0 0
checker 2 opponent 5 4 0 2 0 -3 -7 3 2 2 3 2 1 0 0 0 0 0 0 0 0 0 0 0 0 -3 -2 0
checker 2 player 4 3 0 2 3 0 0 0 0 0 0 0 0 0 0 0 0 0 -2 -3 -1 -3 -3 7 3 -1 -2 0
checker 2 opponent 4 3 0 2 1 -3 -6 3 3 0 3 2 0 -1 0 0 0 0 0 0 0 0 0 0 0 -3 -2 1
checker 2 player 3 3 0 2 3 0 -1 0 0 0 0 0 0 0 0 0 1 0 -2 -2 0 -3 -4 6 3 -1 -2 0
checker 1 centered 5 4 0 0 0 0 2 0 2 1 1 1 0 0 -1 1 0 0 -3 -2 0 -3 4 2 -2 -2 -2 1
cube 1 centered - - 0 2 2 2 -3 -4 3 0 2 3 0 0 0 1 0 0 -1 -2 -1 -2 0 -2 0 0 0 0
checker 2 opponent 5 3 0 2 2 2 -3 -4 3 0 2 3 0 0 0 1 0 0 -1 -2 -1 -2 0 -2 0 0 0 0
checker 2 player 4 2 0 0 0 0 2 0 2 1 2 1 0 0 0 0 0 0 -2 -3 0 -4 4 3 -2 -2 -2 0
checker 2 opponent 3 3 0 2 2 2 -3 -4 4 0 3 2 0 0 0 0 0 0 0 -2 0 -2 -2 -2 0 0 0 0
checker 2 player 2 2 0 0 0 0 2 2 2 0 2 0 0 0 0 0 0 0 0 -3 0 -4 4 3 -4 -2 -2 0
checker 1 centered 2 2 0 0 0 0 1 1 2 0 2 0 0 -1 0 1 -2 0 -2 -2 -2 -5 3 3 -1 2 0 0
cube 1 centered - - 0 0 -2 1 -3 -3 5 2 2 2 0 2 0 0 0 0 0 -2 0 -2 -2 -1 0 0 0 1
checker 1 centered 5 3 0 0 -2 1 -3 -3 5 2 2 2 0 2 0 0 0 0 0 -2 0 -2 -2 -1 0 0 0 1
checker 1 centered 3 2 0 0 0 -1 1 2 2 0 2 0 0 0 0 0 -2 0 -2 -2 -2 -4 3 3 -1 2 -1 0
cube 1 centered - - 0 1 -2 1 -3 -3 4 2 2 2 0 2 0 0 0 0 0 0 0 -3 -3 -1 1 0 0 0
checker 1 centered 5 3 0 1 -2 1 -3 -3 4 2 2 2 0 2 0 0 0 0 0 0 0 -3 -3 -1 1 0 0 0
checker 1 centered 4 3 0 0 0 0 1 3 3 0 0 0 0 -1 0 0 -2 0 -2 -2 -2 -4 3 3 -1 2 -1 0
cube 1 centered - - 0 1 -2 1 -3 -3 4 2 2 2 0 2 0 0 1 0 0 0 0 -2 -2 -1 0 -2 0 0
checker 2 opponent 6 6 0 1 -2 1 -3 -3 4 2 2 2 0 2 0 0 1 0 0 0 0 -2 -2 -1 0 -2 0 0
checker 2 player 5 3 0 0 2 0 1 2 2 0 0 0 0 0 0 0 -2 0 0 -3 -1 -4 3 3 -3 2 -2 0
checker 2 opponent 6 3 0 2 -2 3 -2 -3 4 1 3 0 0 2 -1 0 0 0 0 0 0 -2 -2 -1 0 -2 0 0
checker 2 player 6 3 0 0 2 0 1 2 2 0 0 0 0 0 0 1 -1 0 0 -4 0 -4 3 2 -3 2 -3 0
checker 2 opponent 1 1 0 3 -2 3 -2 -2 4 0 4 0 0 -1 0 0 0 -1 0 0 0 -2 -2 -1 0 -2 0 1
checker 2 player 6 4 0 -1 2 0 1 2 2 0 0 0 1 0 0 0 1 0 0 -1 -3 -4 2 2 -3 2 -3 0
checker 1 centered 6 4 0 0 1 1 2 0 0 0 1 0 0 0 0 0 0 0 -1 -1 2 -7 -2 4 2 2 -4 0
cube 1 centered - - 0 4 -2 -2 -3 2 7 -2 -1 1 0 0 0 0 0 0 0 0 0 0 0 -2 -1 -2 0 1
checker 1 centered 6 4 1 0 2 1 2 0 0 0 0 0 0 0 0 0 0 0 -1 1 2 -7 -2 3 2 2 -4 0
checker 1 centered 4 3 1 -1 1 1 1 -1 1 0 0 0 2 0 -1 0 0 0 -3 -2 -2 3 -2 -2 4 0 2 0
cube 1 centered - - 0 -2 0 -3 2 2 -3 2 2 3 -1 0 0 1 0 -2 0 0 0 -1 1 -1 -1 -1 1 1
checker 2 opponent 5 4 0 -2 0 -3 2 2 -3 2 2 3 -1 0 0 1 0 -2 0 0 0 -1 1 -1 -1 -1 1 1
checker 2 player 5 4 0 -1 1 1 1 -2 1 0 0 0 2 0 0 0 0 1 -4 -2 -2 3 -2 -2 3 0 2 0
checker 2 opponent 4 1 0 -2 0 -3 2 2 -2 2 2 4 -1 0 0 0 0 -3 0 0 0 -1 2 -1 -1 -1 1 0
checker 2 player 5 5 0 -1 1 1 1 -2 1 0 0 0 3 0 0 0 0 1 -2 -3 -2 2 -3 -2 3 0 2 0
checker 2 opponent 5 4 1 -1 -2 -3 2 3 -2 2 3 1 1 -2 0 0 0 -3 0 0 0 1 1 1 0 -1 0 0
checker 2 opponent 1 1 2 1 -2 -3 2 2 -2 2 3 1 1 -2 0 0 0 -3 1 0 0 1 1 0 0 -1 0 0
checker 2 opponent 3 2 1 1 -2 -4 2 2 -2 2 3 2 0 -2 0 0 0 -3 1 1 0 1 0 0 0 -1 0 0
checker 2 player 6 4 0 0 1 0 0 0 -1 0 0 0 3 -2 0 0 2 0 -2 -3 -2 2 -2 -2 4 2 -1 1
checker 2 opponent 5 1 0 1 -2 -4 2 2 -2 2 3 2 -1 -2 0 0 2 -3 0 0 0 1 0 0 0 -1 0 0
checker 2 player 6 5 0 0 1 0 0 0 -1 0 0 0 3 0 -1 0 2 1 -3 -3 -2 2 -2 -2 4 2 -1 0
checker 2 opponent 3 1 0 1 -2 -4 2 2 -2 2 3 3 0 -2 0 1 0 -3 0 0 0 1 0 -1 0 -1 0 0
checker 2 player 6 1 0 0 1 0 1 0 -1 0 0 0 3 0 -1 0 2 0 -3 -2 -2 2 -2 -3 4 2 -1 0
checker 2 opponent 4 1 0 1 -2 -4 3 2 -2 2 2 3 0 -2 0 1 0 -1 -1 0 0 1 0 -2 0 -1 0 0
checker 2 player 5 1 0 0 1 0 2 0 0 0 0 1 -1 0 -1 0 2 0 -2 -3 -2 2 -2 -3 4 2 -1 1
checker 2 opponent 5 4 0 0 -2 -4 3 2 -3 2 3 2 0 -2 0 1 0 1 -1 0 0 0 0 -2 0 -1 0 1
checker 2 player 5 2 0 0 1 0 2 0 0 0 0 -1 -1 0 -1 0 2 0 -2 -3 -2 3 -2 -3 4 2 0 1
checker 2 opponent 6 3 0 0 -3 -4 3 2 -2 2 3 2 0 -3 0 1 0 1 1 0 0 0 0 -2 0 -1 0 0
checker 2 player 6 4 0 0 1 0 2 0 0 0 0 -1 0 0 -1 0 3 0 -3 -3 -2 2 -2 -2 4 3 -1 0
checker 2 opponent 6 4 0 1 -2 -4 2 2 -3 2 3 3 0 -2 0 1 0 0 1 -1 0 0 0 -2 0 -1 0 0
checker 2 player 5 3 0 0 1 0 2 0 0 0 1 -1 0 0 -1 0 2 0 -2 -3 -1 3 -3 -2 4 2 -2 0
checker 2 opponent 5 2 0 2 -2 -3 2 3 -3 1 3 2 0 -3 0 1 0 0 1 -1 0 0 0 -2 0 -1 0 0
checker 2 player 4 4 0 0 1 0 2 0 0 0 1 -1 0 0 0 0 3 0 -2 -4 0 3 -4 -2 3 2 -2 0
checker 2 opponent 6 2 0 2 -2 -3 2 4 -3 0 4 2 0 0 0 0 0 -2 1 -1 0 -1 0 -2 0 -1 0 0
checker 2 player 2 1 0 0 1 0 2 0 1 0 1 0 2 0 0 0 0 0 -2 -5 0 3 -4 -2 3 2 -2 0
checker 2 player 6 1 0 0 1 0 2 0 2 0 0 1 1 0 0 0 0 0 -2 -4 0 3 -4 -2 3 2 -3 0
checker 2 opponent 3 2 0 3 -2 -3 2 4 -2 0 4 2 0 0 -1 0 0 -1 0 -1 0 -2 0 -2 0 -1 0 0
checker 2 player 6 2 0 0 1 0 2 0 2 0 1 0 1 0 0 1 0 0 -1 -4 0 2 -4 -3 3 2 -3 0
checker 2 opponent 4 1 0 3 -2 -2 3 4 -2 0 4 -1 0 0 -1 0 0 0 0 -2 0 -2 0 -2 0 -1 0 1
checker 2 player 6 1 0 0 1 0 2 -1 2 0 2 0 0 0 0 1 0 0 1 -4 0 2 -4 -3 2 2 -3 0
checker 2 opponent 6 3 0 3 -2 -2 3 4 -2 0 4 -1 0 0 0 0 0 0 0 -2 0 -3 1 -2 0 -1 0 0
checker 2 player 5 3 0 0 1 0 2 0 3 0 2 0 0 -1 0 0 0 0 1 -3 0 2 -5 -3 2 2 -3 0
checker 2 opponent 5 2 0 3 -2 -2 3 5 -2 0 3 0 0 0 0 0 0 0 0 -3 0 -3 0 -2 0 -1 0 1
checker 2 player 2 2 0 0 1 0 2 0 3 -1 3 0 0 0 0 0 0 0 0 -3 0 2 -5 -3 2 2 -3 0
checker 2 opponent 6 3 0 3 -2 -2 3 5 -2 0 3 0 0 0 0 0 0 0 0 -2 1 -2 0 -3 0 -2 0 0
checker 2 player 3 3 0 0 2 0 3 0 2 0 2 0 0 0 0 0 0 0 -1 -3 0 2 -5 -3 2 2 -3 0
checker 1 centered 5 2 0 0 0 2 -1 0 3 0 0 0 2 0 0 0 0 1 0 1 0 -5 2 2 2 -5 -4 0
checker 1 centered 6 3 0 0 -2 -2 3 -3 4 2 2 2 0 0 0 0 1 0 -1 1 0 -1 -3 -2 -1 0 0 0
checker 1 centered 5 2 0 0 0 1 2 3 1 0 0 1 0 0 0 0 -2 0 -2 -2 -2 -4 3 -3 2 2 0 0
checker 1 centered 3 2 0 0 -2 -2 3 -2 4 2 2 2 -1 2 0 0 0 0 -1 0 0 -1 -2 -2 -2 0 0 0
checker 1 centered 4 3 0 0 0 2 2 2 1 0 0 1 0 0 0 0 -1 1 -3 -2 -2 -4 2 -2 2 2 -1 0
checker 1 centered 6 2 0 1 -2 -2 2 -2 4 2 2 3 0 1 0 0 -1 0 0 0 0 -2 -2 -2 -2 0 0 0
checker 1 centered 2 1 0 0 0 2 2 2 2 0 0 0 0 1 0 0 -1 0 -2 -2 -2 -4 2 -2 2 2 -2 0
checker 1 centered 6 4 0 2 -2 -2 2 -2 4 2 2 2 0 1 0 0 0 0 0 -1 0 -2 -2 -2 -2 0 0 0
checker 1 centered 5 4 0 0 0 2 2 2 2 0 1 0 0 0 0 0 0 0 -2 -2 -2 -4 2 -2 2 2 -3 0
checker 1 centered 4 1 0 0 0 0 2 1 2 0 2 0 0 1 0 0 0 0 0 0 0 -10 3 2 -2 2 -2 0
cube 1 centered - - 0 2 -2 2 -2 -3 10 0 0 0 0 0 0 0 0 0 0 -1 -2 -2 -1 -2 0 0 0 0
checker 1 centered 1 1 1 -1 0 -1 2 0 2 0 2 0 0 -1 0 -1 0 -2 -2 -2 -2 -2 3 2 1 1 2 0
cube 1 centered - - 0 -2 0 -2 -2 -3 2 2 2 2 2 0 1 0 1 0 0 -1 -1 -1 -1 -1 -1 0 1 2
checker 2 opponent 2 2 0 -2 0 -2 -2 -3 2 2 2 2 2 0 1 0 1 0 0 -1 -1 -1 -1 -1 -1 0 1 2
checker 2 opponent 5 1 0 -2 0 -3 -3 -3 2 2 2 2 2 0 1 0 1 0 0 -1 -1 -1 1 -1 0 2 0 0
checker 2 player 6 4 0 0 -2 0 1 0 1 1 1 0 -1 -1 0 -1 0 -2 -2 -2 -1 -3 3 3 3 0 2 0
checker 2 opponent 2 1 0 -2 0 -3 -3 -2 3 1 2 2 2 0 1 0 1 -1 0 -1 -1 -1 0 -1 0 2 0 1
checker 2 player 6 3 0 -1 -1 0 -1 0 1 1 1 0 1 -1 0 -1 0 -2 -2 -2 -1 -3 2 3 3 0 2 1
checker 2 opponent 4 2 0 -1 0 -4 -3 -2 3 -1 2 2 2 0 1 0 1 -1 0 -1 -1 -1 0 1 0 1 1 1
checker 2 player 5 1 0 -1 -2 0 -1 0 1 1 1 0 1 0 0 -1 0 -3 -2 -2 1 -3 2 3 4 0 1 0
checker 2 opponent 3 1 0 -1 0 -4 -2 -3 3 0 2 2 3 0 -1 0 0 -1 0 -1 -1 -1 0 1 0 2 1 1
checker 2 player 5 1 0 -2 -2 0 0 0 1 -1 1 0 1 0 0 1 0 -3 -2 -2 0 -3 3 2 4 0 1 1
checker 2 opponent 6 4 0 -1 0 -4 -2 -4 3 0 2 2 3 0 0 -1 0 -1 0 -1 1 -1 0 0 0 2 2 0
checker 2 player 6 1 0 -2 -2 0 0 0 1 0 1 0 1 0 1 0 0 -3 -2 -3 0 -3 4 2 4 0 1 0
checker 2 opponent 5 4 0 -1 0 -4 -2 -3 3 0 3 2 3 -1 0 0 -1 -1 0 -1 0 -1 0 0 0 2 2 0
checker 2 player 3 2 0 -2 -2 0 0 0 1 0 1 0 1 1 0 0 1 -3 -2 -3 0 -1 3 2 4 -1 -1 1
checker 2 player 5 5 0 -2 -2 0 -1 0 -1 0 1 0 1 1 0 0 1 -3 -2 -3 0 1 3 2 3 1 -1 1
checker 2 player 2 2 0 -2 -2 -1 -1 0 1 0 1 0 1 0 0 0 0 -3 -2 -3 0 1 4 2 3 1 -1 1
checker 2 opponent 4 3 0 1 -2 -2 -1 -5 -2 0 3 2 3 0 0 0 0 -1 0 -1 0 0 0 -1 1 2 2 1
checker 2 player 5 2 0 -2 -2 -1 1 0 0 -1 1 0 1 0 0 0 0 -3 -2 -3 0 2 5 1 2 2 -1 0
checker 2 opponent 4 2 0 1 -2 -2 -1 -5 -1 0 3 2 3 -1 0 0 0 -1 0 0 1 -1 0 -1 1 2 2 0
checker 2 player 4 1 0 -2 -2 -1 1 0 1 0 0 0 1 0 0 -1 1 -3 -2 -3 0 1 5 1 2 2 -1 0
checker 2 opponent 6 3 0 1 -2 -2 -1 -5 0 0 3 2 3 -2 1 0 0 -1 0 0 0 -1 0 -1 1 2 2 0
checker 2 player 5 5 0 -2 -1 -1 1 0 1 0 -1 0 1 0 0 0 2 -3 -3 -3 0 0 5 1 2 2 -1 0
checker 2 opponent 3 2 0 1 0 -2 -1 -5 0 -1 3 3 3 -2 0 0 0 -1 0 -1 0 -1 0 -1 1 1 2 1
checker 2 player 5 1 0 -2 -1 -2 1 0 1 0 1 0 1 0 0 0 2 -3 -3 -2 1 -1 5 1 2 0 -1 0
checker 2 opponent 6 6 0 1 0 -2 -1 -4 0 -1 2 3 3 -3 0 0 0 -1 0 -1 0 -1 0 -1 2 1 2 1
checker 2 player 6 4 0 -2 -1 -1 1 0 0 0 1 0 1 0 -1 0 3 -4 -3 -2 1 0 4 1 2 0 -1 1
checker 2 opponent 6 5 0 1 0 -2 -2 -4 0 0 2 3 4 -3 0 -1 0 -1 0 -1 0 0 0 -1 1 1 2 1
checker 2 player 1 1 0 -2 -1 -1 1 0 0 0 1 0 1 -1 1 0 3 -4 -3 -2 0 0 4 2 2 0 -1 0
checker 2 opponent 3 2 0 1 0 -2 -1 -5 0 0 2 3 4 -1 -2 0 -1 -1 0 -1 0 0 0 -1 1 1 2 1
checker 2 player 6 1 0 -2 -1 -2 1 0 0 0 1 0 1 1 0 2 1 -3 -3 -3 0 0 5 1 2 0 -1 0
checker 2 opponent 6 3 0 1 0 -2 -1 -5 0 0 3 3 3 -1 -1 -1 -1 -1 0 0 0 0 0 -1 2 -1 2 1
checker 2 player 5 4 0 -2 1 -2 1 0 0 0 0 -1 1 1 1 1 1 -3 -3 -3 0 0 5 1 2 0 -1 0
checker 2 opponent 5 4 0 1 0 -2 -1 -5 0 0 3 3 3 0 0 -1 -1 -1 -2 0 0 0 0 -1 2 -1 2 1
checker 2 player 6 2 0 -2 1 -1 -1 0 0 0 -1 2 1 1 1 0 0 -3 -3 -3 0 0 5 1 2 0 -1 1
checker 2 opponent 5 3 0 1 -1 -2 -1 -5 0 0 3 3 3 0 0 -1 -1 0 -2 1 0 0 0 -1 1 -1 2 1
checker 2 player 5 3 0 -2 1 -1 1 0 0 0 -2 2 0 1 1 0 0 -3 -3 -3 0 0 5 1 2 1 -1 0
checker 2 opponent 6 4 0 1 -1 -2 0 -5 0 -1 3 3 3 0 0 -1 0 0 -2 2 0 -1 0 -1 1 -1 2 0
checker 2 player 3 1 0 -2 1 0 1 0 1 0 -2 2 0 0 1 -1 0 -3 -3 -3 1 0 5 0 2 1 -1 0
checker 2 opponent 6 2 0 1 -1 -2 0 -4 -1 -1 3 3 3 0 1 -1 0 0 -1 2 0 -2 0 -1 0 -1 2 0
checker 2 opponent 3 1 1 2 -1 -2 0 -4 -1 0 3 2 3 0 1 -1 0 0 -1 2 0 -2 0 -1 0 -1 2 0
checker 2 player 5 5 0 -2 1 0 1 0 2 0 -1 1 0 -1 1 -1 0 -3 -2 -2 -1 1 4 0 2 1 -2 1
checker 2 player 6 4 0 -3 1 0 2 -1 2 0 -1 0 0 -1 1 1 0 -3 -2 -2 0 1 5 0 2 0 -2 0
checker 2 player 6 5 1 -3 1 0 2 -1 2 0 1 0 0 -1 0 2 0 -3 -2 -2 0 0 5 0 2 0 -2 0
checker 2 opponent 2 1 0 1 -3 -2 -2 2 3 2 2 -1 2 1 -2 0 0 0 0 -2 1 -1 -1 -1 0 1 0 0
checker 2 player 6 3 0 0 -1 0 1 1 1 -1 2 0 0 0 0 2 0 -1 -2 -2 -2 -3 -2 2 2 3 -1 1
checker 2 opponent 5 1 0 1 -3 -3 -2 2 3 2 2 2 1 0 -1 0 0 0 0 -2 -1 -1 -1 -1 0 1 0 1
checker 2 player 6 2 0 -1 0 0 1 1 1 -1 2 0 0 0 0 1 0 -1 -2 -2 -2 -3 -2 2 3 3 -1 1
checker 2 opponent 6 5 0 1 -4 -3 -2 2 3 2 2 2 1 0 0 0 0 0 0 -2 -1 -1 -1 -1 0 0 1 1
checker 2 player 3 1 0 -1 0 0 1 1 0 1 2 0 0 -1 0 0 0 -1 -2 -2 -2 -3 -2 2 3 4 -1 1
checker 2 opponent 5 3 0 1 -4 -3 -3 2 3 2 2 2 1 0 0 0 1 0 0 -2 -1 0 -1 -1 0 0 1 0
checker 2 player 6 4 0 0 0 0 1 1 0 1 2 -1 0 -1 0 0 0 -1 -2 -2 -2 -3 -2 3 3 4 -1 0
checker 2 opponent 5 3 0 1 -4 -3 -3 2 3 2 2 2 1 0 0 0 1 0 1 -1 0 0 -1 -1 -1 -1 0 0
checker 2 opponent 6 1 0 2 -4 -3 -3 2 2 2 2 2 1 1 0 0 0 0 1 0 0 0 0 -2 -1 -1 -1 0
checker 2 opponent 2 2 0 2 -4 -3 -3 3 2 2 2 2 1 0 0 0 0 1 0 0 0 0 0 -2 -1 -1 -1 0
checker 2 player 6 2 0 1 1 1 2 0 0 0 0 0 -1 0 0 0 0 -1 -1 0 -2 -4 -4 3 3 4 -2 0
checker 2 opponent 2 1 0 2 -3 -3 -3 4 4 2 0 1 -1 0 0 0 0 1 0 0 0 0 0 -2 -1 -1 -1 1
checker 2 opponent 5 5 2 2 -3 -3 -3 4 4 2 0 1 -1 0 0 0 0 1 0 0 0 0 0 -2 1 0 -1 0
checker 2 opponent 5 4 1 2 -4 -4 -3 5 4 2 0 1 0 0 1 0 0 0 0 0 0 0 0 -2 0 0 -1 0
checker 2 player 4 4 0 1 0 0 2 0 0 0 0 0 0 0 0 0 0 0 0 0 -3 -4 -6 3 4 4 -2 1
checker 2 opponent 2 1 0 2 -4 -4 -2 6 4 3 -1 0 0 0 -1 0 0 0 0 0 0 0 0 -2 0 0 -1 0
checker 2 player 5 4 0 1 0 0 2 0 0 0 0 0 0 0 0 1 0 0 0 1 -2 -3 -8 2 4 4 -2 0
checker 2 player 6 2 0 1 0 0 2 0 0 0 0 0 0 0 0 2 0 0 0 1 -2 -2 -7 2 3 4 -4 0
checker 2 opponent 6 1 0 4 -3 -3 -2 7 2 2 -1 0 -1 0 -2 0 0 0 0 0 0 0 0 -2 0 0 -1 0
checker 2 player 5 5 0 1 0 0 2 0 0 0 0 0 0 0 0 2 0 1 0 1 0 -3 -7 2 3 3 -5 0
checker 1 centered 5 4 1 1 -2 -2 2 -2 2 2 3 3 -1 0 0 0 1 0 1 -2 -2 -2 -1 0 0 0 0 0
cube 1 centered - - 0 -1 -2 -3 2 -2 2 2 3 3 1 1 0 0 0 0 0 -2 -2 -2 -1 0 0 0 0 1
checker 1 centered 4 3 0 -1 -2 -3 2 -2 2 2 3 3 1 1 0 0 0 0 0 -2 -2 -2 -1 0 0 0 0 1
checker 1 centered 6 5 0 0 0 0 -1 1 2 2 2 0 0 0 0 0 -1 -1 -3 -3 -2 -2 2 -1 3 2 -1 1
cube 1 centered - - 0 1 -2 -3 1 -2 2 2 3 3 1 -1 0 0 0 0 0 -2 -2 -2 -1 1 0 0 0 1
checker 1 centered 6 3 0 1 -2 -3 1 -2 2 2 3 3 1 -1 0 0 0 0 0 -2 -2 -2 -1 1 0 0 0 1
checker 1 centered 6 2 0 0 0 0 -1 1 2 2 2 -1 0 0 0 0 1 -1 -3 -3 -2 -2 2 -1 3 2 -1 0
checker 1 centered 6 2 0 1 -2 -2 1 -2 2 2 3 3 1 -2 0 0 0 0 1 -2 -2 -2 -1 1 0 0 0 0
checker 1 centered 5 1 0 0 0 0 -1 1 2 2 2 0 0 0 0 0 2 -2 -3 -2 -2 -3 2 -1 2 2 -1 0
checker 1 centered 6 6 0 1 -2 -2 1 -2 3 2 2 3 2 0 -1 0 0 0 -1 -2 -2 -2 -1 1 0 0 0 0
checker 1 centered 6 3 0 0 0 0 0 1 2 2 2 1 0 0 0 1 0 0 -4 -2 -2 -3 2 -3 2 2 -1 0
checker 1 centered 6 1 0 1 -2 -2 3 -2 3 2 2 4 0 0 0 0 0 0 -1 -2 -2 -2 -1 -1 0 0 0 0
checker 1 centered 1 1 0 0 0 0 1 1 2 2 2 1 0 0 0 0 0 0 -4 -2 0 -4 2 -3 2 2 -2 0
checker 1 centered 5 2 0 0 0 0 2 1 2 2 1 1 0 0 0 0 0 0 -4 0 0 -4 2 -5 2 2 -2 0
checker 1 centered 5 4 0 2 -2 -2 5 -2 4 0 0 4 0 0 0 0 0 0 -1 0 -1 -2 -2 -2 -1 0 0 0
checker 1 centered 4 1 0 0 0 1 2 2 2 1 0 1 0 0 0 0 0 0 -3 0 0 -4 2 -6 2 2 -2 0
checker 1 centered 1 1 0 0 0 2 2 2 2 0 1 0 0 0 0 0 0 0 -3 0 0 -4 2 -6 2 2 -2 0
checker 1 centered 3 2 0 2 -2 -2 6 -2 4 0 0 3 0 0 0 0 0 0 0 0 0 -2 -2 -3 -2 0 0 0
checker 1 centered 5 5 0 0 0 2 3 2 2 0 0 0 0 0 0 0 0 0 -2 0 0 -4 2 -7 2 2 -2 0
cube 1 centered - - 0 0 -4 -3 2 2 2 2 3 1 0 0 -2 2 0 0 0 -2 0 -3 -1 0 0 0 0 1
checker 1 centered 4 2 0 0 0 0 0 2 3 2 0 0 0 0 0 0 -2 0 1 -2 -3 -5 3 -1 -2 2 2 0
cube 1 centered - - 0 -2 -2 2 1 -3 5 3 2 0 0 2 0 -1 0 0 0 0 -2 -2 -2 -1 0 0 0 0
checker 1 centered 4 3 0 -2 -2 2 1 -3 5 3 2 0 0 2 0 -1 0 0 0 0 -2 -2 -2 -1 0 0 0 0
checker 1 centered 6 2 0 0 0 0 1 2 2 2 0 0 0 0 1 0 -1 0 0 -2 -3 -5 3 -2 -2 2 2 0
cube 1 centered - - 0 -2 -2 2 2 -2 5 3 2 0 0 -1 0 0 0 -1 0 0 -2 -2 -2 -1 0 0 0 1
checker 1 centered 4 2 0 -2 -2 2 2 -2 5 3 2 0 0 -1 0 0 0 -1 0 0 -2 -2 -2 -1 0 0 0 1
checker 1 centered 5 1 0 0 0 0 -1 2 2 2 0 0 1 0 0 0 1 0 0 -2 -3 -4 2 -3 -2 2 2 1
cube 1 centered - - 0 -2 -2 2 3 -3 4 3 2 0 0 0 -1 0 0 -1 0 0 -2 -2 -2 1 0 0 0 0
checker 1 centered 6 4 0 -2 -2 2 3 -3 4 3 2 0 0 0 -1 0 0 -1 0 0 -2 -2 -2 1 0 0 0 0
checker 1 centered 6 2 0 0 0 0 0 2 2 2 0 0 1 0 0 1 -1 0 0 -2 -3 -4 3 -3 -2 2 2 0
checker 1 centered 4 3 0 -2 -2 2 3 -2 4 3 2 0 0 -1 -1 0 0 0 0 -1 -2 -2 -2 0 0 0 0 1
checker 1 centered 3 2 0 0 0 0 -1 2 2 2 1 0 0 0 0 1 1 0 0 -2 -2 -4 2 -4 -2 2 2 0
checker 1 centered 2 2 0 -2 -2 2 4 -2 4 2 2 0 0 -1 0 0 0 0 0 -2 -2 -2 -2 1 0 0 0 0
checker 1 centered 6 5 0 0 0 0 -1 2 2 2 2 0 0 0 0 0 1 0 0 0 -2 -4 2 -6 -2 2 2 0
checker 1 centered 6 1 0 -1 -2 -2 -3 2 3 1 2 2 0 0 0 2 -2 0 1 -2 0 -2 2 -1 0 0 0 0
checker 1 centered 6 5 0 0 0 0 1 -2 2 0 2 -1 0 2 0 -1 0 0 -2 -2 -2 -3 -2 3 2 2 1 0
cube 1 centered - - 0 -1 -2 -2 -2 2 3 2 2 2 0 0 1 0 -2 -1 1 -2 0 -2 2 -1 0 0 0 0
checker 2 opponent 4 4 0 -1 -2 -2 -2 2 3 2 2 2 0 0 1 0 -2 -1 1 -2 0 -2 2 -1 0 0 0 0
checker 2 player 4 1 0 0 0 0 1 -1 2 0 2 -1 1 2 0 0 0 0 -2 -4 -2 -3 -2 2 2 2 1 0
checker 2 opponent 6 4 0 -1 -2 -2 -2 2 3 2 4 2 0 0 0 0 0 -2 1 -2 -1 -2 1 -1 0 0 0 0
checker 2 player 3 3 0 0 0 0 1 -1 2 1 2 0 2 0 0 0 0 0 -2 -4 -2 -4 -2 2 2 2 1 0
checker 2 opponent 6 3 0 0 -2 -2 -3 2 4 2 4 2 0 0 0 0 0 0 0 -2 -2 -2 1 -2 0 0 0 0
checker 2 player 6 6 0 0 0 0 2 0 2 2 2 0 0 -1 0 0 0 0 -2 -3 -2 -4 -3 3 2 2 0 0
checker 2 player 5 1 0 -1 0 0 0 0 3 1 2 0 -1 0 -3 2 0 -1 0 -2 0 -5 -2 0 2 2 3 0
checker 2 opponent 6 4 0 -2 -2 -2 0 2 5 -1 2 0 1 0 -2 3 0 1 0 -2 -1 -3 0 0 0 0 1 0
checker 2 player 4 1 0 0 0 0 0 -1 3 1 2 0 -1 0 -2 2 0 -1 0 -2 -1 -5 -2 0 2 2 2 1
checker 2 opponent 5 4 0 -2 -2 -1 -2 2 5 1 2 0 1 0 -2 2 0 1 0 -2 -1 -3 1 0 0 0 0 0
checker 2 player 4 2 0 0 0 0 0 -1 3 1 2 0 -1 0 -2 2 0 -1 0 -1 0 -5 -2 2 -2 2 2 1
checker 2 opponent 3 1 0 -2 -2 2 -3 2 5 0 1 0 1 0 -2 2 0 1 0 -2 0 -3 -1 0 0 0 0 1
checker 2 player 4 2 0 0 0 -1 0 1 3 0 2 0 -1 0 -2 2 0 -1 0 -1 0 -4 -3 3 -2 2 2 0
checker 2 player 6 4 0 0 0 -2 -1 1 3 0 2 0 -1 0 -2 2 0 1 0 0 0 -4 -3 2 -2 2 2 0
checker 2 opponent 6 2 0 -2 -2 2 -2 3 4 0 0 0 0 0 -2 2 0 1 0 -2 0 -3 -2 1 2 0 0 0
checker 2 player 6 5 0 0 0 -1 -1 2 3 0 2 -1 0 0 -3 2 0 0 0 0 0 -4 -3 2 -2 2 2 0
checker 1 centered 4 1 1 -1 -2 2 0 1 2 1 2 0 0 1 0 0 -1 0 0 -2 0 -4 -2 2 -2 2 2 0
cube 1 centered - - 0 -2 -2 2 -2 2 4 0 2 0 0 1 0 0 -1 0 0 -1 -1 -2 0 -2 -2 2 1 1
checker 1 centered 6 2 0 -2 -2 2 -2 2 4 0 2 0 0 1 0 0 -1 0 0 -1 -1 -2 0 -2 -2 2 1 1
checker 1 centered 3 2 0 -1 -2 2 2 0 2 1 -1 0 0 1 0 0 -1 0 0 -2 0 -4 -2 2 -2 2 2 1
cube 1 centered - - 0 -2 -3 2 -2 2 4 0 2 0 0 1 0 0 0 0 0 -1 -1 -2 0 -2 -2 2 1 1
checker 1 centered 6 1 0 -2 -3 2 -2 2 4 0 2 0 0 1 0 0 0 0 0 -1 -1 -2 0 -2 -2 2 1 1
cube 1 centered - - 0 -1 -4 2 -2 2 4 -1 2 0 0 1 0 0 0 0 0 1 -1 -2 0 -2 -2 1 2 0
checker 2 opponent 3 2 1 -4 2 2 2 -3 2 1 0 0 0 0 0 2 0 1 0 -2 -2 -3 1 0 0 1 1 0
checker 2 opponent 6 5 1 -4 2 2 2 -3 2 1 0 0 0 0 1 2 0 0 0 -2 -2 -3 1 0 1 1 0 0
checker 2 player 3 1 0 0 -1 0 0 -1 3 2 2 -1 0 0 -2 0 0 0 0 0 -2 -2 3 -2 -2 -2 4 1
checker 2 opponent 6 4 0 -5 2 2 2 -2 2 2 -1 0 0 0 0 2 0 0 1 -2 -2 -3 1 0 0 1 0 0
checker 2 player 5 4 0 0 -1 0 0 0 3 2 2 0 0 -1 -2 -1 0 0 0 1 -2 -2 2 -2 -2 -2 5 0
checker 2 opponent 3 2 1 -4 2 2 2 -3 2 2 1 0 0 0 1 2 0 0 0 -2 -2 -3 0 0 0 1 0 0
checker 2 opponent 2 2 1 -4 2 2 2 -3 3 2 0 0 0 0 1 2 0 0 0 -2 -2 -3 1 0 0 0 0 0
checker 2 opponent 4 2 1 -4 2 2 2 -3 3 2 0 2 0 0 1 0 0 0 0 -2 -2 -3 1 0 0 0 0 0
checker 2 opponent 5 2 1 -4 2 2 2 -3 3 3 0 1 0 0 1 0 0 0 1 -2 -2 -3 0 0 0 0 0 0
checker 2 player 1 1 0 0 0 0 0 0 3 2 2 0 0 -1 0 -1 0 0 0 0 -3 -3 3 -3 -2 -2 4 1
checker 2 opponent 6 3 0 -5 2 2 3 -3 3 3 0 0 0 0 1 0 1 0 0 -2 -1 -2 -2 0 0 0 0 0
checker 2 player 4 3 0 0 0 0 0 2 2 1 2 0 0 -1 0 0 0 0 0 0 -2 -4 3 -4 -2 -2 5 0
checker 2 opponent 6 4 0 -4 2 2 4 -3 4 2 -1 0 0 0 0 0 1 0 0 -2 -1 -2 -2 0 0 0 0 0
checker 2 opponent 4 3 1 -4 2 2 5 -3 4 2 0 0 0 0 0 0 0 0 0 -2 -1 -2 -2 0 0 0 0 0
checker 2 opponent 6 1 1 -4 2 3 6 -3 4 0 0 0 0 0 0 0 0 0 0 -2 -1 -2 -2 0 0 0 0 0
checker 2 opponent 6 4 1 -4 2 4 5 -3 3 0 0 0 0 0 0 0 0 0 0 -2 -1 -2 -2 0 0 0 0 0
checker 2 player 4 1 0 0 0 0 0 2 2 1 2 0 0 0 0 0 0 0 0 0 0 -2 3 -4 -4 -2 4 1
checker 2 opponent 2 1 0 -5 2 4 4 -2 2 0 0 -1 0 0 0 0 0 0 0 -2 -1 -2 -2 0 0 0 0 0
checker 2 player 5 4 0 0 0 0 0 2 2 1 2 0 0 0 0 0 0 0 1 0 0 -2 2 -4 -3 -2 5 0
checker 2 opponent 4 1 0 2 0 -4 -2 -1 3 2 2 2 2 0 0 0 0 0 0 0 0 -2 -2 -1 -2 -1 1 1
checker 2 player 4 4 0 -1 1 2 -1 2 2 0 0 0 0 0 0 0 0 -2 -2 -2 -2 -2 -1 2 4 0 -2 2
checker 2 opponent 5 4 0 2 0 -4 -4 1 2 2 2 2 2 0 0 0 0 0 0 0 0 -1 -1 1 -2 -2 -1 1
checker 2 player 6 2 0 1 2 2 -2 1 1 0 0 0 0 0 0 0 0 -1 -2 -2 -2 -2 -2 4 4 0 -2 0
checker 2 opponent 5 5 0 2 0 -4 -3 2 2 2 2 2 -1 0 0 0 0 0 0 0 0 -1 0 2 -3 -2 -1 1
checker 2 opponent 4 4 0 2 -1 -4 -2 2 2 2 2 2 -1 0 0 0 0 0 1 0 0 -1 0 1 -3 -2 -1 1
checker 2 player 6 5 0 1 2 3 0 0 1 0 -1 -1 0 0 -1 0 0 1 -2 -2 -2 -2 -2 2 4 1 -2 0
checker 2 opponent 4 2 0 2 -1 -4 -2 2 2 2 2 2 0 0 0 1 0 0 0 1 0 -1 0 -1 -3 -2 -1 1
checker 2 opponent 4 1 1 2 -1 -4 -2 2 2 2 2 2 0 0 0 1 0 1 0 0 0 -1 0 1 -3 -2 -1 0
checker 2 opponent 5 1 1 2 1 -4 -3 2 2 1 2 2 0 0 0 1 0 1 0 0 0 -1 0 1 -3 -2 -1 0
checker 2 player 4 1 0 1 2 3 -1 0 1 0 0 0 -1 0 0 0 0 0 -2 -2 -2 -2 -2 3 4 -1 -2 1
checker 2 opponent 6 5 0 2 1 -4 -4 2 2 2 2 2 0 0 0 0 0 1 0 0 0 0 -1 1 -3 -2 -1 0
checker 2 player 6 4 0 1 2 3 0 1 0 0 0 0 -1 0 0 0 0 -1 -2 -2 -2 -2 -2 4 4 -1 -2 0
checker 2 opponent 5 2 0 2 1 -4 -3 2 2 2 2 2 0 0 0 0 -1 1 0 0 0 0 -1 0 -3 -2 -1 1
checker 2 player 4 3 0 1 2 3 0 0 0 -1 0 0 -1 1 0 0 0 0 -2 -2 -2 -2 -2 3 4 -1 -2 1
checker 2 opponent 4 4 0 2 1 -4 -4 2 2 2 2 2 0 0 0 0 0 1 0 -1 1 0 0 0 -3 -2 -1 0
checker 2 player 3 1 0 1 2 3 0 0 0 -1 1 0 0 0 0 0 0 0 0 -2 -3 -2 -4 4 4 -1 -2 0
checker 2 opponent 3 1 0 2 1 -4 -4 4 2 3 2 0 0 0 0 0 0 0 0 0 0 0 0 -1 -3 -2 -1 1
checker 2 opponent 5 1 2 2 1 -4 -4 4 2 3 2 0 0 0 0 0 0 0 0 0 0 0 0 1 -3 -2 0 0
checker 2 opponent 4 3 2 2 2 -4 -4 4 3 1 2 0 0 0 0 0 0 0 0 0 0 0 0 1 -3 -2 0 0
checker 2 opponent 3 1 2 2 2 -4 -4 5 3 1 1 0 0 0 0 0 0 0 0 1 0 0 0 0 -3 -2 0 0
checker 2 player 6 3 0 1 2 2 0 0 0 0 0 0 0 0 0 0 0 0 0 0 0 0 -6 4 6 -2 -2 0
checker 2 player 4 2 0 1 2 2 0 0 0 0 0 0 0 0 0 0 0 0 1 0 1 0 -4 3 5 -2 -3 0
checker 2 player 2 2 0 1 2 2 0 0 0 0 0 0 0 0 0 0 0 0 1 0 2 1 -3 2 4 -2 -3 0
cube 1 centered - - 0 -4 -1 -2 -2 2 2 2 2 2 2 0 1 0 0 0 0 -1 1 -2 -1 -1 -1 0 0 1
checker 2 opponent 1 1 0 -3 -4 2 2 2 3 2 2 0 0 0 1 0 0 0 0 0 0 0 1 -2 -2 -1 -3 0
checker 2 opponent 6 3 0 -3 -4 2 2 2 3 2 3 0 0 0 0 0 0 0 0 0 0 0 1 -2 -2 -1 -3 0
checker 2 player 6 1 0 3 1 2 2 0 0 0 0 0 0 -1 0 0 0 0 0 -2 -2 -3 -3 -2 -2 4 3 0
checker 2 opponent 6 1 0 -3 -4 2 2 3 3 2 2 0 0 0 0 0 1 0 0 0 0 0 0 -1 -3 -1 -3 0
checker 2 player 2 1 0 3 1 3 1 0 0 0 0 0 0 0 0 0 0 0 0 -2 -3 -3 -3 -2 -2 4 3 0
checker 2 opponent 5 4 0 -2 -5 2 2 3 3 3 2 0 0 0 0 0 0 0 0 0 0 0 0 0 -3 -2 -3 0
checker 2 player 6 1 0 3 2 3 0 0 0 0 0 0 0 0 0 0 0 0 0 0 -3 -3 -3 -3 -3 5 2 0
cube 1 centered - - 0 -2 -4 -2 4 3 3 2 2 0 0 0 0 1 0 0 0 0 0 -2 -2 -1 0 -2 0 0
cube 1 centered - - 0 -2 3 6 -5 3 2 0 0 0 -2 0 0 0 1 0 0 0 0 0 0 -2 -2 -2 0 0
checker 2 opponent 6 1 0 0 -2 -3 -2 3 4 -2 2 -1 2 0 1 0 0 1 0 -2 -1 -2 1 0 0 0 0 1
checker 2 player 6 3 0 -1 0 0 0 -1 2 1 2 0 0 0 0 -1 0 -2 -1 -2 2 -4 -3 2 3 2 0 1
checker 2 opponent 5 3 0 0 -2 -3 -2 3 4 -2 2 -1 2 0 1 0 0 0 0 -2 -1 -2 1 0 0 0 1 1
checker 2 player 5 1 0 -1 0 0 0 -2 2 1 2 0 0 0 0 0 0 -2 -1 -2 2 -4 -3 2 3 2 0 1
checker 2 opponent 5 2 0 -1 -2 -3 -2 3 4 -2 2 1 2 0 0 0 0 0 0 -1 -1 -2 2 0 -1 0 1 0
checker 2 opponent 3 1 0 1 -3 -4 -2 3 3 -2 2 1 2 0 0 0 0 0 0 -1 -1 -2 2 0 1 0 0 0
checker 2 player 6 2 0 0 0 -1 0 -1 2 1 -1 0 0 0 0 0 0 -1 -2 -2 2 -3 -3 2 4 3 -1 1
checker 2 opponent 5 3 0 1 -4 -4 -1 3 3 -2 2 2 -1 0 0 0 0 0 0 1 -1 -2 1 0 1 0 0 1
checker 2 player 2 2 0 0 0 -2 0 -1 2 1 -1 0 0 0 0 0 0 1 -1 -2 2 -3 -3 -1 4 4 -1 1
checker 2 player 5 2 0 0 0 -2 -1 -1 2 0 -1 0 0 0 0 0 0 1 -1 -2 2 -3 -3 2 4 3 -1 1
checker 2 opponent 2 1 0 1 -3 -4 -2 3 3 -3 2 1 -1 0 0 0 0 0 0 1 0 -2 1 1 2 0 0 0
checker 2 player 6 5 0 0 0 -2 -1 0 2 -1 0 -1 0 0 0 0 0 1 -1 -2 3 -3 -3 2 4 3 -1 0
checker 2 opponent 4 3 0 1 -2 -3 -2 3 3 -4 2 -1 -1 0 0 0 0 0 1 0 1 -2 0 1 2 0 0 1
checker 2 player 6 5 0 0 0 -2 -2 0 2 -1 0 0 0 0 -1 0 0 1 1 -2 4 -3 -3 2 3 2 -1 0
checker 2 opponent 4 4 0 1 -2 -3 -2 3 3 -3 2 -1 -1 0 0 0 0 0 0 0 -1 -2 0 2 2 0 0 2
checker 2 player 6 1 0 0 0 -2 -3 0 2 1 0 0 0 0 -1 0 0 1 1 -2 3 -3 -3 2 3 2 -1 0
checker 2 opponent 5 4 0 1 -2 -2 -3 3 3 -2 2 -1 -1 0 0 -1 0 0 0 0 -1 -2 0 3 2 0 0 1
checker 2 player 6 2 0 0 0 -1 -3 -1 2 -1 0 0 0 0 1 0 0 1 1 -2 2 -3 -3 3 2 2 -1 1
checker 2 opponent 5 1 0 1 -3 -2 -2 3 3 -2 2 -1 -2 0 0 -1 0 0 0 0 1 -2 1 3 1 0 0 0
checker 2 opponent 5 3 1 1 -3 -2 -2 4 2 -2 2 -1 -2 0 0 1 0 0 0 0 0 -2 1 3 1 0 0 0
checker 2 player 4 1 0 0 0 -1 -1 -1 2 -1 0 -1 0 0 -1 0 0 2 1 -2 2 -2 -4 2 2 3 -1 1
checker 2 opponent 5 4 0 1 -3 -2 -3 4 2 -2 2 0 -3 0 0 1 0 0 1 0 1 -2 1 1 1 0 0 0
checker 2 player 2 1 0 0 0 -1 -1 0 2 -1 0 -1 -1 0 0 0 0 3 -1 -2 2 -2 -4 3 2 3 -1 0
checker 2 opponent 1 1 0 1 -2 -3 -3 4 2 -2 2 1 -2 0 -1 0 0 1 1 0 1 -2 0 1 1 0 0 0
checker 2 player 5 4 0 0 0 -1 -1 0 2 -1 0 -1 0 0 0 0 -1 2 -1 -2 2 -2 -4 3 3 2 -1 1
checker 2 opponent 4 1 0 1 -2 -3 -3 4 2 -2 2 -1 -2 1 0 0 0 0 1 0 1 -2 0 1 1 0 0 1
checker 2 player 6 4 0 -1 0 -1 0 0 2 -1 -1 -1 0 0 0 0 -1 2 1 -2 2 -2 -4 3 3 2 -1 0
checker 2 player 6 4 0 -2 0 -1 -1 0 2 -1 -1 1 0 0 0 0 1 1 1 -2 1 -2 -4 3 3 2 -1 0
checker 2 player 5 2 0 -3 0 -1 -1 0 2 -1 0 1 0 0 0 0 0 1 1 -2 1 -2 -4 3 3 2 -1 1
checker 2 opponent 6 1 0 1 -2 -3 -3 4 2 -2 2 -1 -1 0 0 0 0 0 -1 0 1 -2 0 1 1 0 3 0
checker 2 player 6 3 0 -2 -1 0 -1 0 2 -1 0 -1 0 0 0 0 0 1 1 -2 2 -2 -4 3 3 2 -1 1
checker 2 opponent 6 1 0 1 -2 -4 -3 4 2 -2 2 -1 0 0 0 0 0 0 -1 0 1 -2 0 1 0 1 2 1
checker 2 player 4 1 0 -3 0 0 -1 0 2 -1 -1 1 0 0 0 0 0 0 1 -2 2 -2 -4 3 4 2 -1 0
checker 2 opponent 3 3 0 1 -2 -3 -3 4 2 -3 2 -1 0 0 0 0 0 0 0 -1 1 -2 0 1 0 0 3 1
checker 2 player 5 1 0 -1 0 -1 -3 0 2 -1 1 0 0 0 0 0 0 0 1 -1 3 -2 -5 3 3 2 -1 0
checker 2 player 4 4 0 -1 0 -1 -4 -1 2 1 0 0 0 0 0 0 0 0 1 1 3 -2 -5 3 2 2 -1 0
checker 2 opponent 6 1 0 1 -2 -2 -2 5 2 -3 -1 -1 0 0 0 0 0 0 0 0 -1 -2 -1 4 1 0 1 1
checker 2 player 1 1 0 -1 0 -1 -4 1 2 -1 0 0 0 0 0 0 0 0 1 1 3 -2 -5 2 2 2 -1 1
checker 2 opponent 6 5 0 0 -2 -2 -3 5 2 -3 -1 -1 0 0 0 0 0 0 0 0 1 -2 -1 4 1 0 1 1
checker 2 player 5 2 0 -1 0 -1 -3 -1 2 -1 0 0 -1 0 0 0 0 0 1 1 3 -2 -5 3 2 2 0 1
checker 2 opponent 4 3 0 0 -2 -2 -3 5 2 -4 -1 -1 0 0 0 0 0 1 0 0 1 -2 1 3 1 0 1 0
checker 2 player 4 2 0 -1 0 -1 -3 0 2 0 0 -1 -2 0 0 0 0 0 1 1 4 -2 -5 3 2 2 0 0
checker 2 player 6 4 0 0 -1 -1 -2 0 2 0 0 -1 -2 0 0 -1 0 0 1 2 3 -2 -4 3 2 -1 1 1
checker 1 centered 3 2 0 0 0 0 1 1 2 2 1 1 0 0 0 1 0 0 -2 -3 -1 -7 2 2 -2 2 0 0
checker 1 centered 4 1 0 0 -2 2 -2 -2 7 1 3 2 0 0 -1 0 0 0 -1 -1 0 -2 -2 -2 0 0 0 0
checker 1 centered 5 5 0 0 0 0 2 2 2 0 1 1 0 0 0 1 0 0 -1 -4 0 -7 2 2 -3 2 0 0
checker 1 centered 6 6 0 -2 -2 0 0 -2 5 -1 4 0 0 0 -2 4 0 0 0 -2 1 -2 -2 0 0 0 1 0
checker 1 centered 6 3 0 0 0 0 0 2 2 -2 2 0 0 0 -1 2 0 0 0 -4 -3 -5 2 0 0 2 2 1
cube 1 centered - - 0 -2 -2 0 0 -2 5 3 4 -1 0 0 -2 1 0 0 0 -2 2 -2 -2 0 0 0 0 0
checker 1 centered 6 3 0 -2 -2 0 0 -2 5 3 4 -1 0 0 -2 1 0 0 0 -2 2 -2 -2 0 0 0 0 0
checker 1 centered 5 2 0 0 0 0 0 2 2 -2 2 0 0 0 0 2 0 0 1 -4 -4 -4 2 0 -1 2 2 0
checker 1 centered 5 1 0 0 0 0 -1 2 2 0 2 0 0 0 -3 2 0 0 0 -2 -2 -5 3 0 2 1 -2 1
checker 1 centered 6 5 0 2 0 -3 0 -4 5 2 2 0 0 0 -2 3 0 0 0 -2 0 -2 -2 1 0 0 0 0
checker 1 centered 6 3 0 0 0 0 0 2 2 0 2 -1 0 0 -2 2 0 0 0 -2 -3 -5 4 0 3 0 -2 0
checker 1 centered 4 4 1 -2 -2 2 -2 2 3 2 2 0 0 0 -2 2 0 1 0 -1 0 -2 -1 -2 0 0 1 0
checker 1 centered 4 3 0 -1 0 0 2 1 2 0 1 0 0 0 0 2 -1 0 -1 -2 -2 -3 -3 2 -2 2 2 1
cube 1 centered - - 0 -2 -2 2 -3 3 3 2 2 1 0 1 -2 0 0 0 0 0 0 -2 -2 -2 0 0 1 0
checker 1 centered 3 1 0 -2 -2 2 -3 3 3 2 2 1 0 1 -2 0 0 0 0 0 0 -2 -2 -2 0 0 1 0
checker 1 centered 3 1 0 0 -1 0 2 2 2 0 0 0 0 0 0 2 0 0 -1 -3 -2 -3 -3 3 -2 2 2 0
checker 1 centered 6 1 0 -2 -2 2 -3 3 3 2 3 1 0 0 -1 0 0 -1 0 0 0 -2 -2 -1 -1 1 0 0
checker 1 centered 4 4 0 0 0 1 1 2 2 0 -1 0 1 0 0 1 0 0 -1 -2 -3 -3 -3 3 -2 2 2 0
cube 1 centered - - 0 -2 -2 2 -3 3 3 3 2 1 0 0 0 0 0 0 0 1 0 -2 -3 -1 -1 -1 0 0
checker 2 opponent 6 4 0 -2 -2 2 -3 3 3 3 2 1 0 0 0 0 0 0 0 1 0 -2 -3 -1 -1 -1 0 0
checker 2 player 4 1 0 0 1 1 1 3 2 0 0 0 0 0 0 0 -1 0 0 -2 -3 -3 -4 3 -2 2 2 0
checker 2 player 6 2 0 0 2 1 2 2 1 0 0 0 0 0 0 0 0 0 0 -2 -2 -3 -5 3 -3 2 2 0
checker 2 player 5 1 0 0 2 1 2 2 1 0 0 0 0 0 0 1 0 0 0 -1 -2 -3 -5 2 -4 2 2 0
checker 2 opponent 3 2 0 -2 -2 4 -2 5 3 2 1 0 0 0 0 0 0 0 0 0 -1 -1 -2 -2 -1 -2 0 0
checker 2 player 5 3 0 0 2 1 2 2 1 1 0 0 0 0 0 0 0 0 0 0 -1 -3 -7 2 -4 2 2 0
checker 1 centered 5 4 0 -2 2 -2 4 -2 5 2 0 0 2 0 -1 0 0 -1 -1 0 0 -2 -1 -2 -1 0 0 0
checker 1 centered 4 2 0 0 0 1 2 1 2 0 0 1 1 0 0 1 0 -1 0 0 -1 -6 2 -4 2 -3 2 0
checker 1 centered 6 5 0 1 -2 1 -2 -2 2 2 2 -2 2 -1 3 2 0 0 0 -1 -1 -2 -1 -1 0 0 0 0
checker 1 centered 5 3 0 0 0 0 1 1 2 1 1 0 0 0 -1 -2 1 -2 2 -3 -2 -3 2 2 -1 2 -1 0
checker 1 centered 5 4 0 1 -2 1 -2 -2 3 2 3 -2 2 0 2 1 0 0 -1 0 -1 -2 -2 -1 0 0 0 0
checker 1 centered 5 3 0 0 0 0 1 2 2 1 0 1 0 0 -1 -1 0 -2 2 -3 -2 -3 2 2 -2 2 -1 0
checker 1 centered 4 3 0 1 -2 2 -2 -2 3 2 3 -1 2 0 -1 1 0 0 0 0 -1 -2 -2 -2 0 0 0 1
checker 1 centered 3 2 0 0 0 -1 2 2 2 1 0 0 0 0 0 1 0 -2 -1 -3 -2 -3 2 2 -2 2 -1 1
checker 1 centered 5 2 0 1 -2 2 -2 -3 3 2 3 1 2 0 -1 0 0 0 0 0 -1 -2 -2 -2 1 0 0 0
checker 1 centered 6 3 0 0 0 0 2 2 2 1 -1 0 0 0 0 1 0 -2 0 -3 -3 -3 3 2 -2 2 -1 0
checker 1 centered 5 1 0 1 -2 2 -2 -2 3 3 3 0 2 0 -1 0 -1 0 0 1 -1 -2 -2 -2 0 0 0 0
checker 1 centered 3 1 0 0 0 0 2 2 2 1 0 0 0 1 0 -1 0 -2 0 -3 -2 -4 2 2 -2 2 -1 1
checker 1 centered 4 1 0 0 -2 2 -3 -2 4 2 3 0 2 0 1 0 -1 0 0 0 -1 -2 -2 -2 0 0 0 1
checker 1 centered 6 4 0 -1 0 0 2 2 2 1 0 0 0 1 0 0 0 -2 0 -4 -2 -4 2 3 -2 2 0 0
checker 1 centered 4 1 0 0 0 2 1 2 2 0 0 0 0 0 0 0 0 0 -2 0 -2 0 -3 4 -4 4 -4 0
cube 1 centered - - 0 4 -4 4 -3 3 0 2 -1 2 0 0 0 0 0 0 0 0 0 -2 -1 -2 -2 0 0 0
checker 2 opponent 6 1 0 4 -4 4 -3 3 0 2 -1 2 0 0 0 0 0 0 0 0 0 -2 -1 -2 -2 0 0 0
checker 2 player 6 2 0 0 0 2 2 1 2 0 0 0 0 0 0 0 0 0 0 -1 -2 0 -3 3 -5 4 -4 1
checker 2 opponent 6 2 0 4 -4 5 -3 3 0 2 -1 0 0 0 0 0 0 0 0 0 0 -2 -1 -2 -2 0 0 1
checker 2 player 5 3 0 0 0 2 2 1 2 0 -1 0 0 0 0 0 0 0 0 1 -2 0 -3 3 -5 4 -4 0
checker 2 player 6 2 0 0 0 2 2 0 2 0 0 0 0 0 0 0 1 0 0 0 -1 1 -4 3 -5 3 -5 1
checker 2 opponent 4 4 0 5 -3 5 -2 4 -3 1 0 0 0 -1 0 0 0 0 0 0 0 -2 0 -2 -2 0 0 0
checker 2 player 5 1 0 0 0 2 2 0 2 0 0 0 0 0 0 0 1 0 0 0 0 3 -1 2 -6 3 -8 0
checker 2 player 4 3 0 0 0 2 2 0 2 0 -1 0 0 0 0 0 1 0 0 0 1 3 1 1 -6 2 -8 0
checker 2 opponent 3 3 1 -5 1 2 -2 2 2 2 2 0 0 0 -1 -1 0 0 0 0 0 -3 -2 2 0 0 2 0
checker 2 opponent 5 3 1 -5 2 2 -2 2 2 2 1 0 0 0 -1 -1 0 0 0 0 1 -3 -2 2 0 0 1 0
checker 2 opponent 6 4 2 -5 2 2 -2 2 2 2 1 0 0 0 -1 1 0 0 0 0 0 -3 -2 3 0 0 0 0
checker 2 opponent 3 2 1 -5 2 2 -3 2 2 2 1 1 0 0 -1 0 0 1 0 0 0 -3 -2 2 0 0 0 0
checker 2 opponent 4 4 2 -5 2 2 -3 2 2 2 1 1 1 0 0 0 0 0 0 0 0 -3 -2 2 0 0 0 0
checker 2 opponent 6 4 1 -6 2 2 -3 3 3 2 1 0 0 0 0 1 0 0 0 0 0 -3 -2 1 0 0 0 0
checker 2 opponent 5 5 0 -7 2 2 -2 3 3 2 1 0 -1 1 0 1 0 0 0 0 0 -3 -2 0 0 0 0 0
checker 2 player 6 2 0 0 0 0 0 2 3 0 0 0 0 0 0 0 0 1 0 0 -2 -4 -3 2 -4 -2 7 0
checker 2 opponent 4 2 0 -7 2 4 -2 3 4 2 0 0 0 0 0 0 0 0 -1 0 0 -2 -2 -1 0 0 0 0
checker 2 player 3 2 0 0 0 0 1 2 2 0 0 1 0 0 0 0 0 0 0 0 0 -4 -4 2 -5 -2 7 0
checker 2 opponent 5 3 0 -6 2 5 -3 4 4 0 0 0 0 0 0 0 0 0 -1 0 0 -1 -2 -2 0 0 0 0
checker 2 player 3 1 0 0 0 0 2 2 1 0 0 1 0 0 0 0 0 0 0 0 0 -4 -3 3 -4 -2 6 0
checker 2 opponent 4 1 0 -5 2 4 -4 3 4 0 0 0 0 0 0 0 0 0 0 -1 0 -1 -2 -2 0 0 0 0
checker 2 player 6 5 0 0 0 0 2 2 1 0 1 0 0 0 0 0 0 0 0 0 0 -2 -4 4 -4 -3 5 0
checker 2 opponent 4 1 0 -4 3 4 -3 4 2 -1 0 -1 0 0 0 0 0 0 0 -1 0 -1 -2 -2 0 0 0 0
checker 2 player 2 2 0 0 0 0 2 2 1 0 1 0 0 0 0 0 0 0 1 0 1 0 -5 3 -4 -4 4 0
checker 1 centered 5 2 0 0 0 -2 -2 -2 5 -2 3 0 0 1 3 2 0 0 0 -1 0 -3 0 -1 -2 0 1 0
checker 1 centered 3 2 0 -1 0 2 1 0 3 0 1 0 0 0 0 -3 -2 0 0 -4 2 -5 2 2 2 0 0 0
checker 1 centered 5 2 0 0 0 -2 -2 -2 5 -2 4 0 0 2 3 0 0 0 0 0 0 -2 -1 -2 -2 0 1 0
checker 1 centered 4 2 0 -1 0 2 2 1 2 0 0 0 0 0 0 -3 -2 0 0 -3 2 -5 2 2 2 0 -1 0
checker 1 centered 3 2 0 1 0 -2 -2 -2 5 -1 3 0 0 2 3 -1 0 0 0 0 0 -2 -1 -2 -2 0 1 0
checker 1 centered 6 4 0 -1 0 2 2 1 2 0 0 0 0 0 1 -2 -2 0 0 -3 -1 -5 2 2 2 0 -1 1
checker 1 centered 5 3 0 1 0 -2 -2 -2 5 1 3 0 -1 2 2 -1 0 0 0 0 0 -2 -1 -2 -2 0 1 0
checker 1 centered 6 3 0 -1 0 2 2 1 2 0 0 0 0 0 1 0 -2 1 -1 -3 -2 -5 2 2 2 0 -1 0
checker 1 centered 5 2 0 2 0 -2 -2 -2 5 5 0 0 0 0 -1 0 -1 0 -1 -3 3 -3 0 0 0 0 0 0
checker 1 centered 5 5 0 0 0 0 0 0 3 -2 3 -1 0 1 0 1 0 0 0 0 -4 -5 2 2 2 -1 -2 1
checker 1 centered 5 4 0 2 1 -2 -2 -2 5 4 0 0 0 0 -1 0 -1 0 1 -3 2 -3 -1 0 0 0 0 0
checker 1 centered 4 3 0 0 0 0 0 1 3 -1 3 -1 0 -1 0 1 0 0 0 0 -3 -5 2 2 2 -2 -2 1
checker 1 centered 6 5 0 2 2 -3 -2 -2 5 3 0 0 0 0 0 0 1 0 -1 -3 1 -3 -1 0 0 0 0 1
checker 1 centered 6 5 0 0 0 0 0 -1 3 0 3 1 0 -1 0 -1 0 0 0 0 -3 -5 2 2 3 -2 -2 1
cube 1 centered - - 0 2 2 -2 -2 -3 5 3 0 -1 0 0 1 0 1 0 -1 -3 0 -3 1 0 0 0 0 0
checker 1 centered 5 4 0 2 2 -2 -2 -3 5 3 0 -1 0 0 1 0 1 0 -1 -3 0 -3 1 0 0 0 0 0
checker 1 centered 3 3 0 0 0 0 0 0 3 0 3 -1 0 0 0 -1 0 0 -1 0 -3 -5 3 2 2 -2 -2 2
cube 1 centered - - 0 2 2 -4 -2 -3 5 3 0 1 0 0 1 0 0 0 1 -1 0 -3 -2 0 0 0 0 0
checker 1 centered 5 4 0 2 2 -4 -2 -3 5 3 0 1 0 0 1 0 0 0 1 -1 0 -3 -2 0 0 0 0 0
checker 1 centered 6 1 0 0 0 0 0 2 3 0 1 0 0 0 0 -1 0 0 -1 0 -4 -5 3 2 4 -2 -2 0
checker 1 centered 4 4 0 0 0 -1 0 2 3 0 1 0 0 0 0 1 0 0 0 0 -4 -6 2 2 4 -2 -2 0
checker 1 centered 2 1 0 -5 2 2 -3 2 2 2 1 1 0 1 -2 1 0 0 0 -2 0 -3 0 1 0 0 0 0
cube 1 centered - - 0 -4 2 2 -4 2 2 2 1 2 0 0 -1 1 0 0 0 -3 0 -3 1 0 0 0 0 0
checker 1 centered 4 1 0 -1 -2 2 -1 -3 3 2 0 0 0 0 0 5 0 0 0 1 -2 -2 -2 -2 2 0 0 0
checker 1 centered 5 2 0 0 0 -2 2 2 2 2 0 0 0 0 -5 -1 0 0 0 0 -2 -3 3 1 -2 2 1 0
checker 2 player 4 1 1 2 2 2 2 0 0 0 0 0 0 0 0 0 -1 0 -3 -2 -2 -2 -2 -2 4 2 1 0
checker 2 opponent 5 2 0 0 -3 -4 2 2 2 2 2 3 0 1 0 0 0 0 0 0 0 0 0 -2 -2 -2 -2 1
checker 2 opponent 3 2 0 0 -3 -4 2 2 2 3 2 2 0 1 0 0 0 0 0 0 0 0 1 -1 -2 -2 -3 0
checker 2 opponent 4 4 0 0 -3 -4 3 2 2 2 2 2 0 1 0 0 0 0 0 0 1 0 0 0 -1 -2 -5 0
checker 2 player 3 1 0 5 2 1 0 0 0 0 0 0 0 0 0 0 0 0 -2 -2 -3 -3 -2 -3 4 3 0 0
checker 2 opponent 5 4 0 0 -3 -4 3 2 3 3 2 2 0 0 0 0 0 0 0 0 0 0 0 0 0 -3 -5 0
checker 2 opponent 6 2 0 1 -3 -4 3 3 2 3 2 1 0 0 0 0 0 0 0 0 0 0 0 0 0 -3 -5 0
checker 2 player 5 1 0 5 3 0 0 0 0 0 0 0 0 0 0 0 0 0 -1 -1 -2 -3 -3 -3 4 3 -2 0
cube 1 centered - - 0 -2 0 2 -5 2 4 2 2 2 0 0 0 0 1 0 0 0 0 0 -1 -3 -2 -2 0 0
checker 1 centered 6 5 0 -2 0 2 -5 2 4 2 2 2 0 0 0 0 1 0 0 0 0 0 -1 -3 -2 -2 0 0
cube 1 centered - - 0 -2 0 3 -5 2 4 2 2 2 0 0 0 0 0 0 0 0 0 0 0 -2 -2 -3 -1 0
checker 1 centered 2 1 0 -2 0 3 -5 2 4 2 2 2 0 0 0 0 0 0 0 0 0 0 0 -2 -2 -3 -1 0
cube 1 centered - - 0 -2 0 4 -5 2 3 2 2 2 0 0 0 0 0 0 0 0 0 0 0 -2 -1 -3 -2 0
checker 1 centered 5 1 0 7 7 -2 -2 -2 0 0 0 0 0 -1 0 0 0 0 0 -1 0 -3 0 1 0 -2 -2 0
checker 1 centered 3 1 0 2 2 0 0 0 3 0 1 -1 0 0 0 0 1 0 0 0 0 0 2 2 2 -6 -8 0
cube 1 centered - - 0 8 6 -2 -2 -2 0 0 0 0 0 -1 0 0 0 0 1 0 0 -2 -2 0 0 -2 -2 0
checker 2 player 5 3 0 2 2 0 0 2 2 0 0 0 0 0 0 0 1 -1 0 0 0 0 2 2 2 -6 -8 0
checker 1 centered 4 3 0 -1 0 0 0 -1 3 1 2 -1 0 0 -3 2 0 0 0 -3 0 -3 -2 2 -1 3 1 1
cube 1 centered - - 0 -1 -3 -1 -2 2 3 0 3 0 0 0 -1 3 0 0 -1 -2 -1 -3 1 0 0 0 1 2
checker 1 centered 6 3 0 -1 -1 0 0 -2 3 1 2 1 0 0 -3 1 0 0 0 -3 0 -3 -2 2 1 3 1 0
checker 2 opponent 3 3 0 0 -3 -1 -3 2 3 2 2 0 -1 0 -2 2 0 0 1 -2 0 -3 2 0 0 1 0 0
checker 2 player 2 2 0 0 0 0 0 -3 3 0 2 -1 0 0 0 2 0 -2 0 -2 -2 -2 -2 3 -1 3 0 2
checker 2 opponent 4 1 0 0 -4 1 -4 2 2 2 2 0 2 0 -2 0 0 0 1 -2 0 -2 3 -1 0 0 0 0
checker 2 player 4 1 0 0 0 0 1 -2 2 0 2 -1 -1 0 0 2 0 -2 0 -2 -2 -2 -2 4 -1 4 0 0
checker 2 opponent 3 2 0 0 -3 -1 -4 2 2 2 2 0 2 0 -2 0 0 1 1 -2 0 -1 2 -1 0 -1 0 1
checker 2 player 5 2 0 0 1 -1 1 -2 1 0 2 0 -1 -1 0 2 0 -2 0 -2 -2 -2 -2 4 1 3 0 0
checker 2 opponent 6 6 0 0 -3 -1 -3 2 2 2 2 0 2 -1 -2 0 1 1 0 -2 0 -1 2 -1 1 -1 0 0
checker 2 player 4 3 0 0 1 0 1 -1 1 0 2 -1 0 -2 0 2 1 -2 0 -2 -2 -2 -2 3 -1 3 0 1
checker 2 opponent 5 1 0 0 -3 -1 -3 2 2 2 2 0 2 0 -2 0 2 -1 1 -2 0 -1 1 -1 0 -1 0 1
checker 2 player 3 1 0 -1 1 0 1 0 1 0 2 -1 -1 -2 0 2 0 -2 0 -2 -2 -2 -2 3 1 3 0 1
checker 2 opponent 5 2 0 0 -2 -3 -3 2 2 2 2 0 2 0 -2 0 2 1 1 -2 0 -1 0 -1 0 -1 1 0
checker 2 player 5 1 0 -1 1 0 1 0 1 0 2 0 -1 -2 0 2 0 -2 -1 -2 -2 -2 -2 3 3 2 0 0
checker 2 opponent 3 1 0 0 -2 -3 -2 2 2 2 2 -1 2 0 -2 0 2 1 0 -1 -1 -1 0 -1 0 -1 1 1
checker 2 opponent 5 4 1 0 -2 -3 -2 2 2 2 2 1 1 0 -2 0 2 1 0 -1 -1 -1 0 -1 1 -1 1 0
checker 2 player 4 3 0 0 1 -1 1 -1 1 1 1 0 -1 -1 0 2 0 -1 -2 -2 -2 -2 -2 2 3 2 0 1
checker 2 opponent 6 4 0 0 -2 -3 -3 2 2 2 2 2 1 0 -2 0 1 1 0 0 -1 -1 -1 -1 1 -1 0 1
checker 2 player 4 3 0 0 1 -1 1 1 -1 1 0 0 -1 0 0 2 0 -2 -2 -2 -2 -2 -2 3 3 2 0 1
checker 2 opponent 2 1 0 0 -2 -4 -3 2 2 2 2 2 2 0 -1 0 0 1 -1 0 -1 1 -1 -1 1 -1 0 0
checker 2 player 5 3 0 0 1 -1 1 1 0 1 -1 1 0 -1 0 1 0 -2 -2 -2 -2 -2 -2 3 4 2 0 0
checker 2 opponent 3 1 0 0 -2 -4 -3 2 2 2 2 2 2 0 0 0 1 0 0 -1 -1 -1 -1 -1 1 -1 0 1
checker 2 player 5 3 0 0 1 -2 1 1 1 1 1 0 0 0 -1 0 0 -2 -2 -2 -2 -2 -2 3 4 2 0 0
checker 2 opponent 4 2 0 0 -2 -4 -3 2 2 2 2 2 2 0 0 1 0 0 0 0 0 -1 -2 -1 2 -2 0 0
checker 2 player 6 3 0 0 2 -2 1 2 1 0 0 0 0 0 0 0 0 -2 -2 -2 -3 -2 -2 3 4 2 0 0
checker 2 opponent 6 4 0 0 -2 -4 -3 2 2 3 2 2 2 0 0 0 0 0 0 0 0 -1 -1 -1 2 -3 0 0
checker 2 player 6 1 0 0 3 -1 1 1 1 -1 0 0 0 0 0 0 0 -2 -2 -2 -2 -2 -2 3 4 2 -1 0
checker 2 opponent 6 2 0 1 -2 -4 -3 2 2 2 2 2 2 0 0 0 0 0 0 0 1 -1 -1 0 -1 -3 0 1
checker 2 opponent 4 3 0 -1 -2 -4 -3 2 2 2 2 2 2 0 0 0 0 0 0 1 1 0 -1 0 -1 -3 0 1
checker 2 player 2 2 0 0 3 1 -1 1 0 -1 -1 0 0 0 0 0 0 -1 -2 -2 -3 -2 -2 3 4 2 1 0
checker 2 opponent 6 2 0 0 -1 -5 -4 2 2 3 2 2 1 0 0 0 0 0 0 1 1 0 0 1 -1 -3 -1 0
checker 2 opponent 5 2 0 0 -1 -5 -4 2 2 3 2 2 2 0 0 0 0 0 0 1 0 0 0 1 -1 -3 -1 0
checker 2 opponent 5 2 0 -1 1 -5 -4 2 2 2 2 2 2 0 0 0 0 1 0 0 0 0 0 1 -1 -3 -1 0
checker 2 opponent 4 2 0 0 1 -5 -5 2 2 2 2 2 2 0 0 0 1 1 0 0 0 0 0 0 -1 -3 -1 0
checker 2 opponent 6 2 0 0 1 -5 -5 2 2 2 2 2 2 1 1 0 0 0 0 0 0 0 0 0 0 -3 -2 0
checker 2 opponent 4 3 0 2 3 -4 -5 2 3 0 0 3 2 0 0 0 -1 0 0 0 0 0 0 0 0 -3 -2 0
checker 2 player 5 1 0 2 3 0 0 0 0 0 0 0 0 1 0 0 0 -2 -1 0 0 -4 -3 5 4 -3 -2 0
checker 2 opponent 3 1 0 2 3 -4 -4 3 4 0 0 -1 2 0 0 0 0 -1 0 0 0 0 0 0 0 -3 -2 1
checker 2 opponent 6 4 1 2 3 -4 -4 3 4 0 0 1 1 0 0 0 0 -1 0 0 0 0 0 0 1 -3 -2 0
checker 2 player 4 3 0 2 3 0 0 0 0 0 0 -1 1 0 0 0 0 -1 0 0 0 -4 -4 4 4 -3 -2 1
checker 2 opponent 6 4 0 2 3 -4 -5 4 4 0 0 0 1 0 0 0 0 0 1 0 -1 0 0 0 0 -3 -2 0
checker 2 player 3 1 0 2 3 0 0 0 0 1 0 0 0 0 0 0 0 -1 0 0 0 -5 -4 5 4 -3 -2 0
checker 2 opponent 3 1 0 2 3 -4 -4 4 5 0 -1 0 1 0 0 0 0 0 0 0 -1 0 0 0 0 -3 -2 0
checker 2 player 3 2 0 2 3 0 0 0 0 1 0 0 0 0 0 0 0 0 0 1 0 -6 -4 4 4 -3 -2 0
checker 2 player 6 3 0 2 3 0 0 0 0 1 0 0 0 0 0 0 0 0 1 1 0 -5 -4 3 4 -2 -2 0
checker 2 player 5 2 0 0 1 0 2 2 0 0 0 -3 0 0 3 0 0 1 0 -2 -2 -3 -3 2 -2 2 2 0
checker 2 opponent 3 2 0 -2 -2 2 -2 3 3 2 2 0 0 0 -1 -2 0 0 3 0 -1 0 -2 -2 0 -1 0 0
checker 2 player 5 4 0 0 1 0 2 2 0 1 0 -2 0 0 2 1 -1 0 0 -2 -2 -3 -3 2 -2 2 2 0
checker 2 opponent 2 2 0 -2 -2 2 -2 3 3 2 2 0 0 1 -1 -1 0 0 2 0 -1 0 -2 -2 -1 -1 0 0
checker 2 player 5 3 0 0 1 1 2 2 0 1 0 0 0 -2 1 1 0 0 0 -2 -3 -3 -3 2 -2 2 2 0
checker 2 opponent 6 3 0 -2 -2 2 -2 3 3 3 2 0 0 0 0 0 2 0 -1 -1 -1 0 -2 -2 -1 -1 0 0
checker 2 player 3 2 0 0 1 1 2 2 0 1 1 1 0 0 0 0 -1 0 0 -3 -3 -3 -3 2 -2 2 2 0
checker 2 opponent 4 1 0 -2 -2 2 -2 3 3 3 3 0 0 1 0 0 0 0 0 0 -1 -2 -2 -2 -1 -1 0 0
checker 2 player 4 1 0 0 1 1 2 2 2 1 0 0 0 0 0 0 0 0 0 -3 -3 -4 -3 2 -2 2 2 0
checker 2 opponent 1 1 0 -2 -2 2 -2 3 4 3 3 0 0 0 0 0 0 0 0 0 0 -2 -2 -2 -1 -2 0 0
checker 2 player 4 2 0 0 2 1 2 2 2 0 0 0 0 0 0 0 0 0 0 -2 -2 -5 -4 2 -2 2 2 0
checker 2 player 6 2 0 1 2 2 2 0 2 0 0 0 0 0 0 0 0 0 0 -1 -1 -5 -4 2 -4 2 2 0
cube 1 centered - - 1 0 -2 2 2 -6 2 2 2 1 0 0 0 0 0 0 0 -2 1 -2 2 -2 1 0 0 0
checker 2 opponent 6 2 1 -3 2 2 2 -4 2 2 0 0 1 0 0 0 0 1 0 -2 -2 -3 2 0 1 0 0 0
checker 2 player 6 5 0 0 0 -1 0 -1 3 2 2 0 0 -1 -1 0 0 -1 0 0 -2 -2 4 -2 -2 -2 3 1
checker 2 opponent 6 4 0 -3 2 2 2 -4 2 2 0 0 1 -1 0 1 1 0 0 -2 -2 -3 1 0 1 0 0 0
checker 2 player 6 5 0 0 0 -1 0 0 3 2 2 0 0 -2 -1 0 1 0 0 0 -2 -3 4 -2 -2 -2 3 0
checker 2 player 5 3 0 0 0 0 0 0 3 2 3 -1 0 0 0 -1 0 0 0 0 -2 -4 2 -3 -2 -2 4 1
checker 2 opponent 4 2 0 -4 2 2 3 -3 4 2 0 0 0 0 1 0 0 0 1 -2 -2 -3 -1 0 0 0 0 0
checker 2 player 4 1 0 0 0 0 0 1 3 2 2 -1 0 0 0 0 0 0 0 0 -2 -5 3 -3 -2 -2 4 0
checker 2 opponent 3 2 0 -3 2 2 3 -4 5 2 0 0 0 0 0 0 0 0 1 -2 -2 -2 -2 0 0 0 0 0
checker 2 player 4 1 0 0 0 0 0 2 2 2 2 0 0 0 -1 0 0 0 0 0 -2 -4 4 -4 -2 -2 3 0
checker 2 player 4 1 0 0 0 0 0 2 2 2 2 0 0 0 0 0 0 0 0 0 0 -6 3 -4 -2 -3 3 1
checker 2 opponent 3 1 0 -3 3 2 4 -4 6 0 0 0 0 0 0 0 0 0 0 -2 -2 -2 -2 0 0 0 0 0
checker 2 player 6 4 0 0 0 0 0 2 2 2 2 0 0 0 0 0 0 0 0 0 0 -5 4 -3 -4 -3 3 0
cube 1 centered - - 0 -3 -5 2 5 2 2 2 2 0 0 0 0 0 0 0 0 0 0 0 0 0 -2 0 -5 0
cube 1 centered - - 0 -3 -4 3 5 2 2 2 0 -1 0 0 0 0 0 0 0 0 0 0 0 0 -2 0 -5 1
cube 1 centered - - 0 -3 -4 3 5 2 2 2 0 0 0 0 0 0 0 -1 0 0 0 0 0 0 -2 0 -5 1
cube 1 centered - - 0 -3 -4 3 5 2 2 2 0 0 0 0 0 0 0 0 0 1 0 0 0 0 -3 0 -5 0
cube 1 centered - - 0 -3 -4 3 5 2 2 2 1 0 0 0 0 0 0 0 0 0 0 0 0 0 -2 0 -6 0
cube 1 centered - - 0 -3 -4 3 5 3 2 2 0 0 0 0 0 0 0 0 0 0 0 0 0 0 0 0 -8 0
checker 1 centered 6 6 0 0 0 0 2 2 2 2 0 1 0 0 0 0 0 0 0 0 0 -4 -2 2 -4 2 2 0
checker 1 centered 3 1 1 0 0 0 -1 0 2 0 2 2 0 0 0 0 0 -2 1 -2 -2 -2 4 -2 -3 2 2 0
cube 1 centered - - 0 -2 -2 3 2 -4 2 2 2 0 2 0 0 -1 0 0 -2 -2 0 -2 0 1 0 0 0 1
checker 1 centered 5 1 0 -2 -2 3 2 -4 2 2 2 0 2 0 0 -1 0 0 -2 -2 0 -2 0 1 0 0 0 1
checker 1 centered 3 1 0 0 0 0 0 -2 2 0 2 2 0 0 1 0 0 -2 0 -2 -2 -2 4 -2 -3 2 2 0
cube 1 centered - - 0 -2 -2 3 2 -4 2 2 2 0 2 0 0 0 0 0 -2 -3 0 -2 2 0 0 0 0 0
checker 1 centered 6 1 0 -2 -2 3 2 -4 2 2 2 0 2 0 0 0 0 0 -2 -3 0 -2 2 0 0 0 0 0
checker 1 centered 4 1 0 0 0 0 0 -2 2 0 3 2 0 0 0 0 0 0 -1 -2 -2 -2 4 -3 -3 2 2 0
checker 1 centered 5 4 0 -2 -2 3 3 -3 2 2 2 -1 0 0 0 0 0 0 -2 -2 -1 -2 2 0 0 0 0 1
checker 1 centered 2 1 0 0 0 0 -1 -1 2 1 2 2 -1 0 0 0 0 0 1 -2 -2 -2 3 -3 -3 2 2 0
checker 1 centered 6 3 0 -2 -2 3 3 -3 2 2 2 -1 0 0 0 0 0 1 -2 0 -2 -3 1 1 0 0 0 0
checker 1 centered 5 4 0 0 0 0 0 -1 3 2 0 2 -1 0 0 -1 0 0 1 -2 -2 -2 3 -3 -3 2 2 0
cube 1 centered - - 0 -2 -2 3 3 -3 2 2 2 0 0 0 1 0 0 1 -2 0 -3 -3 1 0 0 0 0 0
checker 1 centered 6 1 0 -2 -2 3 3 -3 2 2 2 0 0 0 1 0 0 1 -2 0 -3 -3 1 0 0 0 0 0
checker 1 centered 2 1 0 0 0 0 0 -1 3 3 0 2 0 -1 0 0 0 0 0 -2 -2 -3 3 -3 -3 2 2 0
checker 1 centered 2 2 0 -2 -2 3 3 -3 3 2 2 0 0 0 0 0 1 0 -2 0 -2 -2 -2 0 0 0 0 1
checker 1 centered 4 2 0 0 0 0 -1 2 2 2 0 2 0 0 0 0 0 -1 0 -2 -2 -3 3 -3 -3 2 2 0
checker 1 centered 2 2 0 -2 -2 3 3 -2 3 2 2 0 1 -1 0 0 0 0 -2 0 -2 -2 -2 1 0 0 0 0
checker 1 centered 6 3 0 0 0 0 -1 2 2 2 0 2 0 0 0 0 1 0 0 0 -2 -6 2 -3 -3 2 2 0
checker 1 centered 2 1 1 -4 -3 2 3 3 2 3 2 0 0 0 -2 0 0 0 0 -2 0 -3 0 0 0 0 0 0
cube 1 centered - - 1 -4 -3 2 3 3 4 2 1 0 0 0 -2 0 0 0 0 -2 0 -3 0 0 0 0 0 0
checker 1 centered 3 1 0 0 0 0 2 2 2 0 0 -2 1 0 -3 2 0 -2 0 0 -2 -4 2 2 2 -2 0 0
checker 1 centered 5 1 0 0 2 -2 -2 -2 4 2 0 0 2 0 -2 3 0 0 2 0 0 -3 -2 -2 0 0 0 0
checker 1 centered 1 1 0 0 0 0 2 2 3 0 0 -2 0 0 -2 2 0 -2 0 0 -3 -4 2 2 2 -2 0 0
checker 1 centered 5 4 0 0 2 -2 -2 -2 4 3 0 0 2 0 -2 2 0 0 2 0 0 -2 -2 -1 -2 0 0 0
checker 1 centered 3 2 0 0 0 2 1 2 2 0 0 -1 0 0 -2 2 0 -2 0 0 -4 -4 2 2 2 -2 0 0
checker 1 centered 4 3 0 0 2 -2 -2 -2 4 4 0 0 2 0 0 2 -1 -1 1 0 0 -2 -2 -1 -2 0 0 0
checker 1 centered 2 2 0 0 0 2 1 2 2 0 0 0 1 1 -1 -1 0 -3 0 0 -4 -4 2 2 2 -2 0 0
checker 1 centered 4 3 0 0 2 -2 -2 -2 4 4 0 0 3 0 1 1 0 0 -1 0 0 -2 -2 -2 -2 0 0 0
checker 1 centered 6 2 0 0 0 2 2 2 2 0 0 1 0 0 0 0 0 -3 -2 0 -4 -4 2 2 2 -2 0 0
checker 1 centered 3 2 0 0 -3 2 -2 -3 4 3 2 0 1 1 -2 2 0 0 -1 0 0 -3 0 -1 0 0 0 0
checker 1 centered 3 3 0 0 0 0 1 0 3 0 0 1 0 0 -1 2 -2 0 0 -2 -4 -4 3 2 -2 3 0 0
checker 1 centered 5 4 0 0 -2 2 -2 -4 4 4 2 0 0 2 0 1 0 -1 -1 0 -1 -3 0 -1 0 0 0 0
checker 1 centered 6 4 0 0 0 0 1 0 3 1 0 1 1 0 0 0 -1 0 -1 -2 -4 -5 4 2 -2 2 0 0
checker 1 centered 6 2 1 0 0 0 2 0 3 1 0 1 0 0 0 0 -1 0 1 -2 -4 -5 3 2 -2 2 0 0
cube 1 centered - - 2 0 0 0 2 1 3 0 0 1 0 0 0 0 1 0 1 -2 -4 -5 2 2 -2 2 0 0
checker 1 centered 6 4 2 0 0 0 2 1 3 0 0 1 0 0 0 0 1 0 1 -2 -4 -5 2 2 -2 2 0 0
cube 1 centered - - 0 -4 -2 4 2 0 -2 -1 0 0 0 0 0 0 -1 0 0 0 0 0 -2 -1 0 -2 0 0
cube 1 centered - - 0 -3 -1 4 -1 0 -2 -2 0 0 0 0 0 0 -1 0 0 0 0 0 -2 -1 0 -2 0 0
checker 1 centered 6 4 0 0 0 0 3 2 2 0 0 0 0 0 0 0 0 0 1 0 0 -1 2 2 -8 3 -6 0
cube 1 centered - - 1 2 2 2 -4 -3 3 3 0 0 0 0 -2 0 0 1 0 -2 1 -3 0 0 0 1 0 0
checker 1 centered 5 1 1 2 2 2 -4 -3 3 3 0 0 0 0 -2 0 0 1 0 -2 1 -3 0 0 0 1 0 0
checker 1 centered 5 2 0 0 0 -1 0 0 3 0 2 0 -1 0 -1 2 0 0 0 0 -3 -3 3 4 -2 -2 -2 1
cube 1 centered - - 0 2 2 2 -4 -4 3 3 0 0 0 0 -2 1 0 1 0 -2 0 -2 0 -1 1 0 0 0
checker 2 opponent 5 4 0 2 2 2 -4 -4 3 3 0 0 0 0 -2 1 0 1 0 -2 0 -2 0 -1 1 0 0 0
checker 2 player 3 3 0 0 0 0 1 0 2 0 2 0 -1 0 -2 2 0 0 0 0 -3 -3 4 4 -2 -2 -2 0
checker 2 player 5 4 0 0 0 0 -1 0 2 0 2 0 2 0 -2 0 0 0 0 2 -3 -3 2 4 -2 -2 -2 1
checker 2 player 5 3 0 0 0 0 0 0 2 2 2 2 0 0 0 0 0 0 0 0 0 -1 3 3 -3 -8 -3 1
checker 1 centered 4 2 0 -3 1 -3 -1 -4 4 2 2 1 1 0 -2 2 0 0 0 1 0 -2 1 0 0 0 0 0
checker 1 centered 6 4 0 0 0 0 0 -1 2 0 -1 0 0 0 -1 2 0 -1 -2 -2 -2 -3 4 -1 3 -1 3 1
cube 1 centered - - 0 -3 1 -3 0 -4 3 2 2 2 -1 0 -2 1 0 0 0 1 0 -2 1 0 0 0 0 2
checker 1 centered 4 4 0 -1 -1 0 0 -1 2 0 -1 0 0 0 -1 2 0 1 -2 -2 -2 -3 4 0 3 -1 3 0
cube 1 centered - - 0 -3 1 -3 0 -4 3 2 2 2 0 0 0 1 -1 0 -1 1 0 -2 -1 0 0 1 1 1
checker 1 centered 3 1 0 -3 1 -3 0 -4 3 2 2 2 0 0 0 1 -1 0 -1 1 0 -2 -1 0 0 1 1 1
checker 1 centered 4 1 0 -2 -1 0 0 1 2 0 -1 1 0 1 0 0 0 -1 -2 -2 -2 -3 4 0 3 -1 3 0
cube 1 centered - - 0 -3 1 -3 0 -4 3 2 2 2 1 0 0 0 0 0 0 -1 -1 -2 -1 0 0 1 2 1
checker 1 centered 2 1 0 -3 1 -3 0 -4 3 2 2 2 1 0 0 0 0 0 0 -1 -1 -2 -1 0 0 1 2 1
checker 1 centered 6 3 0 -2 -1 -1 0 1 2 1 1 0 0 0 0 0 0 -1 -2 -2 -2 -3 4 0 3 -1 3 0
cube 1 centered - - 0 -3 1 -3 0 -3 3 2 2 2 1 -1 0 0 0 0 0 0 -1 -2 -2 0 1 1 2 0
checker 1 centered 4 1 0 -3 1 -3 0 -3 3 2 2 2 1 -1 0 0 0 0 0 0 -1 -2 -2 0 1 1 2 0
checker 1 centered 4 2 0 -2 -1 0 0 2 2 0 -1 0 0 0 0 0 1 -1 -2 -2 -2 -3 3 0 3 -1 3 1
cube 1 centered - - 0 -3 -1 -3 0 -3 3 2 2 2 1 0 0 0 0 -1 0 1 0 -2 -2 0 0 1 2 1
checker 1 centered 4 1 0 -3 -1 -3 0 -3 3 2 2 2 1 0 0 0 0 -1 0 1 0 -2 -2 0 0 1 2 1
checker 1 centered 6 2 0 -2 -1 0 -1 2 2 0 -1 0 1 0 0 0 0 0 -3 -2 -2 -3 3 0 3 1 3 0
cube 1 centered - - 0 -3 -1 -3 0 -2 3 2 2 3 0 -1 0 0 0 0 0 -1 0 -2 -2 1 0 1 2 1
checker 1 centered 5 4 0 -3 -1 -3 0 -2 3 2 2 3 0 -1 0 0 0 0 0 -1 0 -2 -2 1 0 1 2 1
checker 1 centered 5 4 0 -2 -1 0 -1 2 2 0 1 -1 0 0 0 0 1 0 -3 -2 -2 -3 2 0 3 1 3 0
cube 1 centered - - 0 -3 -1 -3 0 -2 3 2 2 3 0 0 0 0 0 0 -1 0 0 -2 -2 -1 0 1 2 2
checker 1 centered 6 5 0 -2 -2 -1 1 2 2 0 0 1 0 0 0 0 0 0 -3 -2 -2 -3 2 0 3 1 3 0
cube 1 centered - - 0 -3 -1 -3 0 -1 3 2 2 3 0 -1 0 0 0 0 0 0 0 -2 -2 -2 1 2 2 0
checker 2 opponent 5 1 0 -3 -1 -3 0 -1 3 2 2 3 0 -1 0 0 0 0 0 0 0 -2 -2 -2 1 2 2 0
checker 2 player 2 1 0 -1 -2 -1 2 2 2 -1 0 0 0 0 0 0 1 0 -3 -2 -2 -3 1 0 3 1 3 0
checker 2 opponent 6 5 0 -3 -1 -1 -1 -2 3 2 2 3 0 -1 0 0 0 0 0 0 1 -2 -2 -2 1 2 1 0
checker 2 player 3 3 0 0 -1 -1 2 2 2 -3 0 0 0 0 0 0 1 0 -3 -2 -2 -3 2 1 1 1 3 0
checker 2 player 2 1 0 -1 1 1 2 -1 1 -3 0 0 0 0 0 0 1 0 -3 -2 -2 -3 3 2 1 0 2 1
checker 2 opponent 2 1 0 -2 0 -2 -2 -3 3 2 2 3 0 -1 0 0 0 0 0 0 3 -1 1 -2 -1 -1 1 0
checker 2 player 6 2 0 -1 1 1 2 -1 1 -2 0 -1 0 0 0 0 1 0 -2 -3 -2 -3 3 2 2 0 2 0
checker 2 opponent 3 2 0 -2 0 -2 -2 -2 3 2 3 2 0 -1 0 -1 0 0 1 0 2 -1 1 -2 -1 -1 1 0
checker 2 player 1 1 0 -1 1 1 2 0 1 -1 -1 -2 0 0 1 0 1 0 -2 -3 -2 -3 2 2 2 0 2 0
checker 2 opponent 5 2 0 0 -2 -2 -2 -2 3 2 3 2 0 0 0 -2 0 0 2 1 1 -1 0 -2 -1 -1 1 0
checker 2 player 1 1 0 -1 1 1 2 0 1 -1 0 -2 0 0 2 0 0 -1 -2 -3 -2 -3 2 2 2 2 0 0
checker 2 opponent 6 4 0 0 -2 -2 -2 -2 3 2 3 2 1 0 0 -2 0 0 2 0 1 0 -1 -1 -1 -1 -1 1
checker 2 player 5 2 0 1 1 1 1 1 -1 0 0 -2 0 -1 2 0 0 -1 -2 -3 -2 -3 2 2 2 2 0 0
checker 2 opponent 4 1 0 0 -2 -1 -2 -2 3 2 3 2 -1 0 0 -2 1 0 2 0 0 1 -1 -1 -1 -1 -1 1
checker 2 player 6 3 0 1 1 1 -1 1 0 -1 0 -2 0 -1 2 0 0 1 -2 -3 -2 -3 2 2 1 2 0 1
checker 2 opponent 6 1 0 0 -2 -2 -1 -2 3 2 3 2 -2 0 0 -2 1 0 2 0 1 0 -1 1 -1 -1 -1 0
checker 2 player 4 3 0 1 1 1 0 1 0 -1 0 -2 0 -2 2 0 0 2 -2 -3 -2 -3 2 1 2 2 0 0
checker 2 opponent 4 2 0 0 -2 -2 -1 -2 3 2 3 2 -1 0 0 -2 2 0 2 -1 1 0 -1 0 -1 -1 -1 0
checker 2 player 5 5 0 1 1 1 0 1 0 -1 1 -2 0 -1 2 0 0 -1 -2 -3 -2 -2 2 -1 2 2 0 2
checker 2 opponent 4 3 0 0 -2 -2 1 -2 2 2 3 2 -2 0 0 -2 1 0 2 -1 1 0 -1 0 -1 -1 -1 1
checker 2 player 4 1 0 1 1 1 -1 1 0 -1 1 -2 0 -1 2 0 0 2 -2 -3 -1 -2 2 -2 2 2 0 0
checker 2 opponent 6 2 1 0 -2 -2 2 -2 2 1 3 2 -2 0 0 -1 0 0 2 -1 -1 0 1 2 -1 -1 -1 0
checker 2 player 4 2 0 1 1 1 -2 0 0 1 1 -2 0 0 1 -1 0 2 -2 -3 -1 -2 2 -2 2 2 0 1
checker 2 opponent 3 2 0 0 -3 -2 2 -2 2 1 3 2 -2 0 1 0 0 0 2 -2 -1 0 0 2 -1 -1 -1 0
checker 2 player 4 1 0 1 1 1 -2 0 0 1 2 -2 0 0 0 0 0 2 -2 -3 -2 -2 2 -2 2 3 0 0
checker 2 opponent 3 2 0 0 -3 -2 2 -2 2 2 3 2 -1 0 0 0 0 -1 2 -2 -1 0 0 2 -1 -1 -1 0
checker 2 player 1 1 0 1 1 1 -1 0 0 1 2 -3 1 0 0 0 0 1 -2 -3 -2 -2 2 -2 2 3 0 0
checker 2 opponent 3 3 0 0 -2 -3 2 -2 2 2 3 2 0 0 0 -1 0 -1 3 -2 -1 0 0 1 -1 -1 -1 0
checker 2 player 6 3 0 1 1 1 -1 0 0 1 2 -1 1 0 0 0 0 -2 -2 -3 -2 -2 2 -2 3 2 0 1
checker 2 opponent 5 1 0 0 -2 -4 2 -2 2 2 3 2 2 0 0 0 0 0 1 -2 -1 0 0 -1 -1 -1 -1 1
checker 2 player 4 1 0 1 1 1 1 0 -1 1 2 -1 0 0 0 0 0 -2 -2 -3 -2 -2 2 -2 4 2 0 0
checker 2 opponent 5 3 0 0 -2 -4 2 -2 2 2 3 2 2 0 0 0 0 0 1 -1 0 -1 0 -2 -1 -1 -1 1
checker 2 player 4 2 0 1 1 1 2 -1 1 0 1 0 0 0 -1 0 0 -2 -2 -3 -2 -2 2 -2 4 2 0 0
checker 2 opponent 6 4 0 0 -2 -3 2 -3 2 2 3 2 2 0 0 1 0 0 0 0 0 -1 1 -3 -1 -1 -1 0
checker 2 player 6 1 0 1 1 1 3 0 1 0 0 -1 0 0 0 0 0 -2 -2 -3 -3 -2 3 -2 3 2 0 0
checker 2 opponent 6 1 0 0 -2 -3 2 -2 2 3 3 2 2 0 -1 0 0 0 1 0 0 -1 0 -3 -1 -1 -1 0
checker 2 player 2 1 0 1 1 1 3 0 1 0 0 -1 0 0 0 1 0 -2 -2 -2 -3 -2 2 -2 3 2 -1 0
checker 2 opponent 3 2 0 1 -2 -2 2 -3 2 3 2 2 2 0 0 -1 0 0 1 0 0 -1 0 -3 -1 -1 -1 0
checker 2 opponent 5 3 0 1 -2 -2 2 -4 2 3 2 2 2 1 0 0 0 0 0 0 0 0 0 -3 -1 -2 -1 0
checker 2 player 4 1 0 1 2 1 3 0 0 0 0 0 0 0 0 0 0 -2 -2 -2 -2 -3 4 -3 2 2 -1 0
checker 2 opponent 5 4 0 1 -2 -2 3 -4 3 2 2 2 2 0 0 0 0 0 0 0 0 0 0 -2 -2 -2 -1 0
checker 2 opponent 3 1 0 2 -2 -2 3 -3 3 2 2 2 0 0 0 0 -1 0 0 0 0 0 0 -2 -2 -2 -1 1
checker 2 opponent 6 2 0 3 -2 -3 2 -3 3 2 2 2 0 0 0 0 0 0 0 0 -1 0 0 -2 -2 -2 1 0
checker 2 player 5 2 0 0 2 2 2 0 0 0 0 -1 0 0 0 0 0 0 -2 -2 -2 -3 3 -2 3 2 -3 1
checker 2 opponent 6 4 0 3 -3 -3 2 -2 3 2 2 2 -1 0 0 0 0 0 1 0 0 0 0 -2 -2 -2 0 0
checker 2 opponent 6 1 0 3 -4 -3 2 -1 4 2 2 2 0 -1 0 0 0 0 0 0 0 0 0 -2 -2 -2 0 0
checker 2 opponent 5 4 0 4 -4 -4 2 1 3 1 2 2 0 0 0 0 0 0 0 -1 0 0 0 -2 -2 -2 0 0
checker 2 player 6 3 0 0 2 2 2 0 0 0 1 0 0 0 0 0 0 0 0 -2 -1 -3 -2 -3 4 4 -4 0
checker 2 opponent 5 4 0 4 -4 -3 3 2 3 1 2 0 0 0 -1 0 0 0 0 -1 0 0 0 -2 -2 -2 0 0
checker 2 player 6 5 0 0 2 2 2 0 0 0 1 0 0 0 0 1 0 0 0 -1 -1 -2 -2 -4 3 4 -5 0
checker 1 centered 3 2 0 0 0 0 1 2 2 3 1 0 0 0 0 0 0 0 0 0 0 -5 -5 2 2 -5 2 0
checker 1 centered 4 1 0 0 0 0 2 2 3 2 0 0 0 0 0 0 0 0 0 0 0 -4 -4 2 2 -7 2 0
cube 1 centered - - 0 -2 7 -2 -2 4 4 0 0 0 0 0 0 0 0 0 0 0 -1 -2 -3 -2 -1 0 0 0
checker 1 centered 5 4 0 0 0 1 2 3 2 1 0 0 0 0 0 0 0 0 0 0 0 -4 -3 2 2 -7 2 0
checker 2 player 5 1 0 0 0 0 -1 1 2 1 2 0 0 0 -2 1 -1 -2 0 -2 1 -5 -2 3 2 2 0 0
checker 2 opponent 5 2 0 0 -2 -2 -3 2 5 0 2 0 2 1 -2 2 0 0 0 -1 -2 -2 -1 1 0 0 0 0
checker 2 player 5 3 0 0 0 0 0 1 2 2 1 -1 0 0 -2 2 0 -2 -1 -2 0 -5 -2 3 2 2 0 0
checker 2 opponent 3 3 0 0 -2 -2 -2 2 5 0 2 1 2 0 -3 2 0 0 1 -1 -2 -2 -1 0 0 0 0 0
checker 2 player 2 2 0 0 0 0 0 1 2 2 1 0 0 0 0 3 0 -5 -1 -2 0 -5 -2 2 2 2 0 0
checker 2 opponent 6 5 0 0 -2 -2 -2 2 5 0 2 1 5 0 -2 0 -1 0 0 0 -1 -2 -2 -1 0 0 0 0
checker 2 player 6 5 0 0 0 0 1 2 2 1 0 0 0 1 0 2 0 -4 -1 -2 0 -5 -3 2 2 2 0 0
checker 2 opponent 2 2 0 0 -2 -2 -2 3 5 0 2 1 4 0 0 0 -1 0 0 -1 -2 -2 -2 -1 0 0 0 0
checker 2 player 5 4 0 0 0 0 1 2 2 2 1 0 0 1 0 0 0 -2 0 -4 0 -5 -4 2 2 2 0 0
checker 2 opponent 6 4 0 0 -2 -2 -2 4 5 0 4 0 2 0 0 0 -1 0 0 0 -1 -2 -2 -1 -2 0 0 0
checker 2 player 5 1 0 0 0 2 1 2 2 1 0 0 0 1 0 0 0 -2 0 -4 0 -5 -3 2 2 2 -1 0
checker 2 opponent 5 3 0 1 -2 -2 -2 3 5 0 4 0 2 0 0 0 0 0 0 0 -1 -3 -1 -2 -2 0 0 0
checker 2 player 5 3 0 0 0 2 2 1 3 1 0 0 0 0 0 0 0 -2 0 -3 0 -4 -4 2 2 2 -2 0
checker 1 centered 3 2 0 0 0 0 0 2 2 0 2 1 2 0 0 0 0 0 0 -6 0 -5 2 -2 2 -2 2 0
checker 1 centered 5 5 0 0 0 0 0 2 2 2 2 0 1 0 0 0 0 0 0 -5 0 -5 2 -2 2 -3 2 0
cube 1 centered - - 0 -4 -4 2 2 2 2 3 3 0 0 0 0 0 0 0 0 1 0 0 -2 -2 0 -1 -2 0
cube 1 centered - - 0 -4 -4 2 2 2 2 4 3 0 0 0 0 0 0 0 0 0 0 0 0 -3 0 -2 -2 0
cube 1 centered - - 0 -4 -4 2 3 2 3 3 2 0 0 0 0 0 0 0 0 0 0 0 0 -2 0 -2 -3 0
cube 1 centered - - 0 -4 -4 2 4 3 2 2 2 0 0 0 0 0 0 0 0 0 0 0 0 -1 0 -2 -4 0
cube 1 centered - - 0 -3 -5 2 5 3 2 2 1 0 0 0 0 0 0 0 0 0 0 0 0 -1 0 -2 -4 0
cube 1 centered - - 0 -3 -5 3 5 3 3 1 0 0 0 0 0 0 0 0 0 0 0 0 0 0 0 -2 -5 0
cube 1 centered - - 0 -3 -5 3 6 3 2 0 0 0 0 0 0 0 0 0 0 0 0 0 0 0 0 -2 -5 0
cube 1 centered - - 0 -3 -3 3 5 3 -1 -1 0 0 0 0 0 0 0 0 0 0 0 0 0 0 0 -2 -5 1
checker 1 centered 5 3 0 -2 -2 3 -3 2 3 2 2 0 3 0 0 0 0 0 0 -2 -1 -2 -2 -1 0 0 0 0
checker 1 centered 3 1 0 0 0 0 1 2 2 1 2 0 0 0 0 0 0 -1 0 -2 -3 -3 -3 3 -3 2 2 0
checker 1 centered 5 3 0 0 0 0 2 2 2 1 1 0 0 0 0 0 0 -1 0 -2 -3 -3 -3 3 -3 2 2 0
checker 1 centered 5 1 0 -2 -2 3 -2 3 3 3 2 0 1 0 -1 0 0 0 0 -1 -1 -2 -2 -2 0 0 0 0
checker 1 centered 6 4 0 0 0 0 2 2 2 1 1 0 0 0 0 1 0 0 0 -2 -2 -4 -4 2 -3 2 2 0
cube 1 centered - - 0 -2 -2 3 -2 4 4 2 2 0 0 0 0 0 0 0 0 -1 -1 -2 -2 -2 -1 0 0 0
checker 1 centered 5 2 0 -2 -2 3 -2 4 4 2 2 0 0 0 0 0 0 0 0 -1 -1 -2 -2 -2 -1 0 0 0
checker 1 centered 4 2 0 0 0 1 2 2 2 1 1 0 0 0 0 0 0 0 0 0 -2 -5 -4 2 -4 2 2 0
cube 1 centered - - 0 -2 -2 4 -2 4 5 2 0 0 0 0 0 0 0 0 0 0 0 -3 -2 -2 -2 0 0 0
checker 1 centered 4 4 0 0 0 2 2 2 3 0 0 0 0 0 0 0 0 0 0 0 0 -5 -4 2 -6 2 2 0
checker 1 centered 6 5 0 0 0 0 2 0 3 -1 2 0 0 0 0 0 -2 -2 -2 -2 1 -4 2 2 2 -2 1 0
checker 1 centered 4 3 0 0 2 -2 -2 -2 4 -1 2 2 2 2 -1 0 0 0 0 -2 1 -3 0 -2 0 0 0 0
checker 1 centered 4 3 1 0 2 -2 -2 -2 4 2 2 2 1 1 -1 0 0 0 0 -2 1 -3 0 -2 0 0 0 0
checker 1 centered 3 3 0 0 0 0 2 0 3 -1 2 0 0 0 0 1 0 0 -2 -2 -4 -4 2 2 2 -2 0 1
checker 1 centered 6 5 0 0 2 -3 -2 -2 4 4 2 2 0 0 0 0 0 -1 0 0 1 -3 -2 -2 0 0 0 0
checker 1 centered 6 1 0 0 0 0 2 2 3 -1 0 0 1 0 0 0 0 0 -2 -2 -3 -3 2 2 3 -2 -2 0
checker 1 centered 6 4 0 2 2 -2 -2 -2 3 3 2 2 -1 0 0 0 0 -1 0 0 1 -3 -2 -2 0 0 0 0
cube 1 centered - - 0 0 0 0 2 2 3 0 0 0 1 0 0 0 0 1 -2 -3 -3 -3 2 2 2 -2 -2 0
checker 1 centered 4 4 0 0 0 0 2 2 3 0 0 0 1 0 0 0 0 1 -2 -3 -3 -3 2 2 2 -2 -2 0
checker 1 centered 6 4 0 2 2 -2 -2 -2 3 3 3 2 0 0 0 0 0 0 0 0 0 -4 -2 -2 -1 0 0 0
cube 1 centered - - 0 0 0 1 2 2 4 0 0 0 0 0 0 0 0 0 -2 -2 -3 -2 2 2 2 -4 -2 0
checker 1 centered 5 3 0 0 0 1 2 2 4 0 0 0 0 0 0 0 0 0 -2 -2 -3 -2 2 2 2 -4 -2 0
checker 1 centered 3 2 1 -1 -2 -1 2 -3 4 0 0 2 0 0 -2 2 0 0 1 0 1 -3 3 -2 0 0 0 0
cube 1 centered - - 0 -1 -3 1 2 -4 3 0 0 2 0 0 -2 2 1 0 0 0 1 -3 3 -2 0 0 0 0
checker 1 centered 4 2 0 -1 -3 1 2 -4 3 0 0 2 0 0 -2 2 1 0 0 0 1 -3 3 -2 0 0 0 0
checker 1 centered 2 1 0 0 0 0 2 -2 3 -1 0 0 0 -2 -2 2 0 0 -2 0 0 -3 4 -2 -1 3 1 0
cube 1 centered - - 0 -1 -2 -1 2 -3 3 -1 0 2 0 0 -2 2 2 0 0 0 1 -3 2 -2 0 0 0 1
checker 1 centered 6 1 0 -1 -2 -1 2 -3 3 -1 0 2 0 0 -2 2 2 0 0 0 1 -3 2 -2 0 0 0 1
checker 1 centered 4 1 0 0 0 0 2 -2 3 -2 0 0 0 -2 -2 2 0 0 -2 0 1 -3 3 -2 1 2 1 0
cube 1 centered - - 1 -2 -2 2 2 -3 2 1 0 1 0 0 -2 0 2 0 0 1 1 -3 2 -2 1 0 0 0
checker 1 centered 6 3 1 -2 -2 2 2 -3 2 1 0 1 0 0 -2 0 2 0 0 1 1 -3 2 -2 1 0 0 0
cube 1 centered - - 1 -2 -2 2 2 -3 2 1 0 2 0 0 -2 0 2 0 0 1 0 -3 2 -2 1 0 0 0
checker 1 centered 5 2 1 -2 -2 2 2 -3 2 1 0 2 0 0 -2 0 2 0 0 1 0 -3 2 -2 1 0 0 0
checker 1 centered 3 1 0 0 0 0 2 -2 3 0 -2 0 0 -2 0 2 0 0 -1 0 -2 -2 3 -2 -2 2 2 1
cube 1 centered - - 0 -3 -2 2 2 -2 2 2 -1 1 0 0 -2 0 2 0 0 2 0 -3 2 -2 0 0 0 0
checker 2 opponent 4 1 0 -3 -2 2 2 -2 2 2 -1 1 0 0 -2 0 2 0 0 2 0 -3 2 -2 0 0 0 0
checker 2 opponent 4 2 1 -3 -2 2 2 -2 2 2 1 0 0 0 -2 1 2 0 0 1 0 -3 2 -2 0 0 0 0
checker 2 opponent 5 2 1 -3 -2 2 2 -2 2 2 2 0 0 0 -2 1 1 0 0 1 0 -3 2 -2 0 0 0 0
checker 2 player 3 1 0 0 0 0 2 -2 3 0 -1 0 0 0 0 2 -1 0 -1 -2 -2 -2 2 -2 -2 2 3 1
checker 2 opponent 4 1 0 -4 -2 2 2 -2 2 2 2 1 0 1 -1 0 0 -1 0 1 0 -3 2 -2 0 0 0 0
checker 2 player 5 5 0 0 0 0 2 -2 3 0 0 0 1 0 -1 1 0 -1 -1 -2 -2 -2 2 -2 -2 2 4 0
checker 2 opponent 2 1 1 -4 2 2 2 -3 2 2 2 0 0 0 0 0 0 -2 1 1 0 -3 0 -2 0 0 1 0
checker 2 opponent 6 5 1 -4 2 2 2 -3 2 2 2 0 0 0 0 0 1 -2 0 1 0 -3 0 -2 0 1 0 0
checker 2 player 5 3 0 0 0 0 2 0 3 0 -1 0 2 -1 0 -1 0 0 0 -2 -2 -2 3 -2 -2 -2 4 1
checker 2 opponent 6 6 0 -4 2 2 2 -4 2 2 2 0 0 0 1 0 1 -2 0 1 0 -2 0 -2 -1 0 0 0
checker 2 player 6 1 0 0 0 1 2 0 2 0 0 0 2 0 0 0 -1 0 0 -2 -2 -3 4 -2 -2 -3 4 0
checker 2 opponent 5 2 0 -4 3 2 2 -3 3 2 2 0 0 0 -1 0 0 -2 0 0 0 -2 0 -2 -1 0 0 1
checker 2 player 5 4 0 0 0 1 2 0 2 -1 0 0 2 0 0 1 0 0 0 -2 -2 -3 3 -2 -2 -3 4 0
checker 2 opponent 6 2 0 -3 3 2 2 -4 3 2 2 0 0 0 0 0 0 -2 0 -1 1 -2 0 -2 -1 0 0 0
checker 2 player 5 1 0 0 0 1 2 0 2 0 1 0 2 0 0 -1 0 0 0 -2 -2 -2 4 -3 -2 -3 3 0
checker 2 opponent 6 3 0 -3 3 2 3 -4 2 2 2 0 0 0 1 0 0 -1 -1 0 0 -2 0 -2 -2 0 0 0
checker 2 player 3 1 0 0 0 2 2 0 2 0 0 1 1 0 0 0 0 0 0 -2 -2 -2 4 -3 -3 -3 3 0
checker 2 opponent 4 2 0 -3 3 3 3 -4 2 2 2 0 0 0 0 0 0 -1 0 0 0 -2 -1 -2 -2 0 0 0
checker 2 player 6 3 0 0 0 2 2 1 2 0 0 0 1 0 0 0 0 0 0 0 -2 -3 4 -4 -3 -3 3 0
checker 1 centered 6 1 0 2 1 -2 -2 -3 2 2 3 2 -1 0 0 0 -1 2 0 0 0 -2 -2 -2 0 0 0 1
checker 1 centered 5 2 0 0 0 0 2 2 2 -1 0 0 -2 1 0 0 0 1 -2 -3 -2 -2 3 2 2 -1 -2 0
checker 1 centered 6 5 0 2 1 -2 -2 -2 2 2 3 2 -2 0 0 0 0 2 -1 0 1 -2 -2 -2 0 0 0 0
checker 1 centered 5 5 0 0 0 0 2 2 2 0 0 1 -2 0 -1 0 0 2 -2 -2 -2 -2 2 2 2 -2 -2 0
checker 2 opponent 6 2 1 0 -2 -4 -2 2 3 2 2 -1 0 0 0 0 1 1 -2 -1 0 0 -1 1 1 2 -1 0
checker 2 opponent 6 1 1 0 -3 -4 -2 2 3 2 2 1 0 0 0 0 1 0 -2 -1 0 0 -1 2 1 1 -1 0
checker 2 player 3 2 0 1 0 -2 -1 1 0 0 1 2 -1 -1 0 0 0 0 -1 -2 -2 -3 -2 2 4 3 0 1
checker 2 opponent 4 3 0 0 -2 -5 -3 2 3 2 2 1 0 0 0 0 1 1 -2 -1 0 0 -1 1 2 0 -1 0
checker 2 player 5 3 0 1 0 -2 0 1 0 0 0 2 -1 -2 0 0 0 0 -1 -2 -2 -3 -2 3 5 2 0 1
checker 2 opponent 5 3 0 0 -2 -6 -2 2 3 2 2 -1 0 0 0 0 2 1 -2 0 0 0 -1 0 2 0 -1 1
checker 2 player 3 1 0 1 0 -3 0 1 0 0 0 2 -1 -1 0 0 0 0 -1 -2 -2 -3 -2 2 6 2 0 1
checker 2 opponent 4 1 0 0 -2 -6 -3 2 3 2 2 1 0 0 0 0 1 1 -2 0 0 0 -1 0 3 0 -1 0
checker 2 player 6 1 0 1 0 -3 0 1 0 0 0 2 -1 0 0 0 0 0 -2 -2 -2 -3 -2 3 6 2 0 0
checker 2 opponent 4 4 0 0 -2 -5 -3 2 3 2 2 2 -1 0 0 0 0 1 -2 0 0 0 -1 0 3 0 -1 0
checker 2 player 3 2 0 1 0 -1 0 1 0 -1 0 2 -1 0 0 0 0 -1 -2 -2 -2 -3 -2 3 5 2 0 1
checker 2 opponent 6 2 0 0 -3 -5 -3 2 3 2 2 2 1 0 0 0 0 1 -1 0 1 -1 -1 0 1 0 -1 0
checker 2 opponent 6 2 0 -1 -3 -5 -3 2 3 2 2 2 1 0 0 0 1 1 0 0 1 0 -1 0 0 0 -2 0
checker 2 player 6 4 0 2 0 0 0 1 0 -1 0 0 0 -1 0 0 0 -1 -2 -2 -3 -3 -2 3 5 3 1 0
checker 2 opponent 4 2 0 -1 -3 -5 -3 2 3 3 2 2 0 0 0 0 0 0 0 0 1 -1 1 0 0 0 -2 1
checker 2 player 3 1 0 2 -1 0 0 0 1 -1 0 -1 0 0 0 0 0 0 -2 -2 -3 -3 -2 3 5 3 1 0
checker 2 opponent 2 1 0 0 -4 -5 -3 2 3 3 2 2 0 0 0 0 0 0 1 0 1 0 0 0 -1 1 -2 0
checker 2 player 4 1 0 2 0 -1 0 0 0 -1 0 0 0 -1 0 0 0 0 -2 -2 -3 -3 -2 3 5 4 0 1
checker 2 opponent 5 3 0 0 -4 -4 -5 2 3 3 2 2 0 0 0 0 1 0 0 0 1 0 0 0 1 0 -2 0
checker 2 opponent 5 3 0 0 -4 -4 -5 2 3 3 2 2 1 0 0 0 1 0 0 0 0 0 0 0 1 0 -2 0
checker 2 opponent 3 1 0 1 -4 -4 -5 2 2 3 2 2 1 1 0 0 0 0 0 0 0 0 0 0 1 0 -2 0
checker 2 opponent 2 2 0 1 -4 -4 -5 2 2 3 2 2 2 0 0 0 0 0 0 0 0 1 0 0 0 0 -2 0
checker 2 opponent 6 2 0 1 -3 -4 -6 2 2 3 2 2 2 1 0 0 0 0 0 0 0 0 0 0 0 0 -2 0
checker 2 player 4 1 0 2 0 0 0 0 0 0 0 0 0 0 0 0 0 -2 -3 -2 -2 -2 -2 6 4 3 -2 0
checker 2 player 5 3 0 2 0 0 0 0 0 0 0 0 0 0 0 0 0 -2 -3 -2 0 -2 -2 7 3 3 -4 0
checker 2 opponent 6 4 0 4 -3 -3 -6 2 2 0 2 3 2 0 -1 0 0 0 0 0 0 0 0 0 0 0 -2 0
checker 2 player 1 1 0 2 0 0 0 0 0 0 0 0 0 0 0 1 0 -2 -2 -2 0 -2 -3 6 3 3 -4 0
checker 2 opponent 2 1 0 4 -3 -3 -6 3 2 0 2 2 2 0 0 0 0 0 -1 0 0 0 0 0 0 0 -2 0
checker 2 player 2 1 0 2 0 0 0 0 0 0 0 1 0 0 0 0 0 -2 -2 0 -1 -3 -3 6 3 3 -4 0
checker 2 opponent 6 4 0 4 -3 -3 -6 3 3 1 0 2 2 0 0 0 0 0 0 0 0 -1 0 0 0 0 -2 0
checker 2 player 4 3 0 2 0 0 0 0 1 0 0 0 0 0 0 0 0 -2 -1 0 0 -3 -4 6 3 3 -5 0
checker 2 opponent 5 2 0 5 -3 -2 -5 4 3 -2 0 1 2 0 0 0 0 0 0 0 0 -1 0 0 0 0 -2 0
checker 2 player 3 2 0 2 0 0 0 0 1 0 0 0 0 0 0 0 0 0 -1 -1 2 -3 -5 5 2 3 -5 0
checker 2 opponent 5 1 0 5 -3 -2 -4 5 3 -2 1 -1 0 0 0 0 0 0 0 0 0 -1 0 0 0 0 -2 1
checker 2 player 3 2 0 2 0 0 0 0 -1 0 0 0 0 0 0 0 0 0 1 -1 2 -3 -5 4 2 3 -5 1
checker 2 opponent 1 1 0 5 -4 -2 -3 5 3 -3 1 -1 0 0 0 0 0 0 0 0 0 1 0 0 0 0 -2 0
checker 2 player 5 3 0 2 0 0 0 0 0 0 0 0 -1 0 0 0 0 0 1 -1 3 -3 -5 3 2 4 -5 0
checker 2 opponent 6 4 0 5 -4 -2 -3 5 3 -2 1 0 0 0 -2 0 0 1 0 0 0 0 0 0 0 0 -2 0
checker 2 player 2 1 0 2 0 0 0 0 0 0 0 0 0 0 0 2 0 0 0 -1 2 -3 -6 3 2 4 -5 0
checker 2 opponent 5 4 0 5 -3 -2 -4 6 3 -1 -1 0 0 0 -2 0 0 0 0 0 0 0 0 0 0 0 -2 1
checker 2 player 3 2 0 2 0 0 0 0 0 0 0 -1 0 0 0 2 0 0 0 1 1 -3 -6 4 2 3 -5 0
checker 2 opponent 5 2 0 5 -2 -2 -4 6 3 -2 -1 0 0 0 -2 0 0 0 1 0 0 0 0 0 0 0 -2 0
checker 2 player 3 1 0 2 0 0 0 0 0 0 0 0 0 0 0 2 0 0 -1 1 2 -3 -6 4 2 2 -5 0
checker 2 opponent 4 1 0 5 -2 -2 -3 6 3 -3 0 -1 0 0 -2 0 0 0 0 0 0 0 0 0 0 0 -2 1
checker 2 player 6 2 0 2 0 0 0 -1 0 0 0 0 0 0 0 2 0 0 1 0 3 -3 -6 3 2 2 -5 0
checker 2 player 4 4 0 2 0 0 0 0 0 0 0 0 0 0 0 2 -1 1 2 0 2 -3 -6 2 2 2 -5 0
checker 1 centered 3 1 1 2 -2 -3 -2 4 3 -4 0 2 -1 0 0 0 0 0 0 1 0 2 0 -2 0 0 1 0
checker 1 centered 5 2 0 -1 0 0 2 0 -2 0 -1 0 0 0 0 0 0 1 -1 0 4 -3 -5 2 3 2 -2 1
checker 1 centered 4 1 0 2 -2 -3 -2 5 3 -5 0 1 -1 0 0 0 0 0 0 1 0 2 0 -2 0 0 1 0
checker 1 centered 4 2 0 -1 0 0 2 0 -2 0 0 0 0 0 -1 0 0 1 -1 0 5 -2 -6 2 3 2 -2 0
checker 1 centered 5 5 0 2 -2 -3 -2 6 2 -4 0 0 -1 0 0 -1 0 0 0 0 0 2 0 -2 0 0 1 2
checker 1 centered 4 1 0 -1 0 0 2 -1 -2 0 0 0 0 0 1 0 0 -1 0 0 4 -2 -6 2 3 2 -2 1
checker 1 centered 2 1 0 2 -2 -2 -4 6 2 -4 0 0 1 0 0 -1 0 0 0 0 0 2 1 -2 0 0 1 0
checker 1 centered 5 4 0 -1 0 0 2 0 -2 -1 0 0 0 0 1 0 0 0 -1 0 4 -2 -6 4 2 2 -2 0
checker 1 centered 2 1 0 2 -2 -2 -2 6 2 -4 -1 -1 0 0 0 -1 0 0 0 0 1 2 0 -2 0 0 1 1
checker 1 centered 5 3 0 -2 0 0 2 0 -1 -1 -1 0 0 0 1 0 0 0 1 1 4 -2 -6 2 2 2 -2 0
checker 1 centered 5 2 0 2 -2 -2 -2 6 2 -3 0 -1 -1 0 0 -2 0 0 0 1 1 1 0 -2 0 0 2 0
checker 1 centered 6 6 0 -2 0 0 2 0 -1 0 -1 0 0 0 2 0 -1 1 1 0 3 -2 -6 2 2 2 -2 0
cube 1 centered - - 1 0 -1 -1 2 0 2 0 -1 2 0 0 -1 0 2 0 0 -1 0 -2 -5 3 3 1 -2 0
checker 2 opponent 6 1 1 0 -1 -1 2 0 2 0 -1 2 0 0 -1 0 2 0 0 -1 0 -2 -5 3 3 1 -2 0
cube 1 centered - - 1 6 -2 -2 -2 3 3 0 0 2 -2 0 -1 0 0 1 0 0 0 0 0 0 -2 -2 -1 0
checker 2 opponent 5 4 1 6 -2 -2 -2 3 3 0 0 2 -2 0 -1 0 0 1 0 0 0 0 0 0 -2 -2 -1 0
checker 2 player 4 1 0 1 2 2 0 0 0 0 0 0 0 0 0 1 0 2 -2 0 0 -4 -3 2 2 2 -6 1
checker 2 opponent 5 1 0 6 -2 -2 -3 3 4 0 0 2 -2 0 0 -1 0 0 0 0 0 0 0 0 -2 -2 -1 0
checker 2 player 1 1 0 1 2 2 0 0 0 0 0 0 0 0 1 0 0 2 -2 0 0 -2 -4 3 2 2 -7 0
checker 2 opponent 1 1 0 7 -2 -2 -3 4 2 0 0 2 0 -1 0 -2 0 0 0 0 0 0 0 0 -2 -2 -1 0
checker 2 player 6 5 0 1 2 2 0 0 0 0 0 0 0 0 2 0 1 0 0 -1 0 -3 -4 3 2 2 -7 0
cube 1 centered - - 1 2 -5 2 2 -3 2 3 2 1 0 0 0 0 0 1 0 -2 -2 -2 0 0 0 0 0 0
checker 1 centered 6 1 0 -1 0 0 0 -1 3 -1 2 0 0 0 -4 2 0 0 0 -3 0 -3 3 -2 2 2 1 0
cube 1 centered - - 0 0 -2 -2 2 -3 3 -1 3 0 0 0 -2 4 0 0 0 -2 1 -2 -1 0 0 0 1 1
checker 1 centered 5 1 0 0 -2 -2 2 -3 3 -1 3 0 0 0 -2 4 0 0 0 -2 1 -2 -1 0 0 0 1 1
checker 1 centered 5 2 0 -2 0 0 0 1 2 -1 2 0 0 0 -3 2 0 0 0 -4 1 -3 3 -2 2 2 0 0
checker 1 centered 5 1 0 0 -2 -2 2 -3 3 0 4 0 0 0 -2 3 -1 0 0 -2 1 -2 -1 0 0 0 2 0
checker 1 centered 4 3 0 -1 0 0 0 1 2 -2 2 0 0 1 -3 2 0 0 0 -4 0 -3 3 -2 2 2 0 0
checker 1 centered 5 2 0 0 -2 -2 2 -2 3 0 4 0 0 0 -3 3 -1 0 0 -2 2 -2 -1 0 0 0 1 0
checker 1 centered 3 1 0 -1 0 0 0 1 2 -2 2 0 0 1 -2 3 0 0 0 -4 0 -4 2 -2 2 2 0 0
checker 1 centered 5 5 0 0 -2 -2 2 -2 4 0 4 0 0 0 -2 2 -1 0 -1 -2 2 -2 -1 0 0 0 1 0
checker 1 centered 5 1 0 -1 0 0 0 1 2 0 2 1 0 1 -3 2 0 0 0 -5 0 -3 2 -2 2 2 -1 0
checker 1 centered 3 1 0 1 -2 -2 2 -2 3 0 5 0 0 0 -2 3 0 0 -1 -2 0 -2 -2 0 0 0 1 0
checker 1 centered 5 2 0 0 0 0 -1 2 2 0 2 1 0 0 -3 2 0 0 0 -4 -1 -3 2 -2 2 2 -1 0
checker 1 centered 5 4 1 -1 -4 2 -2 2 2 2 2 1 0 0 2 0 0 0 0 -2 -2 -3 2 0 0 0 0 0
checker 1 centered 3 1 0 0 0 0 0 -1 3 2 2 0 -1 0 0 -1 0 0 -1 -3 -2 -2 -2 2 -2 4 1 1
cube 1 centered - - 0 -2 -4 2 -2 2 2 2 3 1 0 0 1 0 0 1 0 -2 -1 -3 1 -1 0 0 0 0
checker 2 opponent 5 2 0 -2 -4 2 -2 2 2 2 3 1 0 0 1 0 0 1 0 -2 -1 -3 1 -1 0 0 0 0
checker 2 player 6 4 0 0 0 0 1 -1 3 1 2 0 0 0 0 0 0 -2 -1 -3 -2 -2 -2 2 -2 4 2 0
checker 2 opponent 6 1 0 -2 -4 2 -2 2 2 2 3 1 2 0 0 0 0 0 0 -1 0 -3 1 -1 -1 -1 0 0
checker 2 player 6 2 0 0 1 1 1 0 3 0 1 0 0 0 -1 0 0 -2 -1 -3 -2 -2 -2 2 -2 4 2 0
checker 2 opponent 3 2 0 -2 -3 2 -3 2 2 2 3 1 2 0 0 1 0 0 0 0 0 -3 0 -1 -1 -2 0 0
checker 2 player 2 2 0 0 2 1 1 0 3 0 0 0 0 0 0 0 -1 -2 -1 -2 -2 -2 -3 3 -2 3 2 0
checker 2 opponent 6 4 0 -2 -2 2 -4 3 2 2 2 1 2 1 0 0 0 0 0 0 0 0 0 -4 -1 -2 0 0
checker 2 player 4 1 0 0 2 1 4 0 0 0 0 0 0 0 0 0 0 -1 -1 -2 -2 -3 -4 4 -2 2 2 0
checker 2 opponent 4 2 0 -2 -2 2 -4 4 3 2 2 1 1 0 0 0 0 0 0 0 0 0 0 -3 -2 -2 0 0
checker 2 player 3 2 0 0 2 2 3 0 0 0 0 0 0 0 0 0 0 -1 0 -2 -2 -3 -4 4 -3 2 2 0
checker 2 player 3 1 0 2 2 1 2 0 0 0 0 0 0 0 0 0 0 -1 0 -2 -2 -3 -4 4 -3 2 2 0
checker 2 player 5 2 0 3 2 2 0 0 0 0 0 0 0 0 0 0 0 0 0 -2 -2 -3 -4 4 -4 2 2 0
checker 2 opponent 4 2 0 -2 -2 4 -3 4 3 2 2 0 0 -1 0 0 0 0 0 0 0 0 0 0 -2 -2 -3 0
checker 2 player 6 1 0 3 2 2 0 0 0 0 0 0 0 0 0 0 1 0 0 -2 0 -3 -5 3 -5 2 2 0
checker 2 player 6 1 0 3 2 2 0 0 0 0 0 0 0 0 0 1 0 1 0 -1 0 -3 -5 2 -6 2 2 0
checker 2 player 4 2 0 3 2 2 0 0 1 0 0 0 0 0 0 0 0 1 0 0 0 -3 -5 2 -7 2 2 0
checker 2 player 5 3 0 3 2 2 0 0 1 0 0 1 0 0 0 0 0 0 0 0 0 -2 -6 2 -7 2 2 0
checker 1 centered 6 2 0 2 -3 -4 2 3 2 2 2 1 1 0 0 0 0 0 0 0 0 0 0 -2 -1 -2 -3 0
checker 2 opponent 6 6 1 -3 2 2 2 -4 2 1 0 0 0 0 0 1 0 1 0 -2 -2 -3 2 0 0 1 1 0
checker 2 opponent 6 5 1 -3 2 2 2 -4 2 2 0 1 0 0 0 0 2 0 0 -2 -2 -3 0 0 0 1 1 0
checker 2 opponent 5 4 1 -3 2 2 2 -4 2 2 1 2 0 0 0 0 0 0 0 -2 -2 -3 0 0 0 1 1 0
checker 2 player 3 1 0 0 -1 0 0 0 3 2 2 0 -1 0 0 0 0 0 -2 -1 -2 -2 4 -2 -2 -2 3 1
checker 2 opponent 4 2 0 -4 2 2 2 -3 2 2 -1 2 0 0 0 0 0 1 0 -2 -2 -3 0 0 0 1 0 1
checker 2 player 2 2 0 0 0 0 -2 0 3 2 2 0 -1 0 0 0 0 0 -2 1 -2 -2 3 -2 -2 -2 4 0
checker 2 opponent 2 1 0 -4 2 2 2 -3 2 2 0 2 0 0 -1 0 0 1 0 -2 0 -3 -2 2 0 0 0 0
checker 2 opponent 6 2 1 -4 2 2 2 -3 2 2 0 2 0 0 1 0 0 0 0 -2 0 -3 -2 2 0 0 0 0
checker 2 player 5 3 0 0 0 0 -1 2 3 0 2 0 0 0 -1 -1 0 0 -2 0 -2 -2 3 -2 -2 -2 4 1
checker 2 opponent 4 2 0 -4 2 2 2 -4 2 2 0 2 0 0 1 1 0 0 0 -2 0 -2 -2 1 -1 0 0 0
checker 2 player 3 1 0 0 0 1 -1 2 2 0 2 0 0 0 -1 0 0 0 -2 0 -2 -3 4 -2 -2 -2 4 0
checker 2 opponent 6 5 0 -4 2 2 2 -4 3 2 0 2 0 0 0 1 0 0 0 0 -1 -2 -3 1 -1 0 0 0
checker 2 player 3 1 0 0 0 1 0 3 2 1 0 -1 0 0 0 0 0 0 -2 0 -3 -3 4 -2 -2 -2 4 0
checker 2 player 3 2 0 0 0 1 2 2 2 0 0 0 0 0 0 0 0 0 0 0 -3 -3 4 -3 -4 -2 4 0
checker 2 opponent 3 3 0 -4 2 4 3 -3 3 3 0 0 -1 0 0 0 0 0 0 0 0 -2 -2 -2 -1 0 0 0
checker 2 player 5 4 0 0 0 1 2 2 2 0 0 0 0 0 0 0 0 1 0 0 0 -2 3 -6 -5 -2 4 0
checker 1 centered 3 2 0 0 -1 0 2 2 2 0 0 2 0 0 -3 0 0 -1 1 -3 -2 -5 2 2 2 0 0 0
checker 1 centered 4 3 0 0 0 -2 -2 -2 5 2 3 0 1 0 0 3 -1 0 -2 0 0 -2 -2 -2 0 1 0 0
checker 1 centered 6 5 0 0 -1 0 2 2 2 0 0 2 0 1 -2 0 0 -2 0 -3 -2 -4 2 2 2 -1 0 0
cube 1 centered - - 0 1 -5 2 -2 3 3 -1 2 0 0 1 -2 2 0 0 0 0 1 -3 -2 0 0 0 0 0
checker 2 player 2 1 0 -2 0 0 0 -1 3 1 2 0 0 0 -4 2 0 0 0 -2 0 -3 -1 1 -2 2 3 1
checker 2 opponent 5 3 0 -3 -3 2 0 -1 3 0 2 0 0 0 -2 4 0 0 0 -2 -1 -3 1 0 0 0 2 1
checker 2 player 6 5 0 -2 0 -1 0 -1 3 1 2 0 0 0 -3 2 0 0 0 -3 0 -3 1 0 -2 3 3 0
checker 1 centered 5 3 0 -2 1 -2 -2 2 2 -2 2 0 5 1 2 0 0 -1 0 0 0 -2 -2 -2 0 0 0 0
checker 1 centered 2 2 0 0 0 0 2 2 2 0 0 0 1 0 0 -2 -1 -4 0 -2 2 -2 -2 2 2 -2 2 0
cube 1 centered - - 0 -2 2 -2 -2 2 2 0 2 -2 4 1 2 0 0 0 0 0 0 -3 -2 -2 0 0 0 0
checker 1 centered 5 1 0 -2 2 -2 -2 2 2 0 2 -2 4 1 2 0 0 0 0 0 0 -3 -2 -2 0 0 0 0
checker 1 centered 5 1 0 0 0 0 2 2 3 0 0 0 0 0 0 -1 -2 -3 2 -2 0 -2 -3 2 2 -2 2 0
cube 1 centered - - 0 -2 2 -2 -2 3 2 0 2 -1 3 2 1 0 0 -1 0 0 0 -3 -2 -2 0 0 0 0
checker 1 centered 5 3 0 -2 2 -2 -2 3 2 0 2 -1 3 2 1 0 0 -1 0 0 0 -3 -2 -2 0 0 0 0
checker 1 centered 6 6 0 0 0 0 2 2 3 0 0 0 1 0 0 -1 0 -3 1 -3 0 -3 -3 2 2 -2 2 0
checker 1 centered 5 2 1 1 0 3 1 1 1 0 1 0 1 0 0 0 0 0 -2 -2 -3 -4 2 -2 2 -1 2 0
cube 1 centered - - 0 -2 1 -2 2 -2 4 3 2 2 0 0 0 0 0 0 0 0 0 -2 -2 -1 -3 0 -1 1
checker 2 opponent 2 1 0 -2 1 -2 2 -2 4 3 2 2 0 0 0 0 0 0 0 0 0 -2 -2 -1 -3 0 -1 1
checker 2 player 6 3 0 1 -1 3 1 2 2 0 0 0 0 0 0 0 0 0 -2 -2 -2 -5 2 -2 2 -1 2 0
checker 1 centered 6 2 0 -2 0 2 -3 -3 5 0 4 0 0 0 0 2 0 0 0 -2 0 -2 -3 2 0 0 0 0
checker 1 centered 6 1 0 0 0 0 -1 3 2 0 2 0 0 0 -3 0 0 0 0 -4 0 -5 3 3 -2 0 2 0
checker 1 centered 4 2 0 -2 0 2 -2 -3 5 0 4 0 -1 0 0 3 0 0 0 -2 0 -2 -2 -1 0 0 0 1
checker 1 centered 4 2 0 0 -1 0 1 2 2 0 2 0 0 0 -3 0 0 1 0 -4 0 -4 3 2 -2 -1 2 0
checker 1 centered 6 2 0 -2 1 2 -2 -3 4 0 4 0 0 0 -1 3 0 0 0 -1 0 -2 -2 -2 0 1 0 0
checker 1 centered 2 2 0 0 -1 0 2 2 2 0 1 0 0 0 -3 1 0 0 0 -2 0 -5 3 2 -2 -2 2 0
checker 1 centered 6 5 0 -2 2 2 -2 -2 5 0 2 0 0 -1 0 3 -1 0 0 -1 0 -2 -2 -2 0 1 0 0
checker 1 centered 6 2 0 0 0 0 2 2 2 0 1 0 0 1 -3 -1 1 0 0 -2 0 -5 2 2 -2 -2 2 0
checker 1 centered 5 2 0 -2 2 2 -2 -2 5 0 2 0 0 0 1 3 0 0 -1 -2 0 -2 -2 -2 0 0 0 0
checker 1 centered 1 1 0 0 0 0 2 2 2 0 2 1 0 0 -2 -1 0 0 0 -2 0 -6 2 2 -2 -2 2 0
checker 1 centered 4 1 0 -2 2 2 -2 -2 6 0 2 0 0 0 1 2 0 0 0 0 -3 -2 -2 -2 0 0 0 0
checker 1 centered 5 5 0 0 0 0 2 2 2 3 0 0 0 0 -1 -2 0 0 0 -2 0 -5 2 2 -2 -3 2 0
checker 2 opponent 4 2 0 -2 -2 2 -2 -2 3 2 2 0 0 0 -2 2 0 1 0 -2 0 -3 1 0 0 0 2 0
checker 2 player 5 4 0 0 0 -1 0 -2 3 0 2 0 -1 0 -2 2 0 0 0 -2 -2 -3 2 2 -2 2 2 0
checker 2 opponent 5 4 0 -1 -2 2 -2 -2 3 2 2 0 -1 0 -2 2 0 1 0 -2 0 -3 2 0 1 0 0 0
checker 2 player 5 5 0 0 0 -1 0 -2 3 0 2 0 0 0 -1 2 0 -1 -1 -2 -2 -3 2 2 -2 2 1 1
checker 1 centered 5 1 0 0 0 0 1 0 2 3 2 0 0 -1 -1 0 0 -3 -1 -2 -2 -3 2 2 0 2 -2 1
checker 1 centered 3 1 0 2 -2 0 -2 -3 3 2 2 1 3 0 0 1 1 0 0 -2 -2 -3 0 -1 0 0 0 0
checker 1 centered 4 3 0 0 0 0 1 0 3 2 2 0 0 0 -1 0 -1 -2 -2 -2 -2 -3 3 2 0 2 -2 0
cube 1 centered - - 0 2 -2 0 -2 -3 3 2 2 2 2 1 0 1 0 0 0 0 -2 -3 -1 -2 0 0 0 0
checker 1 centered 3 3 0 2 -2 0 -2 -3 3 2 2 2 2 1 0 1 0 0 0 0 -2 -3 -1 -2 0 0 0 0
checker 1 centered 4 2 0 0 0 0 2 1 3 2 0 0 0 0 0 0 0 -2 -2 -3 -3 -2 3 2 -1 2 -2 0
checker 1 centered 6 4 0 2 -2 1 -2 -3 2 3 3 2 2 0 0 0 0 0 0 0 0 -3 -2 -2 -1 0 0 0
checker 1 centered 6 4 0 0 0 1 2 2 3 0 0 0 0 0 0 0 0 -1 -2 -3 -2 -3 3 2 -1 2 -3 0
checker 1 centered 5 3 0 3 -2 1 -2 -2 3 2 3 2 1 0 0 0 0 -1 0 0 0 -3 -2 -2 -1 0 0 0
checker 1 centered 6 4 0 0 0 1 2 2 3 0 0 0 1 0 0 0 0 0 -2 -2 -3 -3 2 2 -2 2 -3 0
checker 1 centered 6 4 0 3 -2 2 -2 -2 3 3 2 2 0 0 0 0 0 0 0 0 0 -2 -2 -3 -1 -1 0 0
checker 1 centered 3 3 0 0 1 1 3 2 2 0 0 0 0 0 0 0 0 0 -2 -2 -1 -3 2 2 -3 2 -4 0
checker 1 centered 5 2 1 -2 -1 -1 -2 -1 4 0 3 1 1 0 -2 2 0 0 0 -2 0 -3 0 3 0 1 0 0
cube 1 centered - - 2 -2 -2 1 -2 2 2 0 3 0 0 0 -2 2 0 0 0 -2 0 -3 0 4 0 1 0 0
checker 1 centered 5 3 2 -2 -2 1 -2 2 2 0 3 0 0 0 -2 2 0 0 0 -2 0 -3 0 4 0 1 0 0
cube 1 centered - - 0 -3 -2 2 -3 2 2 0 2 0 0 0 -2 2 0 0 0 -2 1 -3 0 3 0 1 0 0
checker 2 opponent 6 2 0 -3 -2 2 -3 2 2 0 2 0 0 0 -2 2 0 0 0 -2 1 -3 0 3 0 1 0 0
checker 2 player 6 2 0 0 -1 0 -2 0 3 0 2 -1 -1 0 -2 2 0 0 0 -2 0 -2 -2 3 -2 2 3 0
checker 2 opponent 2 2 0 -2 -2 2 -3 2 2 0 2 -1 0 0 -2 2 0 1 1 -2 0 -3 0 2 0 1 0 0
checker 2 opponent 6 2 1 -2 -2 2 -3 2 2 1 2 0 0 0 -2 2 0 0 1 -2 0 -3 0 2 0 1 0 0
checker 2 player 5 4 0 0 -1 0 -2 0 3 0 2 0 0 -1 -1 2 0 0 0 -2 -2 -2 -2 3 -2 2 2 1
checker 2 opponent 6 4 0 -2 -2 2 -3 2 2 2 2 -1 0 0 -2 1 1 0 0 -2 0 -3 0 2 0 1 0 0
checker 2 player 5 1 0 0 -1 0 -2 0 3 0 2 0 0 0 0 2 0 -1 1 -2 -3 -2 -2 3 -2 2 2 0
checker 2 opponent 3 1 0 -2 -2 2 -2 2 2 3 2 -2 1 0 -2 0 0 0 0 -2 0 -2 -1 2 0 1 0 0
checker 2 player 5 1 0 0 0 -1 -2 1 2 0 2 0 0 0 0 2 0 0 2 -2 -4 -2 -2 2 -2 2 2 0
checker 2 opponent 6 1 0 -2 -2 2 -2 2 2 4 2 0 -1 0 -2 0 -1 0 0 -2 0 -2 -1 2 1 0 0 0
checker 2 player 2 1 0 0 0 -1 -1 1 2 0 2 0 0 -1 0 2 0 1 0 -2 -4 -2 -2 2 -2 2 2 1
checker 2 opponent 5 3 0 -3 -2 2 -2 2 2 4 2 0 0 0 -3 0 1 0 0 -2 0 -2 -1 1 1 0 0 0
checker 2 player 6 2 0 0 0 -1 0 1 2 0 2 0 0 -1 -1 3 0 0 0 -2 -4 -2 -2 2 -2 2 3 0
checker 2 opponent 2 1 0 -3 -2 2 -2 2 2 4 2 0 0 0 -2 1 1 0 0 -1 -1 -3 -1 0 1 0 0 0
checker 2 player 4 2 0 0 0 0 -1 1 3 1 1 0 0 -1 -1 2 0 0 0 -2 -3 -2 -3 2 -2 2 3 0
checker 2 opponent 3 1 0 -3 -2 2 -2 3 2 3 2 0 0 0 -2 1 1 0 0 0 -1 -2 -1 -2 0 0 0 1
checker 2 player 6 5 0 0 0 -1 2 1 2 1 0 0 0 -1 -1 2 0 0 0 -2 -2 -3 -3 2 -2 2 3 0
checker 2 opponent 5 5 0 -3 -2 2 -2 3 3 2 2 0 0 0 0 1 1 0 0 -1 -2 -2 -1 -2 1 0 0 0
checker 2 player 6 1 0 0 0 0 2 1 2 2 0 0 0 0 -1 0 0 0 -1 -2 -3 -3 -3 2 -2 2 3 1
checker 2 opponent 5 4 0 -4 -2 2 -2 3 3 3 2 1 0 0 0 1 0 0 0 0 -1 -2 -1 -2 0 0 -1 0
checker 2 player 3 2 0 1 0 0 2 1 2 1 0 0 0 0 0 0 0 0 0 -3 -3 -3 -4 2 -2 2 4 0
checker 2 opponent 3 1 0 -3 -2 2 -3 4 3 3 3 0 0 0 0 0 0 0 0 0 0 -2 -2 -2 0 0 -1 0
checker 2 player 6 5 0 1 0 0 2 2 2 0 0 0 0 0 0 0 0 0 0 -2 -2 -4 -5 3 -2 2 3 0
checker 2 opponent 6 2 0 -3 -2 2 -2 5 4 2 2 0 0 0 0 0 0 -1 0 0 0 -2 -2 -2 0 0 -1 0
checker 2 player 3 2 0 1 0 0 2 2 2 0 0 0 1 0 0 0 0 0 0 -1 -2 -5 -5 2 -2 2 3 0
checker 2 opponent 3 2 0 -2 -2 2 -3 5 5 2 1 0 0 0 0 0 0 0 0 -1 0 -2 -2 -2 0 0 -1 0
checker 2 player 4 4 0 1 0 0 2 2 2 0 1 0 0 0 0 0 0 0 0 0 -2 -5 -5 3 -3 2 2 0
checker 2 player 6 4 0 1 0 0 2 3 2 0 1 0 0 0 0 0 0 0 0 0 -2 -4 -5 2 -4 2 2 0
checker 1 centered 1 1 0 0 0 0 0 1 3 -2 2 0 0 0 -4 2 0 0 0 -3 -1 -5 2 2 0 1 2 0
checker 1 centered 6 4 0 -1 0 -2 -2 -2 5 1 3 0 0 0 -2 4 0 0 0 -2 2 -2 -2 0 0 0 0 0
checker 1 centered 3 2 0 0 0 0 0 2 2 -2 2 0 0 0 -2 2 0 0 -1 -3 -2 -5 2 2 2 0 1 0
checker 1 centered 6 5 0 0 0 -2 -3 -2 5 2 3 1 0 0 -2 2 0 0 0 -1 2 -3 -2 0 0 0 0 0
checker 1 centered 2 1 0 0 0 0 0 2 3 -1 1 0 0 0 -2 2 0 0 -1 -3 -3 -5 2 3 2 0 0 0
checker 1 centered 5 3 0 0 0 -2 -2 -3 5 3 3 1 0 0 -2 2 0 0 0 -1 1 -2 -2 -1 0 0 0 0
checker 1 centered 6 2 0 0 0 0 1 2 2 0 1 0 0 0 -3 2 0 0 0 -3 -3 -6 3 2 2 0 0 0
checker 1 centered 5 1 0 0 0 -2 -2 -2 6 3 3 0 0 -1 -1 3 -1 0 0 -1 0 -2 -2 -1 0 0 0 0
checker 1 centered 2 2 0 0 0 0 1 2 2 0 1 0 0 1 -2 -1 1 0 0 -3 -3 -5 2 2 2 0 -1 1
checker 1 centered 5 3 0 1 0 -2 -3 -2 5 3 3 0 0 -1 1 2 -1 0 0 0 0 -2 -2 -2 0 0 0 0
checker 1 centered 5 2 0 0 0 0 2 2 2 0 0 0 0 1 -2 0 1 0 -1 -3 -3 -4 2 3 2 0 -2 0
checker 1 centered 6 1 0 2 0 -2 -3 -2 4 3 3 1 0 0 0 2 -1 0 0 0 -1 -2 -2 -2 0 0 0 0
checker 1 centered 6 1 0 0 0 0 2 2 2 1 0 0 0 1 -1 0 0 0 0 -4 -4 -4 2 3 2 0 -2 0
checker 1 centered 5 1 0 2 0 -2 -2 -2 4 4 4 0 0 -1 0 1 -1 0 0 0 -1 -2 -2 -2 0 0 0 0
checker 1 centered 4 4 0 0 0 0 2 2 2 1 0 0 0 1 0 0 1 0 0 -4 -5 -4 2 2 2 0 -2 0
checker 1 centered 6 5 0 2 0 -2 -2 -2 4 5 4 0 0 0 0 0 0 -1 0 0 0 -2 -2 -2 -2 0 0 0
checker 1 centered 6 5 0 0 0 2 2 2 2 0 0 0 1 0 0 0 0 0 0 -3 -4 -4 2 2 2 -2 -2 0
checker 2 player 3 1 0 2 1 1 1 0 0 0 -1 0 0 0 0 -1 -1 0 -2 -3 -2 -2 -2 5 3 2 -1 0
checker 2 opponent 5 4 0 1 -2 -3 -5 2 2 2 3 2 0 1 1 0 0 0 0 1 0 0 0 0 0 -2 -3 0
checker 2 player 3 1 0 3 2 0 0 0 0 0 0 0 0 0 -1 -1 0 0 -2 -3 -2 -3 -2 5 3 2 -1 0
checker 2 opponent 4 1 0 1 -2 -2 -6 2 3 2 3 2 0 0 1 1 0 0 0 0 0 0 0 0 0 -2 -3 0
checker 2 opponent 6 3 0 2 -2 -2 -6 2 2 2 3 2 0 0 1 1 0 0 0 0 0 0 0 0 0 -2 -3 0
checker 2 player 3 1 0 3 2 0 0 0 0 0 0 0 0 0 0 0 0 -1 -2 -3 -2 -3 -2 6 2 2 -2 0
checker 2 opponent 6 1 0 2 -2 -2 -6 2 3 2 3 2 1 0 0 0 0 0 0 0 0 0 0 0 0 -1 -4 0
checker 2 player 2 1 0 4 1 0 0 0 0 0 0 0 0 0 0 0 0 -1 -2 -2 -2 -3 -2 6 2 2 -3 0
checker 2 opponent 4 3 0 3 0 -3 -7 2 3 2 2 2 1 0 0 0 0 0 0 0 0 0 0 0 0 -1 -4 0
checker 2 opponent 5 3 0 3 0 -2 -8 3 4 2 2 0 1 0 0 0 0 0 0 0 0 0 0 0 0 -1 -4 0
checker 2 player 6 6 0 4 1 0 0 0 0 0 0 0 0 0 0 0 0 0 0 -2 -2 -4 -3 8 2 -1 -3 0
checker 2 opponent 6 5 0 3 1 -2 -5 3 4 2 2 0 -2 0 0 0 0 0 -1 0 0 0 0 0 0 -1 -4 0
checker 2 player 5 2 0 4 1 0 0 0 0 0 0 1 0 0 0 0 0 2 0 -2 0 -4 -3 5 2 -2 -4 0
checker 2 player 3 3 0 4 2 0 0 0 0 0 0 0 0 0 0 0 0 2 0 -1 0 -3 -3 5 2 -3 -5 0
checker 1 centered 6 5 0 -3 -1 0 -1 -2 3 2 2 1 0 0 -3 3 0 0 0 -2 0 -2 3 -1 0 0 1 0
checker 1 centered 5 4 0 -1 0 0 1 -2 2 0 2 0 0 0 -3 3 0 0 -2 -2 -2 -3 2 1 0 1 3 0
cube 1 centered - - 0 0 -2 0 -2 -2 3 2 2 2 -1 0 -3 3 0 1 0 -2 1 -2 1 -1 0 0 0 0
checker 1 centered 5 4 0 0 -2 0 -2 -2 3 2 2 2 -1 0 -3 3 0 1 0 -2 1 -2 1 -1 0 0 0 0
checker 1 centered 5 1 0 0 0 0 1 0 2 -1 2 -1 0 0 -3 3 0 -1 -2 -2 -2 -3 2 2 0 2 0 1
cube 1 centered - - 0 0 -2 0 -2 -3 3 2 2 2 1 0 -3 3 0 0 1 -1 -1 -2 0 -1 0 0 0 1
checker 1 centered 3 3 0 0 -2 0 -2 -3 3 2 2 2 1 0 -3 3 0 0 1 -1 -1 -2 0 -1 0 0 0 1
checker 1 centered 5 4 0 0 0 -1 1 0 2 1 1 -1 0 0 -1 3 0 -3 -2 -2 -2 -2 3 2 -1 2 0 0
cube 1 centered - - 0 0 -2 1 -2 -3 2 2 2 2 3 0 -2 1 0 0 1 -2 -1 -1 0 -1 1 -1 0 0
checker 1 centered 4 3 0 0 -2 1 -2 -3 2 2 2 2 3 0 -2 1 0 0 1 -2 -1 -1 0 -1 1 -1 0 0
checker 1 centered 2 1 0 0 1 -1 1 0 1 1 2 -1 0 0 0 2 0 -2 -3 -2 -3 -2 3 2 -1 2 0 0
cube 1 centered - - 0 0 -2 1 -2 -3 2 3 2 3 2 0 -1 -1 0 0 1 -2 0 -1 -1 -1 1 -1 0 0
checker 1 centered 5 4 0 0 -2 1 -2 -3 2 3 2 3 2 0 -1 -1 0 0 1 -2 0 -1 -1 -1 1 -1 0 0
checker 1 centered 4 4 0 0 1 0 1 1 1 -1 2 -1 0 0 1 1 0 -2 -3 -2 -3 -1 3 2 -1 2 -1 0
checker 1 centered 6 2 1 0 1 0 2 2 -1 -1 1 0 0 0 1 0 0 -2 -3 -2 -3 1 3 2 -1 1 -1 1
checker 1 centered 4 3 0 1 -2 1 -2 -2 -1 3 2 3 2 -1 0 -1 0 0 0 -1 1 1 -2 -2 0 -1 0 1
checker 1 centered 6 6 0 0 1 0 2 2 -1 -2 1 0 0 0 1 0 1 -2 -3 -2 -3 1 2 2 -1 2 -1 0
checker 1 centered 4 3 0 -2 2 -2 -2 4 3 1 0 0 0 -2 0 0 2 0 -3 -2 -1 1 0 2 0 -1 0 0
checker 1 centered 4 3 0 0 1 0 -2 0 -1 1 2 3 0 -1 0 0 2 0 0 0 -2 -3 -4 2 2 -2 2 0
cube 1 centered - - 0 -2 2 -2 -2 4 3 2 0 0 0 -2 0 0 1 0 -2 -1 -1 1 -2 2 0 -1 0 0
checker 1 centered 2 1 0 -2 2 -2 -2 4 3 2 0 0 0 -2 0 0 1 0 -2 -1 -1 1 -2 2 0 -1 0 0
checker 1 centered 4 3 0 0 1 0 -1 2 -2 1 1 2 0 0 -1 0 2 0 0 0 -2 -3 -4 2 2 -2 2 0
cube 1 centered - - 0 -2 2 -2 -2 4 3 2 0 0 0 -1 0 1 0 0 -2 -1 -2 2 -2 1 0 -1 0 0
checker 1 centered 3 2 0 -2 2 -2 -2 4 3 2 0 0 0 -1 0 1 0 0 -2 -1 -2 2 -2 1 0 -1 0 0
checker 1 centered 1 1 0 0 1 0 0 2 -3 2 1 2 0 0 0 0 1 -1 0 0 -2 -3 -4 2 2 -2 2 0
cube 1 centered - - 0 -2 2 -2 -2 4 3 2 0 0 1 0 0 0 0 -1 -2 -1 -2 3 -2 0 0 -1 0 0
checker 1 centered 6 4 0 -2 2 -2 -2 4 3 2 0 0 1 0 0 0 0 -1 -2 -1 -2 3 -2 0 0 -1 0 0
checker 1 centered 5 2 0 0 1 0 0 2 -2 2 1 2 1 0 0 0 0 -1 -1 0 -2 -3 -4 2 2 -2 2 0
cube 1 centered - - 0 -2 2 -2 -2 4 3 2 0 1 1 0 0 0 0 -1 0 -1 -3 2 -2 -1 0 -1 0 0
checker 1 centered 3 1 0 -2 2 -2 -2 4 3 2 0 1 1 0 0 0 0 -1 0 -1 -3 2 -2 -1 0 -1 0 0
checker 1 centered 6 4 0 0 1 0 1 2 -1 3 1 -1 1 0 0 0 0 0 -2 0 -2 -3 -4 2 2 -2 2 0
cube 1 centered - - 0 -2 2 -2 -2 4 3 2 0 2 0 0 0 0 0 0 1 0 -3 -1 -2 -1 0 -2 0 1
checker 2 opponent 5 4 0 -2 2 -2 -2 4 3 2 0 2 0 0 0 0 0 0 1 0 -3 -1 -2 -1 0 -2 0 1
checker 2 opponent 3 2 1 -2 2 -2 -2 4 3 2 0 2 0 0 0 0 0 0 2 0 -3 -1 -2 0 0 -2 0 0
checker 2 opponent 2 2 1 -2 2 -2 -2 4 3 2 0 2 0 1 0 0 0 0 1 0 -3 -1 -2 0 0 -2 0 0
checker 2 opponent 6 5 1 -2 2 -2 -2 4 3 2 0 3 1 0 0 0 0 0 0 0 -3 -1 -2 0 0 -2 0 0
checker 2 player 3 2 0 0 2 0 0 2 1 3 0 0 0 0 0 0 0 0 -3 0 -2 -3 -5 2 2 -2 2 1
checker 2 opponent 4 2 0 -2 2 -3 -2 5 3 2 0 3 0 0 0 0 0 0 0 0 -2 -1 -3 0 0 -2 0 0
checker 2 player 4 1 0 0 2 0 0 3 1 2 0 0 0 0 0 0 0 0 -1 0 -3 -3 -6 2 3 -2 2 0
checker 2 opponent 5 2 0 -2 2 -3 -2 6 3 3 0 1 0 0 0 0 0 0 0 0 0 -2 -3 0 -1 -2 0 0
checker 2 player 6 5 0 0 2 1 0 3 2 0 0 0 0 0 0 0 0 0 0 0 -3 -3 -6 2 3 -3 2 0
checker 2 opponent 1 1 0 -2 3 -2 -2 6 3 3 0 0 0 0 0 0 -1 0 0 0 0 -2 -3 0 -1 -2 0 0
checker 2 player 4 4 0 0 2 1 0 3 2 0 0 0 0 1 0 0 0 0 0 0 0 -5 -7 2 2 -3 2 0
checker 1 centered 5 3 0 0 -2 -2 2 -5 2 3 2 2 2 2 0 0 0 0 -1 -1 0 0 -2 -1 -1 0 0 0
checker 1 centered 4 1 0 0 0 1 1 2 0 0 1 1 0 0 0 0 -2 -2 -2 -2 -3 -1 5 -1 2 2 -2 0
cube 1 centered - - 0 2 -2 -2 1 -4 -1 3 2 2 2 2 0 0 0 0 -1 0 0 0 -2 -2 -1 0 0 1
checker 1 centered 6 5 0 2 -2 -2 1 -4 -1 3 2 2 2 2 0 0 0 0 -1 0 0 0 -2 -2 -1 0 0 1
checker 1 centered 6 4 0 0 0 1 2 2 -1 0 0 1 0 0 0 0 -1 -2 -2 -2 -3 -1 4 -1 2 2 -2 1
cube 1 centered - - 0 2 -2 -2 -1 -3 1 3 2 2 2 -1 0 0 0 0 -1 0 0 1 -2 -2 -1 0 0 2
checker 1 centered 6 3 0 -1 0 1 2 2 -2 0 0 1 0 0 0 0 1 -2 -2 -2 -3 -1 3 1 2 2 -2 0
cube 1 centered - - 0 2 -2 -1 -1 -2 -1 3 2 2 2 -2 0 0 0 0 -1 0 0 2 -2 -2 -1 0 1 1
checker 1 centered 1 1 0 2 -2 -1 -1 -2 -1 3 2 2 2 -2 0 0 0 0 -1 0 0 2 -2 -2 -1 0 1 1
checker 1 centered 5 1 0 -1 -1 1 2 2 -2 0 0 1 0 0 0 0 2 -2 -2 -2 -1 -2 2 1 1 2 -2 1
cube 1 centered - - 0 2 -2 0 -2 -3 2 1 2 2 2 -2 0 0 0 0 -1 0 0 2 -2 -2 -1 1 1 0
checker 1 centered 2 1 0 2 -2 0 -2 -3 2 1 2 2 2 -2 0 0 0 0 -1 0 0 2 -2 -2 -1 1 1 0
checker 1 centered 5 3 0 -1 -1 1 2 2 -2 0 0 1 0 0 0 0 2 -1 -2 -2 -2 -2 3 2 0 2 -2 0
checker 1 centered 6 3 0 -1 0 -1 2 2 -3 0 0 1 0 0 0 0 2 1 -2 -2 -2 -2 3 2 0 1 -2 1
checker 1 centered 2 1 0 -1 0 0 2 2 -2 -1 0 -1 0 0 0 0 3 1 -2 -2 -2 -2 2 2 1 1 -2 1
cube 1 centered - - 0 2 -1 -2 -2 -2 2 2 2 2 -1 -3 0 0 0 0 1 0 1 2 -2 -2 0 0 1 0
checker 1 centered 6 1 0 2 -1 -2 -2 -2 2 2 2 2 -1 -3 0 0 0 0 1 0 1 2 -2 -2 0 0 1 0
checker 1 centered 3 1 0 0 0 0 2 2 -2 -1 -1 -1 0 0 0 0 3 1 -2 -2 -2 -2 2 2 2 1 -2 0
cube 1 centered - - 0 2 0 -2 -2 -3 2 2 2 2 -1 -2 -1 0 0 0 1 1 1 2 -2 -2 0 0 0 0
checker 1 centered 6 4 0 2 0 -2 -2 -3 2 2 2 2 -1 -2 -1 0 0 0 1 1 1 2 -2 -2 0 0 0 0
checker 1 centered 6 4 0 0 0 0 2 2 -2 0 -1 0 0 -1 0 1 2 -1 -2 -2 -2 -2 3 2 2 0 -2 1
cube 1 centered - - 0 2 0 -2 -3 -2 2 2 2 2 1 -3 -1 0 1 0 0 1 0 2 -2 -2 0 0 0 0
checker 1 centered 5 4 0 2 0 -2 -3 -2 2 2 2 2 1 -3 -1 0 1 0 0 1 0 2 -2 -2 0 0 0 0
checker 1 centered 2 1 0 0 0 0 2 2 -1 0 -1 0 0 -1 0 1 3 -2 -2 -2 -2 -2 2 3 2 0 -2 0
checker 1 centered 6 1 0 2 0 -2 -2 -3 2 2 2 2 2 -2 -1 -1 1 0 0 1 0 1 -2 -2 0 0 0 0
checker 1 centered 6 5 0 2 -1 -3 -2 -3 2 2 2 2 2 -2 1 0 1 0 0 1 0 0 -2 -2 0 0 0 0
checker 1 centered 6 4 0 0 0 0 2 2 0 0 0 0 0 -1 0 -1 2 -2 -2 -2 -2 -3 3 2 3 1 -2 0
checker 1 centered 4 3 0 2 -1 -3 -2 -2 3 2 2 2 2 -2 1 0 1 -1 0 0 0 0 -2 -2 0 0 0 0
checker 1 centered 4 3 1 2 1 -3 -2 -2 3 2 2 1 2 -2 1 0 1 -1 0 0 0 0 -2 -2 0 0 0 0
checker 1 centered 5 2 0 0 0 0 2 2 0 0 0 0 1 -1 0 -1 2 -2 0 -2 -2 -3 2 2 3 -2 -2 1
checker 1 centered 6 3 0 2 2 -3 -2 -3 3 2 2 0 2 -2 1 0 1 0 0 -1 0 0 -2 -2 0 0 0 0
checker 1 centered 6 2 0 0 0 0 2 2 0 0 1 0 0 -1 0 0 2 -1 0 -2 -3 -4 3 2 3 -2 -2 0
checker 1 centered 5 4 0 2 2 -3 -2 -2 4 3 2 0 1 -3 0 0 1 0 0 0 0 -1 -2 -2 0 0 0 0
checker 1 centered 5 1 0 0 0 0 2 2 1 0 0 0 0 -1 0 0 3 0 0 -2 -2 -5 2 2 3 -3 -2 0
checker 1 centered 5 3 0 0 0 0 2 2 1 0 0 1 0 0 0 0 2 0 -1 -2 -2 -5 2 3 2 -3 -2 0
cube 1 centered - - 1 0 0 0 2 2 2 0 0 0 0 0 0 0 2 0 1 -2 -2 -5 2 2 2 -3 -2 0
checker 1 centered 5 1 1 0 0 0 2 2 2 0 0 0 0 0 0 0 2 0 1 -2 -2 -5 2 2 2 -3 -2 0
checker 2 opponent 5 5 0 -1 -3 0 -3 2 4 2 1 0 0 0 -2 3 0 0 1 -2 -1 -3 0 0 1 0 1 0
checker 2 player 1 1 0 -1 0 -1 0 0 3 1 2 -1 0 0 -2 2 0 0 0 0 -2 -3 -2 3 -2 3 -1 1
checker 2 opponent 4 4 0 -1 -3 2 -3 2 3 2 0 0 0 0 -2 2 0 0 1 -2 0 -2 -2 0 1 0 1 1
checker 2 player 6 4 0 -1 0 0 -1 2 2 -1 2 -1 0 0 0 2 0 0 -2 0 -2 -3 -2 3 -2 3 1 0
checker 2 player 5 2 2 -1 0 0 -1 2 2 1 2 1 0 0 0 0 0 0 -2 0 -2 -3 -2 3 -2 3 1 0
checker 2 player 6 4 2 -1 -1 0 1 2 2 1 2 0 0 0 0 0 0 0 -2 0 -2 -3 -2 4 -2 2 1 0
checker 2 player 1 1 1 0 2 0 2 2 2 0 0 0 0 0 -1 -2 0 -1 -2 0 -2 -2 -2 3 -2 1 3 0
checker 2 opponent 4 3 0 -1 -3 2 -3 2 2 2 0 2 1 0 2 1 0 0 0 0 0 -2 -2 0 -2 -2 0 1
checker 2 player 6 2 0 0 2 2 -1 2 2 0 0 0 0 0 0 -2 0 -2 -2 0 -2 -2 -2 3 -2 3 1 0
checker 2 player 2 2 0 -1 2 2 1 2 1 0 0 0 0 0 0 -1 0 -2 -2 -1 -2 -2 -2 3 -2 2 1 1
checker 2 player 2 2 1 2 2 0 2 2 0 0 0 0 0 0 0 -1 0 -2 -2 -1 -2 -2 -2 3 -2 3 1 0
checker 1 centered 3 2 0 0 0 0 0 0 2 1 1 -1 0 -2 0 2 -2 -2 2 0 -2 -2 4 3 -2 0 -2 0
cube 1 centered - - 0 2 0 2 -3 -4 2 2 0 -2 2 2 -2 0 2 0 1 0 0 -2 -2 0 0 0 0 0
checker 1 centered 1 1 0 2 0 2 -3 -4 2 2 0 -2 2 2 -2 0 2 0 1 0 0 -2 -2 0 0 0 0 0
checker 1 centered 5 1 0 0 0 0 0 2 2 0 0 0 0 -1 -2 2 -2 -2 2 0 -2 -2 4 3 -2 0 -2 0
cube 1 centered - - 0 2 0 2 -3 -4 2 2 0 -1 2 2 -2 2 0 -1 0 0 0 -2 -2 0 0 0 0 1
checker 1 centered 5 4 0 2 0 2 -3 -4 2 2 0 -1 2 2 -2 2 0 -1 0 0 0 -2 -2 0 0 0 0 1
checker 1 centered 6 3 0 0 0 0 0 2 2 0 0 -1 1 0 -2 2 -2 -2 1 0 -2 -2 4 3 -2 0 -2 0
checker 1 centered 2 2 0 0 0 0 0 2 2 0 0 -1 2 0 -1 2 -2 -2 0 0 -2 -3 3 3 -2 0 -2 1
cube 1 centered - - 0 2 -1 2 -3 -3 3 2 0 0 2 2 0 1 -1 -2 -1 0 0 -2 -2 0 0 0 0 1
checker 1 centered 4 1 0 2 -1 2 -3 -3 3 2 0 0 2 2 0 1 -1 -2 -1 0 0 -2 -2 0 0 0 0 1
checker 1 centered 5 2 0 -1 0 0 0 2 2 0 0 1 2 1 -1 0 -2 -2 0 0 -2 -2 3 3 -2 -1 -2 1
checker 1 centered 4 4 0 -1 0 0 2 2 2 0 0 0 0 -1 -3 2 0 0 0 -3 -2 -5 2 2 2 0 1 0
checker 1 centered 5 1 0 0 2 2 0 0 -1 0 0 -1 0 0 0 0 0 1 0 0 -2 -3 5 -5 -3 2 3 0
checker 1 centered 6 3 0 -2 -3 3 5 -4 3 2 0 0 -2 0 0 0 0 0 1 0 0 1 0 0 -2 -2 0 0
checker 1 centered 5 4 0 0 2 2 0 0 -1 0 0 0 0 0 0 0 0 2 0 0 -3 -3 4 -5 -3 3 2 0
cube 1 centered - - 0 -2 -3 3 5 -2 3 3 0 -1 -3 0 0 0 0 0 0 0 0 1 0 0 -2 -2 0 0
checker 2 opponent 6 2 0 -2 -3 3 5 -2 3 3 0 -1 -3 0 0 0 0 0 0 0 0 1 0 0 -2 -2 0 0
checker 2 player 6 2 0 0 2 2 0 0 0 0 0 0 0 0 0 0 -1 3 1 0 -3 -3 2 -5 -3 3 2 0
checker 2 opponent 4 4 0 -2 -2 3 5 -2 3 3 -1 0 -3 -1 0 0 0 0 0 0 0 0 0 0 -2 -2 0 1
checker 2 player 6 1 0 0 2 2 0 0 0 0 0 0 0 0 0 0 1 3 -1 1 -3 -3 2 -5 -3 2 2 0
checker 2 player 6 5 0 0 2 2 0 0 0 0 0 0 1 -1 0 0 1 3 0 0 -3 -3 2 -5 -3 2 2 0
checker 2 opponent 5 1 0 -2 -2 3 5 -2 3 3 0 0 -2 0 0 0 1 -1 -2 0 0 0 0 0 -2 -2 0 0
checker 2 player 6 2 0 0 2 2 0 0 0 0 0 2 1 0 0 0 0 2 -1 0 -2 -4 2 -5 -3 2 2 0
checker 2 player 6 1 0 0 2 2 0 0 0 1 0 2 1 0 0 0 0 1 0 0 -1 -4 2 -6 -4 2 2 0
checker 2 opponent 2 1 0 -2 -2 4 6 -2 4 1 0 0 0 0 0 0 0 -1 -3 0 0 -1 0 0 -2 -2 0 0
checker 2 player 6 6 0 0 2 2 0 0 1 0 0 3 1 0 0 0 0 0 0 0 0 -4 2 -7 -4 2 2 0
checker 2 player 4 2 0 -1 0 0 0 0 3 1 2 0 -1 0 -3 2 0 -1 0 -2 1 -5 -2 2 2 2 0 0
checker 2 opponent 6 4 0 0 -2 -2 -2 2 5 0 2 0 1 -1 -2 3 0 1 0 -2 -1 -2 0 -1 0 0 1 0
checker 2 player 4 3 0 0 0 0 1 0 2 1 2 0 -1 -1 -3 2 1 -1 0 -2 0 -5 -2 2 2 2 0 0
checker 2 opponent 6 1 0 0 -2 -2 -2 2 5 0 2 0 1 0 -2 3 1 -1 0 -1 -1 -2 -1 -1 0 0 0 1
checker 2 player 3 2 0 0 0 0 1 1 2 -1 1 0 1 -1 -3 2 0 -1 0 -2 0 -5 -2 2 2 2 0 1
checker 2 opponent 4 1 0 0 -3 -2 -2 2 5 0 2 0 1 0 -2 3 1 -1 0 0 1 -2 -2 -1 0 0 0 0
checker 2 player 6 2 0 0 0 0 1 2 2 -1 0 0 1 -1 -2 2 0 0 -2 -2 0 -5 -2 2 2 3 0 0
checker 2 opponent 4 1 0 0 -2 -2 -2 2 5 0 2 2 -1 0 -2 2 1 -1 0 0 1 -2 -2 -1 0 0 0 0
checker 2 player 3 1 0 0 0 0 1 2 2 0 0 0 1 -2 -2 2 0 1 -2 -2 0 -4 -3 2 2 2 0 0
checker 2 opponent 2 1 0 0 -2 -2 -2 3 4 0 2 2 0 -1 -2 2 2 0 0 0 -1 -2 -2 -1 0 0 0 0
checker 2 player 6 2 0 0 0 0 1 2 2 1 0 0 0 -2 -2 2 1 0 -1 -1 -2 -4 -3 2 2 2 0 0
checker 2 opponent 5 5 0 0 -2 -2 -2 3 4 2 1 1 0 0 -2 2 2 0 0 -1 -1 -1 -2 -2 0 0 0 0
checker 2 player 5 1 0 0 0 0 2 2 1 1 1 0 0 0 -1 2 0 0 -3 -2 -2 -3 -3 2 2 2 -1 0
checker 2 opponent 3 2 0 1 -2 -2 -2 3 3 2 2 3 0 0 -2 1 0 0 0 0 0 -2 -2 -2 -1 0 0 0
checker 2 player 2 1 0 0 0 1 2 2 2 0 0 0 0 0 -1 2 0 0 -3 0 -2 -4 -4 2 2 2 -1 0
checker 2 opponent 6 2 0 1 -2 -2 -2 4 4 2 0 3 0 0 -1 1 0 -1 0 0 0 -2 -2 -2 -1 0 0 0
checker 2 player 5 1 0 0 0 1 2 2 2 0 0 0 1 0 -1 1 0 0 -3 0 0 -4 -5 2 2 2 -2 0
checker 2 player 5 3 0 0 0 1 2 2 2 1 -1 0 1 0 0 0 0 0 -3 0 0 -4 -5 2 2 2 -2 0
checker 2 opponent 6 5 0 2 -2 -2 -2 5 4 0 0 3 0 0 0 0 0 0 0 1 0 -2 -3 -3 -1 0 0 0
checker 2 player 5 3 0 0 0 1 3 3 2 0 0 0 0 0 0 0 0 0 -3 0 0 -5 -5 2 2 2 -2 0
checker 1 centered 6 5 0 -1 -2 -1 2 -3 4 0 4 0 0 -1 0 0 1 0 0 -2 -2 -3 1 1 1 1 0 0
checker 1 centered 6 1 0 0 -1 0 0 -1 3 2 2 -2 0 -1 0 0 1 0 0 -4 0 -4 3 -2 1 2 1 0
checker 1 centered 4 2 0 0 0 0 0 -2 3 -1 2 0 0 0 -4 2 0 0 -1 -2 1 -5 2 0 0 2 3 0
cube 1 centered - - 0 -2 -2 0 0 -3 5 0 2 -1 0 0 -2 4 0 0 0 -2 1 -3 2 0 0 0 0 1
checker 1 centered 3 2 0 -2 -2 0 0 -3 5 0 2 -1 0 0 -2 4 0 0 0 -2 1 -3 2 0 0 0 0 1
checker 1 centered 6 2 0 0 0 -1 0 -2 3 0 2 -1 0 0 -4 2 0 0 1 -2 0 -5 3 0 0 2 2 0
checker 2 opponent 5 1 0 -4 2 2 4 -3 3 3 -1 0 0 0 0 0 -1 0 0 0 -2 -2 0 -2 0 0 0 1
checker 2 player 4 4 0 0 0 0 2 -1 2 2 0 0 0 1 0 0 0 0 0 1 -2 -4 3 -4 -2 -2 4 0
checker 1 centered 5 4 0 -1 -1 -2 2 -4 2 2 2 1 1 0 -2 2 0 0 0 -2 1 -3 0 2 0 0 0 0
checker 1 centered 6 2 0 0 0 0 -1 0 3 -1 2 -1 0 0 -1 2 0 -1 -2 -2 -2 -2 4 -2 2 1 1 0
cube 1 centered - - 0 -1 -1 -2 2 -3 2 2 2 2 1 -1 -2 1 0 0 1 -2 1 -2 0 -1 0 0 0 1
checker 1 centered 6 5 0 -1 -1 -2 2 -3 2 2 2 2 1 -1 -2 1 0 0 1 -2 1 -2 0 -1 0 0 0 1
checker 1 centered 2 1 0 0 0 0 1 -1 2 -1 2 0 0 0 -1 2 1 -2 -2 -2 -2 -2 3 -2 2 1 1 0
cube 1 centered - - 0 0 -2 -2 2 -3 2 2 2 2 2 -1 -1 1 -1 0 0 -2 1 -2 1 -1 0 0 0 0
checker 1 centered 5 2 0 0 -2 -2 2 -3 2 2 2 2 2 -1 -1 1 -1 0 0 -2 1 -2 1 -1 0 0 0 0
checker 1 centered 3 1 0 0 0 0 1 -1 2 0 2 0 0 1 -1 1 -1 -2 -2 -2 -2 -2 3 -2 2 2 0 1
cube 1 centered - - 0 -1 -2 -2 2 -3 2 2 2 2 2 1 0 1 -1 -1 0 -2 0 -2 1 -1 0 0 0 0
checker 1 centered 6 6 0 -1 -2 -2 2 -3 2 2 2 2 2 1 0 1 -1 -1 0 -2 0 -2 1 -1 0 0 0 0
checker 1 centered 2 2 0 0 0 0 1 0 2 0 2 0 1 0 0 0 -1 -2 -2 -3 -2 -2 3 -2 2 2 -1 2
checker 1 centered 4 3 0 1 -4 -2 2 -3 2 2 3 2 2 1 0 0 0 -1 0 -1 0 -2 0 -2 0 0 0 0
checker 1 centered 6 5 0 0 0 0 2 0 2 0 1 0 1 0 0 0 -1 -2 -2 -2 -2 -2 3 -2 2 4 -2 0
checker 1 centered 6 2 0 2 -4 -2 2 -2 2 2 2 2 2 -1 0 0 0 0 0 -1 0 -2 -1 -2 0 0 0 1
checker 1 centered 6 3 0 0 0 0 2 1 2 0 -1 0 0 0 0 0 1 -2 -2 -2 -2 -2 2 -2 2 4 -2 1
cube 1 centered - - 0 2 -4 -3 2 -2 2 2 2 2 2 0 0 0 0 0 0 -1 0 -2 -1 -2 0 0 0 1
checker 1 centered 5 4 0 2 -4 -3 2 -2 2 2 2 2 2 0 0 0 0 0 0 -1 0 -2 -1 -2 0 0 0 1
cube 1 centered - - 1 2 -4 -3 2 -2 2 2 2 2 2 0 0 0 0 0 1 -1 0 -2 0 -2 0 0 0 0
checker 1 centered 5 1 1 2 -4 -3 2 -2 2 2 2 2 2 0 0 0 0 0 1 -1 0 -2 0 -2 0 0 0 0
checker 1 centered 6 3 0 0 0 0 2 0 2 0 1 0 0 0 0 0 -1 -1 -3 -2 -2 -2 2 -2 3 4 -2 1
cube 1 centered - - 0 2 -4 -4 2 -2 2 2 2 3 1 1 0 0 0 0 0 0 0 -2 0 -2 0 -1 0 0
checker 1 centered 5 3 0 2 -4 -4 2 -2 2 2 2 3 1 1 0 0 0 0 0 0 0 -2 0 -2 0 -1 0 0
checker 1 centered 2 1 0 0 1 0 2 0 2 0 0 0 0 0 0 0 0 -1 -2 -2 -2 -4 2 -2 4 4 -2 0
cube 1 centered - - 0 2 -3 -4 2 -3 4 2 2 2 1 0 0 0 0 0 0 0 0 -2 0 -2 0 -1 0 0
checker 1 centered 4 1 0 2 -3 -4 2 -3 4 2 2 2 1 0 0 0 0 0 0 0 0 -2 0 -2 0 -1 0 0
checker 1 centered 4 2 0 0 1 0 2 0 2 0 0 0 0 0 0 0 0 -1 -2 0 -3 -4 3 -3 4 3 -2 0
cube 1 centered - - 0 2 -3 -3 3 -4 4 3 0 2 1 0 0 0 0 0 0 0 0 -1 0 -2 0 -2 0 0
checker 2 opponent 5 4 0 2 -3 -3 3 -4 4 3 0 2 1 0 0 0 0 0 0 0 0 -1 0 -2 0 -2 0 0
checker 2 player 5 3 0 0 2 0 2 0 1 0 0 0 0 0 0 0 0 0 -1 0 -3 -5 4 -4 3 3 -2 0
checker 2 opponent 4 3 0 2 -3 -3 4 -3 5 3 0 1 0 0 0 -1 0 0 0 0 0 -1 0 -2 0 -2 0 0
checker 2 player 6 1 0 0 2 0 2 0 1 0 0 0 0 0 1 0 0 0 0 0 -3 -6 3 -4 3 3 -2 0
checker 2 opponent 3 1 0 2 -3 -3 4 -2 6 3 0 0 0 0 -1 -1 0 0 0 0 0 -1 0 -2 0 -2 0 0
checker 2 player 5 2 0 0 2 0 2 0 1 0 0 0 0 0 1 1 0 0 0 0 -1 -7 2 -5 3 3 -2 0
checker 2 player 6 3 0 0 2 0 2 0 1 0 0 -1 0 0 1 1 0 0 0 0 1 -7 3 -5 2 2 -2 0
checker 2 opponent 3 2 0 2 -2 -2 5 -2 7 -1 -1 0 0 0 -1 0 0 0 1 0 0 -2 0 -2 0 -2 0 0
checker 2 player 4 1 0 0 2 0 2 0 2 0 0 -1 0 0 0 1 0 0 0 1 1 -6 2 -5 2 2 -3 0
checker 2 player 3 1 0 0 2 0 2 0 2 0 0 -1 0 0 0 0 0 0 1 0 1 -6 2 -5 2 2 -3 1
checker 2 player 6 5 0 0 2 0 2 0 2 0 0 0 0 0 0 0 0 -1 1 1 0 -5 2 -5 3 2 -4 0
checker 1 centered 6 2 0 0 0 0 1 0 3 0 0 0 -1 0 -2 2 0 -1 0 -2 0 -6 3 -2 3 -1 2 1
checker 1 centered 6 3 0 -2 -1 -2 2 -3 6 0 2 -1 1 0 -2 2 0 1 0 0 0 -3 0 -1 0 0 0 1
checker 1 centered 4 2 0 0 0 -1 1 0 3 0 0 0 -1 0 -2 2 0 -1 1 -1 0 -6 3 -2 2 -1 2 1
checker 1 centered 6 1 0 -2 -1 -2 2 -2 6 0 1 -2 1 0 -2 2 0 1 0 0 0 -3 0 -1 1 0 0 1
checker 1 centered 4 4 1 -2 1 -2 2 -2 6 0 0 -2 1 0 -2 2 0 1 0 0 0 -3 0 -1 1 0 1 0
checker 1 centered 2 1 1 -2 2 -2 2 -2 5 1 0 -2 1 0 -2 2 0 0 0 0 0 -3 1 -1 1 0 0 0
checker 1 centered 6 1 0 -2 2 -3 2 -3 5 1 0 -2 1 1 -2 1 0 0 0 0 0 -3 1 1 0 0 0 0
checker 1 centered 6 2 0 0 0 0 -1 -1 3 0 0 0 0 0 0 2 0 -2 2 0 -2 -5 3 -2 3 -2 2 0
checker 1 centered 3 1 0 -2 2 -3 2 -2 5 2 0 -1 2 -2 -2 0 0 0 0 0 0 -3 1 1 0 0 0 0
checker 1 centered 5 3 0 0 0 0 -1 -1 3 0 0 0 0 0 0 2 2 -1 0 0 -2 -6 2 -2 3 -2 2 1
checker 1 centered 4 1 0 -2 2 -3 2 -2 6 2 -1 0 1 -2 -2 0 0 0 0 0 0 -3 1 1 0 0 0 0
checker 1 centered 6 5 0 0 0 0 0 -2 3 0 0 0 0 0 0 2 2 0 0 1 -2 -7 2 -2 3 -2 2 0
checker 1 centered 4 4 0 -2 2 -2 2 -2 7 2 0 -1 0 -2 -2 -1 0 0 0 0 0 -3 2 0 0 0 0 0
checker 1 centered 6 3 0 0 0 0 0 0 3 0 0 -2 0 0 1 2 2 0 1 0 -2 -5 2 -2 2 -4 2 0
checker 1 centered 6 4 0 -2 4 -2 2 -2 5 2 0 0 0 -2 -3 0 0 0 2 0 0 -4 0 0 0 0 0 0
checker 1 centered 4 3 0 0 0 0 0 0 4 0 0 -1 0 0 0 3 2 0 0 0 -2 -6 2 -2 2 -4 2 0
checker 1 centered 5 3 1 0 0 0 0 0 4 0 0 1 0 1 0 2 1 0 0 0 -2 -6 2 -2 2 -4 2 0
checker 1 centered 5 5 0 -2 4 -2 2 -2 6 2 0 0 0 0 -2 0 0 0 -2 -1 0 -4 0 0 0 0 0 1
checker 1 centered 5 4 0 0 0 0 0 0 4 0 1 2 -1 0 0 2 0 0 0 0 0 -6 2 -2 2 -6 2 0
checker 1 centered 4 4 0 -2 6 -2 2 -2 6 0 0 0 0 0 -2 0 0 1 -1 0 0 -4 0 -2 0 0 0 0
checker 1 centered 5 4 0 0 0 0 2 0 4 0 0 1 0 0 0 2 0 0 0 0 -1 -4 2 -2 2 -8 2 0
checker 2 player 4 3 1 3 2 -1 2 -1 0 0 0 1 0 0 0 0 0 -2 -2 -2 -2 -3 2 2 3 -1 0 0
checker 2 player 4 4 0 -1 0 0 0 0 3 -1 2 0 0 0 -4 2 0 0 0 0 -1 -5 -2 -1 0 3 2 3
checker 2 player 6 5 1 -1 0 0 0 0 3 -1 2 0 0 0 -4 2 0 0 0 1 -1 -5 -2 2 0 3 2 0
checker 2 player 5 1 2 -1 0 0 -1 0 3 1 2 0 0 0 -4 1 0 0 0 1 1 -5 -2 2 0 2 2 0
checker 2 player 5 5 0 -2 0 0 -1 -1 3 2 2 0 0 0 -4 0 0 0 0 1 1 -5 -2 2 0 2 2 0
checker 1 centered 2 1 0 0 2 2 2 1 2 0 0 0 0 0 0 0 0 0 0 0 -4 -5 2 2 -5 -1 2 0
cube 1 centered - - 0 1 -1 4 -3 -3 5 4 0 0 0 0 0 0 0 0 0 0 0 -2 1 -2 -2 -2 0 0
checker 2 opponent 5 5 0 1 -1 4 -3 -3 5 4 0 0 0 0 0 0 0 0 0 0 0 -2 1 -2 -2 -2 0 0
checker 2 player 6 4 0 0 2 2 2 0 2 0 0 0 0 0 0 0 0 0 0 0 -2 -4 3 3 -5 -2 -2 1
checker 1 centered 6 1 0 2 -2 2 -2 -2 3 2 5 -1 0 0 0 0 0 0 0 0 1 -2 -2 -2 -2 0 0 0
checker 1 centered 6 1 0 0 0 2 2 2 2 0 0 0 0 0 0 -1 0 0 1 -4 -3 -3 2 2 -2 2 -2 0
checker 2 player 3 1 0 0 0 0 -1 0 2 1 2 0 0 0 -1 -1 0 -1 -2 -2 3 -4 -3 2 3 2 0 0
checker 2 opponent 3 1 0 0 -2 -2 -2 3 4 -4 2 2 1 0 1 1 0 0 0 -2 -1 -2 0 1 0 0 0 0
checker 2 player 6 1 0 0 0 0 -1 0 2 1 2 0 0 0 0 0 -1 -2 -2 -2 4 -4 -3 2 2 2 0 0
checker 2 opponent 5 2 0 0 -2 -2 -2 3 4 -3 2 2 2 1 0 -1 0 0 0 -2 0 -3 0 1 0 0 0 0
checker 2 player 4 3 0 0 0 0 -1 0 3 0 2 0 0 0 1 0 -1 -2 -2 -1 3 -4 -3 2 2 2 -1 0
checker 2 opponent 5 3 0 1 -2 -2 -2 3 4 -2 1 2 2 0 0 -1 -1 0 0 -2 0 -3 0 1 0 0 0 1
checker 2 player 4 3 0 0 0 -1 0 0 3 0 2 -1 0 1 1 0 0 -2 -2 -1 2 -4 -3 2 2 2 -1 0
checker 2 opponent 6 1 0 1 -2 -2 -2 3 4 -2 1 2 2 0 0 0 -1 0 0 -2 0 -3 -1 0 1 0 0 1
checker 2 player 4 2 0 0 0 -1 0 1 3 -1 2 0 0 1 0 0 0 -2 -2 -1 2 -4 -3 2 2 2 -1 0
checker 2 opponent 4 4 0 1 -2 -2 -2 3 4 -2 1 2 2 0 0 0 0 0 0 -2 0 -3 -2 0 1 0 0 1
checker 2 player 4 1 0 0 0 0 -1 2 3 0 2 0 0 0 0 0 0 -3 -2 -1 2 -4 -3 2 2 2 -1 0
checker 2 opponent 4 3 0 1 -2 -2 -2 3 4 -1 1 2 3 0 -1 0 0 0 0 -2 0 -3 -2 1 0 0 0 0
checker 2 player 4 3 0 0 0 0 0 2 3 0 2 0 0 -1 0 1 0 -3 -2 -1 1 -4 -3 2 2 2 -1 0
checker 2 opponent 4 2 0 1 -2 -2 -2 3 4 -1 1 2 3 0 0 0 1 -1 0 -1 0 -3 -2 -1 0 0 0 0
checker 2 player 4 1 0 0 0 0 1 2 3 0 1 0 1 0 0 0 0 -4 -2 0 1 -5 -3 2 2 2 -1 0
checker 2 opponent 1 1 0 1 -2 -2 -2 3 5 0 0 2 4 0 -1 0 0 -1 0 -1 0 -3 -2 -1 0 0 0 0
checker 2 player 3 1 0 0 0 0 1 2 3 0 1 0 1 0 0 1 0 0 -6 0 0 -5 -3 2 2 2 -1 0
checker 2 player 5 2 0 0 0 1 2 1 2 0 1 0 1 0 0 1 0 0 -6 0 0 -4 -3 2 2 2 -2 0
cube 2 player - - 0 0 0 2 2 1 2 0 0 0 1 1 0 0 0 0 -6 0 0 0 -3 2 2 2 -6 0
checker 1 centered 4 4 1 0 -2 -2 -2 2 5 3 1 0 0 0 -2 2 0 0 0 -2 2 -3 -1 0 0 0 0 0
checker 1 centered 1 1 0 0 0 0 0 1 3 -1 2 0 0 0 0 2 0 -1 -2 -1 -3 -5 -2 2 2 2 0 1
cube 1 centered - - 0 0 0 0 0 2 2 -1 2 0 0 0 0 2 0 -1 -2 -1 0 -5 -2 2 3 2 -3 0
checker 1 centered 3 1 0 0 0 0 0 2 2 -1 2 0 0 0 0 2 0 -1 -2 -1 0 -5 -2 2 3 2 -3 0
cube 1 centered - - 0 0 0 0 0 2 2 -1 2 0 0 0 0 2 0 -1 -2 0 0 -5 -2 2 2 2 -4 1
checker 1 centered 5 2 0 0 0 0 0 2 2 -1 2 0 0 0 0 2 0 -1 -2 0 0 -5 -2 2 2 2 -4 1
cube 1 centered - - 0 0 0 0 0 2 2 0 2 0 0 0 0 2 0 -1 -2 0 -1 -5 -2 2 2 2 -4 1
checker 1 centered 5 1 1 4 -2 -2 -2 2 5 1 0 2 1 0 -2 0 0 0 0 -2 0 -2 -2 0 0 0 0 0
checker 1 centered 6 2 0 0 0 0 0 2 2 0 2 0 0 0 0 2 0 0 -2 0 0 -6 -3 2 2 2 -4 1
checker 1 centered 6 4 0 4 -2 -2 -2 3 6 0 -1 2 0 0 -2 0 0 0 0 -2 0 -2 -2 0 0 0 0 0
cube 1 centered - - 0 0 0 0 0 2 2 0 2 0 0 0 0 2 0 0 -1 1 0 -6 -4 2 2 2 -4 0
checker 1 centered 2 1 0 0 0 0 0 2 2 0 2 0 0 0 0 2 0 0 -1 1 0 -6 -4 2 2 2 -4 0
checker 1 centered 3 1 0 4 -2 -2 -2 4 6 0 0 0 0 -1 -2 0 0 0 0 -2 0 -2 -2 0 0 0 0 1
cube 1 centered - - 0 0 0 0 -1 2 2 0 2 0 0 0 0 2 1 0 0 0 0 -6 -4 2 2 2 -4 0
checker 1 centered 6 1 0 0 0 0 -1 2 2 0 2 0 0 0 0 2 1 0 0 0 0 -6 -4 2 2 2 -4 0
checker 1 centered 6 5 0 -1 -4 2 2 -2 2 0 2 0 0 0 -3 3 1 0 0 1 -2 -3 0 0 0 0 2 0
checker 1 centered 5 4 0 -2 0 0 0 0 3 2 0 0 0 0 -3 3 -1 0 -1 -2 0 -2 2 -2 -2 4 1 0
checker 2 player 3 2 0 0 0 0 0 0 4 -1 2 -1 0 0 -2 2 0 0 -1 -2 -2 -2 2 -2 -2 3 1 1
checker 2 opponent 4 2 0 -1 -3 2 2 -3 2 2 2 1 0 0 -2 2 0 0 1 -2 1 -4 0 0 0 0 0 0
checker 2 player 6 2 0 0 0 0 0 0 4 -1 2 0 0 -1 -1 2 0 0 -2 -2 -2 -2 3 -2 -2 3 1 0
checker 2 player 2 1 0 -1 1 0 -1 0 5 0 2 0 -1 0 0 0 0 0 0 -2 -2 -3 4 -2 -2 2 -1 1
checker 2 player 5 2 1 -1 1 -1 1 0 4 0 2 0 -1 0 0 0 0 0 0 -2 -2 -3 4 -2 -2 2 1 0
checker 1 centered 5 4 0 0 1 -2 -2 -2 3 3 2 1 -2 3 0 0 -2 -1 1 1 -1 -1 0 0 -1 -1 0 0
checker 1 centered 4 1 0 0 1 1 0 0 1 1 0 -1 1 2 0 0 -3 2 -1 -3 -3 -3 2 2 2 -1 0 0
checker 1 centered 6 5 0 0 1 -2 -2 -2 3 3 3 1 -2 3 0 0 -2 0 1 0 -1 -2 0 0 0 -2 0 0
checker 1 centered 1 1 0 0 2 0 0 0 2 1 0 -1 0 2 0 0 -2 2 -1 -2 -3 -4 2 2 2 -2 0 0
checker 1 centered 4 2 0 0 2 -2 -2 -2 4 3 2 1 -2 2 0 0 0 -2 1 0 0 -2 -1 0 0 -2 0 0
checker 1 centered 2 1 0 0 2 0 0 1 2 0 0 0 2 0 0 -1 -2 2 0 -2 -4 -4 2 2 2 -2 0 0
checker 1 centered 6 5 0 0 2 -2 -2 -2 4 4 2 0 -2 2 1 0 0 -1 0 0 -1 -2 -1 0 0 -2 0 0
checker 1 centered 6 2 0 0 2 0 0 1 2 1 0 0 1 0 0 0 -1 2 0 -2 -4 -6 2 2 2 -2 0 0
checker 1 centered 2 1 0 0 0 1 0 2 3 0 0 0 -1 0 -2 1 -1 -1 0 -4 1 -3 2 -3 2 2 0 1
checker 1 centered 5 4 0 -1 -2 -2 3 -2 3 0 4 -1 1 1 -1 2 0 1 0 0 0 -3 -2 0 -1 0 0 0
checker 1 centered 2 1 1 1 -2 -2 3 -3 2 0 4 1 1 1 -1 1 0 1 0 0 0 -3 -2 0 -1 0 0 0
checker 1 centered 4 1 2 1 -2 -2 3 -3 2 0 4 1 2 1 0 0 0 1 0 0 0 -3 -2 0 -1 0 0 0
checker 1 centered 4 1 1 1 -2 -3 3 -3 2 2 3 1 2 0 0 0 0 1 0 0 0 -3 -2 0 -1 0 0 0
checker 1 centered 5 1 0 0 0 1 0 2 3 0 0 0 0 0 0 0 -1 -1 -2 -3 -2 -2 3 -3 3 2 -1 1
checker 1 centered 3 2 0 1 -2 -3 3 -4 2 2 3 2 1 1 0 0 0 0 0 0 0 -2 -3 0 -1 0 0 0
checker 1 centered 5 3 0 0 0 1 0 3 2 0 0 0 0 0 0 0 -1 -1 -2 -2 -2 -3 4 -2 3 2 -2 0
checker 1 centered 3 2 0 2 -2 -3 2 -3 3 2 2 2 0 1 0 -1 0 0 0 0 0 -2 -3 0 -1 0 0 1
checker 1 centered 4 1 0 0 -1 1 0 3 2 0 0 0 0 0 1 0 0 0 -2 -3 -2 -3 3 -2 3 2 -2 0
checker 1 centered 2 1 0 2 -2 -3 2 -3 3 2 3 2 0 0 0 0 0 0 0 0 -1 -2 -3 0 -1 1 0 0
checker 1 centered 5 2 0 0 0 1 -1 3 2 1 0 0 0 0 0 0 0 0 -2 -2 -3 -3 3 -2 3 2 -2 0
checker 1 centered 1 1 0 2 -2 -2 2 -3 3 3 2 2 -1 0 0 0 0 0 0 0 -1 -2 -3 1 -1 0 0 0
checker 1 centered 2 1 0 0 0 1 -1 3 2 1 0 0 0 0 0 0 0 1 -2 0 -3 -5 3 -2 2 2 -2 0
checker 1 centered 5 1 0 2 -2 -2 2 -3 5 3 0 2 0 -1 0 0 0 0 0 0 -1 -2 -2 1 -2 0 0 0
checker 1 centered 5 4 0 0 0 2 0 2 2 1 0 0 -1 0 0 0 1 0 -2 0 -3 -5 3 -2 2 2 -2 0
checker 1 centered 6 6 1 0 0 2 0 2 2 1 0 0 1 0 0 0 0 1 -2 0 -3 -5 2 -2 2 2 -2 0
checker 1 centered 4 3 1 -4 2 -3 3 -3 4 2 0 0 0 0 0 0 0 -1 -3 0 1 0 1 0 0 0 2 0
cube 1 centered - - 2 -4 2 -3 3 -3 4 2 0 0 0 0 0 0 0 1 -3 0 0 0 2 0 0 0 1 0
checker 1 centered 2 2 2 -4 2 -3 3 -3 4 2 0 0 0 0 0 0 0 1 -3 0 0 0 2 0 0 0 1 0
cube 1 centered - - 1 -4 2 -4 3 -3 4 2 0 0 0 1 0 0 0 0 -3 0 1 0 1 0 1 0 0 0
checker 1 centered 6 6 1 -4 2 -4 3 -3 4 2 0 0 0 1 0 0 0 0 -3 0 1 0 1 0 1 0 0 0
checker 1 centered 2 1 0 0 0 -1 0 0 0 0 0 3 0 0 0 -1 -1 0 0 0 -2 -4 3 -3 4 -3 4 1
cube 1 centered - - 0 -4 3 -5 3 -3 4 2 0 0 0 1 1 0 0 0 -3 0 0 0 0 0 1 0 0 0
checker 1 centered 4 1 0 -4 3 -5 3 -3 4 2 0 0 0 1 1 0 0 0 -3 0 0 0 0 0 1 0 0 0
checker 1 centered 2 2 0 0 0 0 0 0 0 -1 0 3 0 0 0 0 -2 0 0 0 -2 -4 3 -3 5 -3 4 0
cube 1 centered - - 0 -2 3 -7 3 -3 4 2 0 0 0 2 0 0 0 0 -2 0 0 0 -1 0 0 0 0 1
checker 1 centered 6 2 0 -2 3 -7 3 -3 4 2 0 0 0 2 0 0 0 0 -2 0 0 0 -1 0 0 0 0 1
checker 1 centered 6 3 0 0 0 0 0 1 0 0 -1 2 0 0 0 0 -2 0 0 0 -2 -4 3 -3 7 -3 2 0
cube 1 centered - - 0 -2 3 -7 3 -2 4 2 0 0 0 2 0 0 -1 0 -2 1 0 0 -1 0 0 0 0 0
checker 1 centered 3 1 0 -2 3 -7 3 -2 4 2 0 0 0 2 0 0 -1 0 -2 1 0 0 -1 0 0 0 0 0
checker 1 centered 3 1 0 0 0 0 0 1 0 0 0 2 0 -1 0 0 -2 0 0 0 -1 -5 2 -3 7 -3 2 1
cube 1 centered - - 0 -3 3 -7 3 -2 5 1 0 0 0 2 0 0 1 0 -1 0 0 -1 -1 0 0 0 0 0
checker 2 opponent 4 2 0 -3 3 -7 3 -2 5 1 0 0 0 2 0 0 1 0 -1 0 0 -1 -1 0 0 0 0 0
checker 2 player 4 2 0 0 0 0 0 1 1 0 0 1 0 -1 0 0 -1 0 0 0 -2 -4 2 -4 7 -3 3 0
checker 2 opponent 5 2 0 -3 3 -6 4 -3 4 2 0 0 0 1 0 0 1 0 0 0 0 -1 -2 0 0 0 0 0
checker 2 player 5 1 0 0 0 0 0 2 1 0 0 0 0 0 0 -1 0 0 0 0 -2 -5 3 -4 6 -3 3 0
checker 2 opponent 4 2 0 -3 3 -5 4 -3 5 2 0 -1 0 0 1 0 0 0 0 0 0 -1 -2 0 0 0 0 0
checker 2 player 6 5 0 0 0 0 0 2 1 0 0 0 0 0 0 0 0 0 1 0 -2 -6 3 -4 5 -3 3 0
checker 2 opponent 2 2 0 -3 3 -4 4 -2 6 2 0 -2 -1 0 0 0 0 0 0 0 0 -1 -2 0 0 0 0 0
checker 2 player 3 2 0 0 0 0 0 2 1 0 0 0 0 0 0 0 0 1 2 0 -2 -3 2 -6 4 -4 3 0
checker 2 player 5 2 0 0 0 0 0 2 1 0 0 0 0 0 0 0 0 1 2 1 0 -4 2 -7 3 -4 3 0
cube 1 centered - - 0 -4 -2 -2 0 3 3 2 -1 2 0 0 0 2 1 0 0 0 0 -2 -2 2 -2 0 0 0
checker 1 centered 6 3 0 0 0 0 2 3 2 1 0 0 0 1 -2 0 -3 0 0 0 -2 -4 2 -2 2 -2 2 0
cube 1 centered - - 0 -3 -5 4 4 4 2 0 0 0 0 0 0 0 0 0 1 0 0 0 0 0 0 -2 -5 0
cube 1 centered - - 0 -3 -5 4 4 4 2 0 1 0 0 0 0 0 0 0 0 0 0 0 0 0 0 -2 -5 0
cube 1 centered - - 0 -3 -4 4 4 4 2 0 0 0 0 -1 0 0 0 0 0 0 0 0 0 0 0 -2 -5 1
checker 1 centered 6 1 0 0 0 2 0 3 2 0 0 0 0 0 -2 0 -1 -1 2 -2 -2 -4 -3 2 2 2 0 0
cube 1 centered - - 0 0 -2 -2 -2 3 4 2 2 -1 1 1 0 2 0 -1 0 0 0 -2 -2 -1 -2 0 0 0
checker 1 centered 4 1 0 0 -2 -2 -2 3 4 2 2 -1 1 1 0 2 0 -1 0 0 0 -2 -2 -1 -2 0 0 0
cube 1 centered - - 0 0 -2 -3 -2 3 4 2 2 2 0 1 0 1 0 0 0 0 0 -2 -1 -2 -2 -1 0 0
checker 2 player 5 3 0 -1 0 0 -2 0 3 -2 2 0 0 0 -1 2 0 0 0 -1 -2 -4 2 -2 3 1 2 0
checker 2 opponent 4 2 0 -2 0 -2 2 -3 4 2 -1 0 0 0 -2 1 0 0 0 -2 2 -3 0 2 0 0 1 1
checker 2 player 1 1 0 0 0 -1 -3 0 3 -2 2 0 0 0 -1 2 0 0 0 1 -2 -4 3 -2 2 0 2 0
checker 2 opponent 6 5 0 0 -2 -2 2 -3 4 2 -1 0 0 0 -1 -1 0 0 0 -2 2 -2 -1 3 1 0 0 1
checker 2 player 5 5 0 0 0 -1 -2 -1 2 -2 2 0 -1 0 1 1 0 0 0 1 -2 -4 3 -2 2 2 0 1
checker 2 player 4 1 1 0 0 -1 -2 -1 2 -2 2 0 0 0 1 1 0 0 0 1 -2 -4 3 -2 2 2 0 1
checker 2 opponent 6 3 0 -1 -2 -2 2 -3 4 2 0 0 0 0 -2 -1 0 0 0 -2 2 -2 1 2 1 0 0 1
checker 2 player 6 4 0 0 0 -2 -1 -1 2 -2 2 0 -1 0 1 2 0 0 0 0 -2 -4 3 -2 2 2 1 0
checker 2 opponent 3 3 0 -1 -2 -2 2 -2 4 2 0 0 0 0 -2 -1 0 -1 0 -2 2 -2 1 1 2 0 0 1
checker 2 player 6 2 0 0 0 -3 0 -1 2 -1 2 0 -2 0 1 2 0 0 0 0 -2 -4 2 -2 2 2 1 1
checker 2 opponent 3 1 0 -1 -2 -2 2 -2 4 2 -1 0 0 0 -2 -1 0 2 0 -2 1 -2 1 0 3 0 0 0
checker 2 player 4 3 0 0 0 -2 0 -1 2 -2 2 0 -2 0 1 2 0 0 0 1 -2 -4 2 -2 2 2 1 0
checker 2 opponent 4 3 0 -1 -2 -2 2 -2 4 2 -1 0 0 0 -2 0 0 2 0 -2 2 -2 -1 0 2 0 0 1
checker 2 player 5 2 0 0 0 -2 0 1 2 -3 2 0 -2 0 0 2 0 0 0 1 -2 -4 2 -2 2 2 1 0
checker 2 opponent 6 5 0 0 -2 -2 2 -2 4 2 -2 0 0 0 -2 0 0 2 0 -2 3 -2 -1 0 2 0 0 0
checker 2 player 5 4 0 0 0 -1 0 1 2 -3 2 0 -2 0 0 2 -1 0 0 2 -2 -4 2 -2 2 2 0 0
checker 2 opponent 3 2 0 0 -2 -2 2 -2 4 2 0 0 0 1 -3 -1 0 2 0 -2 3 -2 -1 0 1 0 0 0
checker 2 player 4 3 0 0 0 -1 0 1 2 -2 2 0 -2 0 -1 3 -1 0 0 0 -2 -4 2 -2 2 2 0 1
checker 2 opponent 5 3 0 0 -2 -3 2 -2 4 2 0 0 0 1 -3 1 0 2 0 -1 2 -2 -1 -1 1 0 0 0
checker 2 player 6 3 0 0 0 -1 1 1 2 -2 1 0 -2 0 0 3 0 0 0 -2 -2 -4 2 -2 3 2 0 0
checker 2 opponent 5 3 0 0 -2 -2 2 -2 4 2 2 0 0 0 -4 0 0 2 0 -1 2 -2 -1 -1 1 0 0 0
checker 2 player 4 4 0 0 0 -1 1 1 2 0 1 0 -3 0 -1 4 0 0 0 -2 -2 -4 2 -2 2 2 0 0
checker 2 opponent 4 3 0 0 -2 -2 2 -2 4 2 2 0 0 0 -2 1 0 3 -1 0 0 -2 -2 -2 1 0 0 0
checker 2 player 4 2 0 0 0 0 2 2 2 0 0 1 -4 0 -1 2 0 0 0 -2 -2 -4 2 -2 2 2 0 0
checker 2 player 2 2 0 -1 0 0 2 2 2 0 0 0 -2 0 0 2 0 0 -2 -2 -1 -3 -2 -2 4 2 0 1
checker 2 opponent 5 3 0 0 -3 -4 2 2 3 1 2 2 0 0 0 0 -1 2 -1 0 0 -2 -2 -2 0 0 1 0
checker 2 player 6 1 0 -1 0 0 2 2 2 0 0 1 -1 1 0 0 0 0 -2 -2 -2 -3 -2 -2 4 3 0 0
checker 2 opponent 6 2 0 0 -3 -4 2 2 3 2 2 2 0 0 0 0 0 1 -1 0 0 -2 -3 -1 -1 0 1 0
checker 2 opponent 3 1 1 0 -3 -4 2 2 3 2 2 2 0 0 0 0 0 1 1 0 0 -2 -3 -1 -1 0 0 0
checker 2 player 2 1 0 0 0 1 1 3 2 0 0 -1 0 0 0 -1 0 0 -2 -2 -2 -2 -3 -2 4 3 0 1
checker 2 opponent 6 1 0 -1 -3 -4 2 3 2 2 2 2 0 0 1 0 0 0 1 0 0 -1 -3 -2 -1 0 0 0
checker 2 player 2 2 0 0 0 1 2 3 1 0 0 -1 0 0 0 0 0 0 -2 -2 -2 -3 -2 -3 4 3 1 0
checker 2 opponent 1 1 0 0 -3 -5 3 2 3 2 2 2 0 0 0 0 0 0 1 0 0 0 -2 -2 -2 -1 0 0
checker 2 player 1 1 0 0 1 2 2 2 0 0 0 0 0 0 0 -1 0 0 -2 -2 -2 -3 -2 -3 5 3 0 0
checker 2 opponent 6 4 0 0 -3 -5 3 2 3 2 2 2 0 0 1 0 0 0 0 0 0 0 0 -3 -2 -2 0 0
checker 2 player 5 4 0 0 2 2 3 0 0 0 0 0 0 0 0 0 0 0 -2 -3 -1 -3 -2 -3 5 3 -1 0
checker 2 player 4 2 0 0 2 3 2 0 0 0 0 0 0 0 0 0 0 -1 -2 -3 1 -3 -2 -3 4 2 -1 1
checker 2 player 5 3 0 0 2 3 2 0 0 0 0 0 0 0 0 0 1 0 -1 -3 0 -3 -2 -4 3 3 -2 1
checker 2 opponent 2 2 0 2 -3 -4 4 2 3 0 3 1 0 0 0 0 0 0 -1 0 0 0 0 -2 -3 -2 0 0
checker 2 player 5 1 0 0 2 3 2 0 0 0 0 1 0 0 0 0 0 0 0 -2 0 -3 -3 -5 4 3 -2 0
checker 2 player 6 1 0 0 3 2 2 0 0 0 0 1 0 0 0 0 0 0 0 0 0 0 -2 -8 4 2 -4 1
checker 2 opponent 2 1 1 -3 -2 -2 3 2 2 2 2 1 1 0 -2 1 0 0 0 -1 -1 -3 0 0 1 0 0 0
checker 2 player 4 3 0 0 0 -1 0 0 3 1 1 0 0 0 0 2 -1 0 -2 -2 -2 -2 -2 -3 2 2 3 1
checker 2 opponent 5 1 0 -3 -2 -3 3 2 2 2 2 2 0 1 -1 0 0 0 -1 -1 -1 -3 0 0 1 0 0 0
checker 2 player 4 2 0 0 0 0 -1 0 3 1 1 1 0 0 0 1 0 0 -2 -2 -2 -3 -2 -3 3 2 3 0
checker 2 opponent 4 3 0 -2 -2 -4 3 2 3 2 2 2 0 0 0 0 0 0 -2 -1 -1 -3 0 1 0 0 0 0
checker 2 player 3 2 0 0 0 0 0 0 3 1 0 2 0 -1 0 0 0 0 -2 -2 -2 -3 -2 -3 4 2 2 1
checker 2 opponent 6 3 0 -2 -3 -4 3 2 3 2 2 2 0 0 0 0 1 0 -2 0 0 -3 0 -1 0 0 0 0
checker 2 player 5 4 0 0 0 0 1 0 3 0 0 2 0 0 0 0 0 0 -2 -2 -2 -3 -3 -3 4 3 2 0
checker 2 opponent 4 1 0 -2 -3 -4 3 3 3 2 2 2 0 0 0 0 0 0 0 0 0 -3 -1 -2 0 0 0 0
checker 2 player 5 3 0 0 0 0 2 1 3 0 0 0 0 0 0 0 0 0 -1 -2 -2 -2 -5 -3 4 3 2 0
checker 2 opponent 5 3 0 -2 -3 -4 3 5 2 2 2 1 0 0 0 0 0 0 0 0 0 -1 -1 -2 -1 0 -1 0
checker 2 player 6 2 0 1 0 1 2 1 1 0 0 0 0 0 0 0 0 0 0 -1 -2 -2 -6 -4 4 3 2 0
checker 2 player 6 4 0 1 0 1 2 1 1 0 0 0 0 0 0 0 1 0 0 -1 -2 -2 -6 -4 3 3 2 0
checker 2 player 3 3 0 1 0 1 2 1 1 0 0 0 0 0 1 0 1 0 0 0 0 -2 -7 -6 2 3 2 0
checker 2 player 5 2 0 1 0 2 2 2 0 0 0 0 0 0 1 0 0 0 0 0 0 -1 -6 -7 2 3 2 0
checker 2 player 6 5 0 1 0 2 2 2 0 0 0 0 0 0 1 0 0 0 1 0 0 0 -6 -7 2 2 2 0
checker 2 player 5 1 0 1 0 2 2 2 1 0 0 0 0 1 0 0 0 0 0 0 0 0 -4 -8 2 2 2 0
checker 1 centered 5 2 0 -2 0 -2 -2 2 3 0 3 -1 0 0 -2 5 0 0 0 -2 -1 -3 2 0 0 0 0 0
checker 1 centered 6 5 0 0 0 0 0 -2 3 1 2 0 0 0 -3 2 -1 0 1 -4 0 -3 -2 2 2 0 2 0
checker 2 player 1 1 0 0 0 -1 0 -1 3 -1 2 0 0 0 -2 3 0 0 -2 -3 -1 -2 -2 2 2 0 1 2
checker 2 player 3 2 0 0 0 -2 -1 1 2 1 1 0 0 0 -2 3 0 0 -2 -3 -1 -2 -2 2 2 0 3 0
checker 2 player 2 2 0 -1 0 -2 -1 2 2 0 1 0 0 0 -1 3 0 0 -2 -3 -1 -2 -2 1 2 0 3 1
checker 2 player 4 1 1 -1 0 -2 1 2 2 0 0 0 0 0 -1 3 0 0 -2 -3 -1 -2 -2 2 2 0 3 0
checker 1 centered 6 3 0 0 0 2 1 2 2 0 0 0 0 1 0 0 0 0 0 0 -3 -6 -3 -3 3 2 2 0
cube 1 centered - - 0 -2 -2 -2 3 3 6 3 0 -1 0 0 0 0 0 0 0 -1 0 -2 -2 -1 -2 0 0 0
checker 1 centered 3 2 0 0 0 2 1 2 2 0 1 0 0 0 0 0 0 0 1 0 -2 -6 -3 -4 2 2 2 0
cube 1 centered - - 0 -2 -2 -2 4 3 6 2 0 0 0 0 0 0 -1 0 0 -1 0 -2 -2 -1 -2 0 0 0
checker 1 centered 4 1 0 -2 -2 -2 4 3 6 2 0 0 0 0 0 0 -1 0 0 -1 0 -2 -2 -1 -2 0 0 0
checker 1 centered 2 1 0 0 0 2 1 2 2 0 1 0 0 1 0 0 0 0 0 0 -2 -5 -4 -4 2 2 2 0
cube 1 centered - - 0 -2 -2 -2 4 4 5 2 0 0 0 0 0 0 0 -1 0 -1 0 -1 -2 -2 -2 0 0 0
checker 1 centered 4 2 0 -2 -2 -2 4 4 5 2 0 0 0 0 0 0 0 -1 0 -1 0 -1 -2 -2 -2 0 0 0
checker 1 centered 5 4 0 0 0 2 2 2 1 0 1 0 1 0 0 0 0 0 0 0 -2 -4 -4 -5 2 2 2 0
checker 1 centered 5 3 0 2 0 2 2 2 0 0 0 0 0 0 0 0 0 1 0 0 -3 -2 -4 2 2 -6 2 0
checker 1 centered 5 1 0 -2 6 -2 -2 4 2 3 0 0 0 0 0 0 0 0 0 0 -1 0 -2 -2 -2 0 -2 0
checker 1 centered 5 4 0 2 0 2 2 2 0 1 0 0 0 0 0 0 0 0 0 0 -1 -3 -4 2 2 -7 2 0
checker 1 centered 2 2 0 2 2 2 0 0 0 0 0 0 0 0 1 0 -1 0 0 0 1 -3 -5 -6 2 2 2 1
cube 1 centered - - 0 -2 -3 -2 6 5 3 0 0 0 0 -1 0 0 0 -1 0 0 0 0 0 0 -2 -2 -2 1
checker 2 player 2 2 0 2 2 2 0 0 0 0 0 0 1 -1 0 0 1 0 0 0 0 -3 -5 -6 2 3 2 0
checker 2 opponent 3 1 0 -2 -3 -2 6 5 3 0 0 0 0 0 0 0 1 -1 0 0 0 -1 0 0 -2 -2 -2 0
checker 2 player 4 1 0 2 2 2 0 0 1 0 0 0 1 0 0 0 0 -1 0 0 0 -3 -5 -6 2 3 2 0
checker 2 opponent 6 5 0 -2 -2 -2 6 5 3 -1 0 0 1 0 0 0 0 -1 0 0 0 -1 0 0 -2 -2 -2 0
checker 2 player 4 2 0 2 2 2 0 0 1 0 0 0 1 0 0 0 0 0 0 0 1 -2 -6 -6 2 2 2 0
checker 2 opponent 4 1 0 -2 -2 -2 6 6 2 0 0 -1 0 0 0 0 0 0 0 0 0 -2 0 0 -2 -2 -2 0
checker 2 player 6 3 0 2 2 2 0 0 2 0 0 0 0 0 0 0 0 0 1 0 0 -2 -5 -6 2 2 2 0
checker 2 opponent 2 1 0 -2 -2 -2 6 5 2 0 0 0 0 0 0 0 0 0 0 0 -1 -2 0 0 -2 -2 -2 0
checker 2 player 6 1 0 2 2 2 0 0 2 1 0 0 0 0 0 0 0 0 0 0 0 0 -6 -7 2 2 2 0
checker 2 opponent 5 3 0 -2 -2 2 -2 6 2 2 2 0 -1 0 0 -1 0 0 0 0 0 -3 -2 -2 1 0 0 0
checker 2 player 3 2 0 0 0 0 2 2 3 0 0 0 0 -1 1 0 0 1 0 -2 -2 -2 -6 2 -2 2 2 0
checker 2 opponent 5 2 0 -2 -2 2 -2 6 2 2 2 0 0 0 -1 -1 1 0 0 0 0 -2 -2 -2 -1 0 0 0
checker 2 player 5 1 0 0 0 1 2 2 2 0 0 0 0 0 1 1 0 0 0 -2 -3 -2 -6 2 -2 2 2 0
checker 2 opponent 5 1 0 -2 -2 2 -2 6 2 3 2 0 0 0 0 -1 0 0 0 0 -1 -2 -2 -2 -1 0 0 0
checker 2 player 3 3 0 0 0 1 2 2 2 1 0 0 0 0 1 0 0 0 0 0 -4 -2 -6 2 -3 2 2 0
checker 2 player 4 1 0 0 0 2 3 2 2 0 0 0 0 0 0 0 0 0 0 0 -3 -2 -6 2 -4 2 2 0
checker 2 opponent 2 2 0 1 -2 -3 -5 2 2 2 3 2 0 1 1 0 0 0 0 1 0 0 0 -2 -2 0 -1 0
checker 2 opponent 2 1 0 1 -2 -3 -5 2 3 2 2 2 1 1 0 1 0 0 0 0 0 0 0 -2 -2 0 -1 0
checker 2 opponent 5 2 0 1 -2 -3 -5 2 3 2 2 2 2 1 0 0 0 0 0 0 0 0 0 -2 -2 0 -1 0
checker 2 player 6 6 0 1 0 2 2 0 0 0 0 0 0 0 0 0 -1 -2 -2 -1 -2 -3 -2 5 3 2 -2 0
checker 2 player 2 2 1 1 0 2 2 0 0 0 0 0 0 2 0 0 -1 -2 -2 0 -2 -3 -2 5 3 0 -2 0
checker 2 opponent 6 4 0 2 0 -3 -5 2 3 2 0 2 2 1 0 0 0 0 0 0 -2 0 0 -2 -2 0 -1 1
checker 2 player 6 3 0 1 0 2 2 0 -1 2 0 0 0 0 0 0 -1 -2 -2 0 -2 -2 -2 5 3 -1 -2 0
checker 2 opponent 2 2 0 2 1 -3 -5 2 2 2 0 2 2 1 0 0 0 0 0 0 0 1 0 -3 -2 0 -2 0
checker 2 opponent 5 3 0 2 1 -3 -4 2 2 2 2 2 0 1 0 0 -1 1 0 0 0 0 0 -3 -2 0 -2 0
checker 2 player 4 1 0 2 0 2 3 0 0 0 0 0 0 1 0 0 0 -1 -2 -3 -2 -2 -2 4 3 -1 -2 0
checker 2 opponent 6 5 0 2 1 -3 -4 2 2 2 3 2 1 0 0 0 0 0 0 0 0 -1 0 -3 -2 0 -2 0
checker 2 player 3 1 0 2 0 2 3 0 1 0 0 0 0 0 0 0 0 0 -2 -2 -2 -2 -3 4 3 -2 -2 0
checker 2 opponent 6 1 0 2 2 -3 -4 3 2 2 2 2 0 0 0 0 0 0 0 0 0 0 0 -3 -2 -1 -2 0
checker 2 player 6 3 0 2 1 2 3 0 0 0 0 0 0 0 0 0 0 0 -1 -2 -2 -2 -3 4 3 -3 -2 0
checker 1 centered 5 1 0 3 -2 -2 -2 4 3 0 2 2 1 0 0 0 0 0 0 -2 0 -1 -1 -2 -1 -2 0 0
checker 1 centered 6 1 0 0 2 1 2 1 1 0 2 0 0 0 0 0 0 0 -1 -3 0 -3 -5 2 2 2 -3 0
cube 1 centered - - 0 1 -3 -4 2 2 2 2 2 0 0 0 1 0 0 0 0 0 1 0 -3 -2 -2 -1 1 1
checker 1 centered 4 4 1 -4 -4 2 2 2 2 2 1 0 1 0 -2 1 0 0 0 0 0 -2 1 -2 0 1 0 0
cube 1 centered - - 1 -4 -4 2 2 3 3 2 1 0 0 0 -2 0 0 0 1 0 0 -2 0 -2 0 1 0 0
checker 2 opponent 6 4 0 -3 -4 2 2 3 3 2 3 0 0 0 0 0 0 0 0 0 0 0 0 0 0 -3 -5 0
checker 2 player 5 1 0 5 3 0 0 0 0 0 0 0 0 0 0 0 0 0 0 -2 -2 -3 -3 -3 -2 4 3 0
checker 2 opponent 1 1 0 -3 -4 2 3 3 3 2 2 0 0 0 0 0 0 0 0 0 0 0 0 0 0 -2 -6 0
checker 2 opponent 3 2 0 -3 -4 3 4 2 2 2 2 0 0 0 0 0 0 0 0 0 0 0 0 0 0 -2 -6 0
checker 1 centered 4 3 0 0 0 0 1 2 2 1 1 1 0 0 0 0 0 0 0 0 0 -3 -3 -3 -3 3 4 0
cube 1 centered - - 0 -4 -3 3 3 3 3 0 0 0 0 0 0 0 0 0 0 0 -1 -3 -2 -2 0 0 0 0
checker 2 player 5 2 0 0 0 0 2 2 3 1 0 0 0 0 0 0 0 0 0 0 0 -2 -2 -3 -3 3 4 0
checker 1 centered 6 3 0 4 -2 -3 3 -2 5 2 0 0 -2 1 0 0 0 0 0 0 -1 -3 -2 0 0 0 0 0
checker 1 centered 4 1 0 0 0 0 0 2 3 1 0 0 0 0 0 0 -1 2 0 0 0 -5 2 -4 3 2 -5 0
checker 1 centered 4 3 0 0 0 0 -1 2 3 1 0 0 0 0 0 0 1 1 0 0 1 -4 2 -5 2 2 -5 0
checker 1 centered 5 3 0 0 0 0 0 2 3 2 0 0 -1 0 0 0 0 1 0 0 1 -4 2 -5 2 2 -5 0
checker 2 player 4 1 0 -1 -1 0 0 1 3 -1 2 0 0 0 -5 2 0 0 0 0 -2 -2 -2 -1 0 3 3 1
checker 2 opponent 2 1 0 -3 -3 0 -1 2 2 2 0 0 0 0 -2 5 0 0 0 -2 1 -2 -2 0 0 1 1 1
checker 2 player 6 5 0 -1 -1 -1 0 2 2 -1 2 0 0 0 -5 2 0 0 0 0 -2 -2 -2 1 0 3 3 0
checker 2 player 5 2 0 -1 -1 -1 -1 2 2 1 1 0 0 0 -5 1 0 0 0 0 -2 -2 -2 1 0 3 3 1
checker 2 opponent 5 2 0 -3 -4 0 -1 2 2 2 0 0 0 0 0 5 0 0 0 -2 -1 -2 -2 1 1 1 1 0
checker 2 player 6 4 0 -1 0 -1 -1 2 2 -1 2 0 0 0 -4 0 -1 0 0 0 -2 -2 -2 1 0 4 3 1
checker 2 opponent 6 1 0 -3 -3 0 -2 2 2 2 -1 0 0 1 0 4 0 0 0 -2 1 -2 -2 1 1 0 1 0
checker 2 player 6 5 0 -1 0 -1 -1 2 2 0 2 0 0 0 -3 -2 -1 0 0 1 -2 -2 -2 2 0 3 3 0
checker 2 opponent 5 4 0 -3 -2 0 -2 2 2 2 -2 0 0 1 2 3 0 0 0 -1 0 -2 -2 1 -1 0 1 1
checker 2 player 3 1 0 -1 0 1 -1 2 2 0 1 -1 0 0 -3 -2 -1 0 0 2 -2 -2 -2 2 0 2 3 0
checker 2 opponent 6 6 0 -2 -2 0 -3 2 2 2 -2 0 0 1 2 3 0 0 1 0 -1 -2 -2 1 -1 0 1 0
checker 2 player 5 3 0 -1 0 1 0 2 2 1 0 -1 0 0 -3 -2 0 0 0 2 -2 -2 -3 3 -1 2 2 0
checker 2 player 4 1 0 0 1 0 2 3 2 0 0 0 0 0 0 0 -1 0 0 0 0 -5 -5 4 -2 2 -2 1
checker 2 opponent 5 2 0 2 -2 2 -5 5 5 0 0 0 0 1 0 0 0 0 0 0 0 -2 -2 -3 0 -1 0 0
checker 2 player 6 5 0 0 1 0 3 2 2 0 0 0 0 0 0 0 0 0 0 0 0 -6 -4 5 -3 2 -2 0
checker 2 opponent 4 4 0 0 -2 -2 -2 2 5 -1 2 0 2 1 -2 2 0 0 0 -2 0 -2 -1 -1 0 1 0 0
checker 2 player 1 1 0 0 -1 0 1 1 2 0 2 0 0 0 0 2 0 -2 -2 -2 -1 -5 -1 2 2 2 -1 1
checker 2 player 5 1 1 -1 -1 0 2 0 2 0 2 0 0 0 0 2 0 -2 -2 -2 -1 -5 2 0 2 2 1 0
checker 1 centered 6 3 0 0 -2 0 -2 -2 5 -1 3 0 -1 0 0 3 1 1 0 -2 -2 -2 1 -1 0 0 0 1
checker 1 centered 5 5 0 0 0 -1 1 0 2 2 2 0 -1 -2 -3 0 0 1 0 -3 1 -5 2 2 0 2 0 0
checker 1 centered 6 2 0 0 -2 0 -2 -2 5 0 3 0 0 0 -2 4 2 0 -2 -1 -2 -2 1 0 0 0 0 0
checker 1 centered 6 3 0 0 0 0 0 0 2 2 1 2 0 -3 -3 2 -1 0 0 -3 0 -5 2 2 0 2 0 0
checker 1 centered 5 3 0 1 -2 -2 3 -3 4 2 2 0 1 2 0 0 0 0 0 0 0 -1 -2 -2 -2 -1 0 0
checker 1 centered 3 2 0 0 1 2 2 2 1 0 0 0 0 0 0 0 -2 0 0 -2 -3 -3 3 -3 2 2 -2 0
cube 1 centered - - 0 2 -2 -2 3 -3 3 3 2 0 0 2 0 0 0 0 0 0 0 0 -2 -2 -2 -1 -1 0
checker 1 centered 5 4 0 2 -2 -2 3 -3 3 3 2 0 0 2 0 0 0 0 0 0 0 0 -2 -2 -2 -1 -1 0
cube 1 centered - - 0 2 -2 -2 3 -3 4 4 2 0 0 0 0 0 0 0 0 0 0 0 0 -2 -2 -1 -3 0
cube 1 centered - - 0 -4 -1 -2 3 2 4 2 1 0 0 0 -2 1 0 0 0 -1 1 -3 1 0 0 -1 -1 0
checker 2 player 5 1 1 3 2 -1 2 0 0 0 -1 0 0 0 0 0 0 -2 -2 -2 -2 -3 0 3 3 2 -1 0
checker 2 opponent 5 3 0 1 -2 -3 -2 -1 3 2 2 2 2 0 0 0 0 0 0 1 0 0 0 -2 1 -2 -3 1
checker 2 opponent 3 1 0 1 0 -3 -2 -3 3 2 2 2 2 0 0 0 0 0 0 1 0 1 1 0 0 -2 -5 0
checker 2 opponent 6 1 0 1 0 -3 -2 -3 3 2 2 2 2 0 0 0 0 0 1 1 0 1 0 0 0 -2 -5 0
checker 2 opponent 5 2 0 1 0 -3 -2 -3 3 2 2 2 2 1 0 0 0 1 0 0 0 1 0 0 0 -2 -5 0
checker 2 opponent 3 3 0 2 0 -3 -2 -3 2 2 2 2 2 1 0 0 0 1 0 1 0 0 0 0 0 -2 -5 0
checker 2 opponent 6 1 0 2 0 -3 -2 -3 3 2 2 2 2 1 0 0 1 0 0 0 0 0 0 0 0 -2 -5 0
checker 2 player 5 1 0 5 2 0 0 0 0 0 0 0 0 0 0 0 -1 -2 -2 -2 -3 -3 3 2 3 0 -2 0
checker 2 opponent 5 1 0 2 0 -2 -3 -3 3 3 2 2 2 1 0 0 0 0 0 0 0 0 0 0 0 -2 -5 0
checker 2 opponent 3 1 0 3 0 -1 -3 -4 3 2 2 2 2 1 0 0 0 0 0 0 0 0 0 0 0 -2 -5 0
checker 2 player 4 1 0 5 2 0 0 0 0 0 0 0 0 0 0 0 0 -3 -2 -2 -2 -2 4 3 -1 0 -3 1
checker 2 opponent 6 2 0 3 0 1 -3 -5 2 2 2 2 3 0 0 0 0 0 0 0 0 0 0 0 0 -2 -5 0
checker 2 player 6 6 0 5 2 0 0 0 0 0 0 0 0 0 0 0 0 -2 -2 -2 -2 -2 5 3 -1 -1 -3 0
checker 1 centered 6 4 0 1 2 2 0 0 0 0 0 0 1 0 1 0 0 0 0 1 -2 -3 -8 2 2 3 -2 0
cube 1 centered - - 0 2 -3 -2 -2 8 3 2 -1 0 0 0 0 0 0 0 0 0 0 -2 0 0 -2 -2 -1 0
checker 2 player 3 2 0 1 2 2 0 0 2 0 0 0 0 0 0 0 0 0 0 1 0 -3 -9 2 2 3 -3 0
checker 1 centered 4 2 1 1 -2 -2 2 -2 5 3 1 2 0 0 0 0 0 -2 0 0 0 -2 -2 1 -1 -1 0 0
cube 1 centered - - 1 1 -2 -2 3 -2 4 3 1 2 0 0 0 0 0 -2 0 1 0 -2 -2 0 -1 -1 0 0
checker 1 centered 4 3 1 1 -2 -2 3 -2 4 3 1 2 0 0 0 0 0 -2 0 1 0 -2 -2 0 -1 -1 0 0
checker 1 centered 5 1 0 0 1 1 0 2 2 0 0 0 2 -1 0 0 0 0 -2 0 -3 -4 2 -4 2 2 -1 1
checker 1 centered 4 3 0 1 -2 -2 4 -3 4 3 0 2 0 0 0 0 1 -2 0 0 0 -2 -2 0 0 -2 0 0
checker 1 centered 4 1 0 0 2 0 0 2 2 0 0 0 2 0 0 0 0 0 -2 0 -4 -4 3 -4 2 2 -1 0
cube 1 centered - - 0 1 -2 -2 4 -3 4 4 0 2 0 0 0 0 0 0 -1 0 0 -3 -2 0 0 -2 0 0
checker 1 centered 5 3 0 1 -2 -2 4 -3 4 4 0 2 0 0 0 0 0 0 -1 0 0 -3 -2 0 0 -2 0 0
checker 1 centered 3 1 0 0 2 0 0 2 3 0 0 1 0 0 0 0 0 0 0 0 -4 -5 3 -5 2 2 -1 0
cube 1 centered - - 0 1 -2 -2 5 -2 5 4 -1 0 0 0 0 0 0 0 -1 0 0 -3 -1 -1 0 -2 0 0
checker 1 centered 6 5 0 0 2 0 1 1 3 0 0 1 0 0 0 0 0 0 0 1 -2 -6 2 -5 2 2 -2 0
cube 1 centered - - 0 2 -2 -2 5 -2 6 2 0 0 0 0 0 0 -1 0 0 0 0 -3 -1 -2 0 -2 0 0
checker 1 centered 6 3 0 2 -2 -2 5 -2 6 2 0 0 0 0 0 0 -1 0 0 0 0 -3 -1 -2 0 -2 0 0
checker 1 centered 3 1 0 0 -2 0 0 -1 3 -1 2 0 0 0 -3 1 0 0 0 -2 -2 -2 2 -2 1 4 2 0
cube 1 centered - - 0 -2 -2 -2 2 -3 2 2 2 0 0 0 -1 3 0 0 0 -2 1 -3 1 0 0 2 0 0
checker 1 centered 5 2 0 -2 -2 -2 2 -3 2 2 2 0 0 0 -1 3 0 0 0 -2 1 -3 1 0 0 2 0 0
checker 1 centered 5 5 0 0 -1 0 0 0 3 -3 2 0 0 0 -3 1 0 0 0 -2 -2 -2 3 -2 2 2 2 0
cube 1 centered - - 0 -2 -2 -2 2 -2 2 2 2 0 0 0 0 3 0 0 0 -3 3 -3 -1 0 0 1 0 0
checker 1 centered 6 3 0 -2 -2 -2 2 -2 2 2 2 0 0 0 0 3 0 0 0 -3 3 -3 -1 0 0 1 0 0
checker 1 centered 4 1 0 0 -1 0 0 1 3 -1 3 0 -1 0 -3 -1 0 0 0 -2 -2 -2 2 -2 2 2 2 0
cube 1 centered - - 0 -1 -2 -2 2 -3 2 2 2 0 0 0 1 3 0 1 0 -3 1 -2 -2 0 0 1 0 0
checker 1 centered 4 2 0 -1 -2 -2 2 -3 2 2 2 0 0 0 1 3 0 1 0 -3 1 -2 -2 0 0 1 0 0
checker 1 centered 3 2 0 0 -1 0 0 2 2 -1 3 0 0 0 -2 -1 -2 0 0 -2 -2 -2 3 -2 2 2 1 0
cube 1 centered - - 0 0 -2 -3 2 -3 2 2 2 0 0 2 1 2 0 0 0 -3 1 -2 -1 0 0 -1 0 1
checker 2 opponent 5 3 0 0 -2 -3 2 -3 2 2 2 0 0 2 1 2 0 0 0 -3 1 -2 -1 0 0 -1 0 1
checker 2 player 3 2 0 0 1 0 0 -1 2 -1 3 0 0 0 -2 0 -2 0 -1 -2 -2 -2 3 -2 3 2 0 1
checker 2 opponent 5 4 0 0 -3 -3 2 -3 2 2 2 1 0 2 0 2 0 0 0 -2 1 -2 -1 0 0 -1 0 1
checker 2 opponent 1 1 0 0 -3 -3 2 -4 2 2 2 2 0 2 0 1 0 0 0 -1 1 -2 1 0 0 -2 0 0
checker 2 player 3 2 0 0 2 0 0 -1 2 -1 1 0 0 0 0 0 -1 -2 -2 -2 -2 -2 4 -2 3 3 0 0
checker 2 opponent 6 3 0 0 -3 -3 2 -4 2 2 2 2 2 1 0 0 0 0 0 0 1 -1 -1 -1 0 -2 0 1
checker 2 player 4 1 0 0 2 0 1 1 1 -1 0 -1 0 0 0 0 -1 -2 -2 -2 -2 -2 4 -2 3 3 0 0
checker 2 opponent 6 3 0 0 -3 -3 2 -4 2 2 2 2 2 1 0 0 0 0 1 0 1 0 0 -2 0 -3 0 0
checker 2 player 2 1 0 0 3 0 2 0 0 0 0 0 0 0 -1 -1 -1 -2 -2 -2 -2 -2 4 -2 3 3 0 0
checker 2 opponent 4 3 0 0 -3 -2 2 -5 2 2 2 2 2 1 1 1 0 0 0 0 0 0 0 -1 -1 -3 0 0
checker 2 opponent 5 2 0 0 -3 -2 2 -4 3 2 2 2 2 0 1 0 0 0 -1 0 0 0 0 -1 -1 -3 0 1
checker 2 player 6 3 0 0 3 1 1 0 0 -1 0 1 0 0 0 -1 0 -2 -2 -2 -2 -3 4 -2 2 3 0 0
checker 2 opponent 6 2 0 0 -3 -2 2 -3 3 2 2 2 2 0 1 0 -1 0 -1 0 1 0 0 -1 -1 -3 0 0
checker 2 player 5 4 0 0 3 1 1 0 0 0 0 -1 0 1 0 -1 0 -2 -2 -2 -1 -3 3 -2 2 3 -1 1
checker 2 opponent 5 3 0 1 -3 -2 2 -4 3 1 2 2 2 0 1 0 0 0 1 0 -1 0 0 -1 -1 -3 0 0
checker 2 opponent 3 1 0 2 -3 -2 1 -4 3 2 2 2 2 0 0 0 0 0 1 0 0 0 0 -1 -1 -4 0 0
checker 2 player 6 2 0 0 4 1 1 0 0 0 0 -1 0 0 0 0 0 -2 -2 -1 -2 -3 4 -2 2 3 -2 0
checker 2 opponent 3 2 0 2 -3 -2 2 -3 3 2 1 2 2 0 0 -1 0 0 1 0 0 0 0 -1 -1 -4 0 0
checker 2 player 5 2 0 0 4 1 1 0 0 0 0 0 0 0 0 0 -1 -2 -2 -1 -2 -3 3 -2 2 3 -2 1
checker 2 opponent 4 3 0 2 -3 -2 2 -4 3 2 1 2 2 1 0 0 0 0 0 0 0 0 0 -1 0 -4 -1 0
checker 2 player 4 2 0 1 4 0 1 0 0 0 0 0 0 0 0 0 0 -2 -2 -1 -2 -3 4 -3 2 3 -2 0
checker 2 opponent 3 1 0 2 -3 -2 3 -4 3 2 1 2 2 0 0 0 0 0 0 0 0 0 0 0 0 -5 -1 0
checker 2 opponent 6 5 0 2 -2 -1 4 -6 3 2 0 2 2 0 0 0 0 0 0 0 0 0 0 0 0 -5 -1 0
checker 2 opponent 5 4 1 2 -2 1 5 -6 3 2 0 0 2 0 0 0 0 0 0 0 0 0 0 0 0 -5 -1 0
checker 2 player 6 2 0 1 5 0 0 0 0 0 0 0 0 0 0 0 0 -2 0 0 -1 -2 6 -5 -2 2 -3 1
checker 2 opponent 3 3 0 3 -3 2 5 -5 2 1 0 0 2 -1 0 0 0 0 0 0 0 0 0 0 0 -5 -1 0
checker 2 player 4 2 0 1 5 0 0 0 0 0 0 0 0 0 0 0 1 0 0 0 -3 0 5 -5 -4 3 -3 0
checker 2 opponent 3 1 0 3 -2 4 5 -5 -1 3 0 0 0 0 0 -1 0 0 0 0 0 0 0 0 0 -5 -1 0
checker 2 opponent 4 1 1 3 -2 5 5 -5 0 2 0 0 0 0 0 -1 0 0 0 0 0 0 0 0 0 -5 -1 0
checker 2 opponent 4 3 1 3 -2 7 4 -5 0 1 0 0 0 0 0 -1 0 0 0 0 0 0 0 0 0 -5 -1 0
checker 2 player 5 2 0 1 5 0 0 0 0 0 0 0 0 0 1 0 0 0 0 0 0 0 5 -4 -7 2 -3 1
checker 2 opponent 4 1 0 3 -2 7 4 -5 0 -1 0 0 0 0 0 -1 0 0 0 0 0 0 0 0 0 -5 -1 0
checker 2 player 6 4 0 1 5 0 0 0 0 0 0 0 0 0 1 0 0 0 0 0 1 0 5 -3 -7 2 -2 0
checker 1 centered 6 6 0 -1 -3 -1 -3 2 3 0 2 0 0 0 -2 4 0 0 0 -2 1 -2 3 -1 0 0 0 0
checker 1 centered 6 2 0 0 0 0 1 -1 2 -1 2 0 0 -2 -2 2 0 0 0 -2 -2 -3 -2 3 1 3 1 0
cube 1 centered - - 0 0 -3 -2 -2 2 3 2 2 0 -1 0 -2 2 2 0 0 -2 1 -2 1 -1 0 0 0 0
checker 1 centered 6 3 0 0 -3 -2 -2 2 3 2 2 0 -1 0 -2 2 2 0 0 -2 1 -2 1 -1 0 0 0 0
cube 1 centered - - 1 0 -3 -2 -2 2 3 2 2 0 1 0 -2 1 3 0 0 -2 1 -2 0 -1 0 0 0 0
checker 1 centered 6 3 1 0 -3 -2 -2 2 3 2 2 0 1 0 -2 1 3 0 0 -2 1 -2 0 -1 0 0 0 0
checker 1 centered 3 3 0 0 0 0 1 0 2 0 2 0 0 -3 -1 2 0 -1 -1 -2 -2 -3 -2 2 2 3 0 1
cube 1 centered - - 0 0 -3 -3 -2 2 3 2 2 1 1 0 0 1 3 -2 0 -1 0 -2 -1 -1 0 0 0 0
checker 2 opponent 5 2 0 0 -3 -3 -2 2 3 2 2 1 1 0 0 1 3 -2 0 -1 0 -2 -1 -1 0 0 0 0
checker 2 player 1 1 0 0 0 0 1 1 2 0 1 0 2 -1 -1 -1 0 -1 -2 -2 -2 -3 -2 2 3 3 0 0
checker 2 opponent 6 5 0 0 -3 -2 -3 2 3 2 2 2 1 0 1 1 1 -1 -1 -1 0 -1 -1 -2 0 0 0 0
checker 2 player 6 3 0 0 0 0 2 1 1 0 1 1 1 -1 -1 0 0 -1 -2 -2 -2 -3 -2 3 2 3 -1 0
checker 2 opponent 4 1 0 1 -3 -2 -3 2 3 2 2 2 1 0 0 1 1 -1 0 0 0 -1 -2 -2 -1 0 0 0
checker 2 opponent 1 1 0 1 -3 -2 -3 2 3 2 2 2 2 0 1 0 0 0 0 0 0 0 -3 -2 -1 0 -1 0
checker 2 player 5 1 0 1 0 1 2 3 0 0 0 0 0 0 0 -1 0 -2 -1 -2 -2 -3 -3 3 2 3 -1 0
checker 2 opponent 5 2 0 1 -2 -3 -2 3 3 2 2 -1 2 0 1 0 0 0 0 0 0 0 -3 -2 -1 0 -1 1
checker 2 player 5 3 0 1 0 1 2 3 0 -1 0 0 0 0 0 -1 0 -2 1 -2 -2 -3 -3 2 3 2 -1 0
checker 2 opponent 6 3 0 1 -2 -3 -2 3 3 2 2 0 2 0 1 0 0 0 0 -1 1 0 -3 -2 -1 0 -1 0
checker 2 player 5 4 0 1 0 1 2 3 0 0 1 0 0 0 0 -1 0 -2 -1 -2 -2 -3 -3 2 3 2 -1 0
checker 2 opponent 6 3 0 -1 -2 -4 2 2 3 0 2 0 2 0 1 -1 0 0 0 -1 0 1 -3 -2 1 0 -1 1
checker 2 opponent 6 3 1 -1 -2 -4 2 2 3 0 2 0 2 0 1 1 0 0 0 -1 0 0 -3 -2 2 0 -1 0
checker 2 player 2 1 0 1 0 -2 2 3 0 0 1 0 0 0 0 -1 0 -1 0 -2 -2 -3 -2 -2 4 2 1 1
checker 2 opponent 2 1 0 -2 -2 -4 2 2 3 2 2 0 1 0 1 0 0 0 0 -1 0 0 -3 -1 2 -1 -1 0
checker 2 player 2 1 0 1 1 -2 1 3 0 0 1 0 0 0 0 0 0 -1 -1 -2 -2 -3 -2 -2 4 2 2 0
checker 2 opponent 6 4 0 -2 -2 -4 2 2 3 2 2 1 1 0 0 0 0 0 0 0 0 -1 -2 -2 2 -1 -1 0
checker 2 player 3 3 0 1 1 0 2 2 1 -1 0 -1 0 0 0 0 0 -1 -1 -2 -2 -3 -2 -2 4 2 2 0
checker 2 opponent 4 2 0 -2 -2 -4 2 2 3 2 2 1 1 0 0 0 0 0 1 0 1 0 0 -1 -1 -3 -2 0
checker 2 opponent 5 3 0 -2 -2 -4 3 2 2 2 2 1 1 0 1 0 0 0 0 0 1 0 0 -1 -1 -3 -2 0
checker 2 opponent 4 2 0 -2 -2 -4 3 2 2 2 2 2 1 0 0 1 0 0 0 0 0 0 0 0 -1 -3 -3 0
checker 2 player 5 5 0 3 3 1 0 0 0 0 0 0 0 0 -1 0 0 0 -2 -2 -1 -3 -3 -3 4 2 2 0
checker 2 player 6 3 0 3 3 0 0 0 0 0 0 -1 0 0 -1 2 0 0 -2 -2 0 -3 -2 -3 4 -1 2 1
checker 2 opponent 4 1 0 -2 1 -5 3 2 3 0 2 2 0 0 -1 1 0 0 1 0 -1 0 0 0 0 -3 -3 0
checker 2 opponent 4 2 0 -2 1 -6 3 3 2 0 2 2 0 0 1 1 0 0 0 0 0 0 0 0 0 -3 -4 0
checker 2 opponent 5 4 0 -2 2 -5 2 3 2 0 3 2 0 0 -1 1 0 0 0 0 0 0 0 0 0 -3 -4 0
checker 2 player 4 2 0 4 3 0 0 0 0 0 0 0 0 0 0 1 0 0 -2 -3 0 -2 -3 -3 5 -2 2 0
checker 1 centered 6 4 1 -1 0 1 0 0 2 1 2 0 -1 0 1 1 -2 0 -2 -2 0 -2 3 -2 -2 2 2 0
cube 1 centered - - 0 -2 -2 2 2 -3 2 0 2 2 0 2 0 -1 0 1 0 -2 -1 -2 0 0 -2 0 1 1
checker 2 opponent 1 1 0 -2 -2 2 2 -3 2 0 2 2 0 2 0 -1 0 1 0 -2 -1 -2 0 0 -2 0 1 1
checker 2 player 5 5 0 -1 -1 2 0 0 2 1 2 0 0 0 -1 0 -2 0 -2 -2 0 -2 3 -2 -2 2 2 1
checker 2 opponent 4 1 0 -2 -2 2 2 -2 2 0 2 2 -1 2 0 1 0 -1 0 -2 -1 -2 0 0 -2 1 1 0
checker 2 player 5 1 0 0 -1 2 0 -1 2 1 2 0 1 0 -1 0 -1 -1 -2 -2 0 -2 2 -2 -2 2 2 1
checker 2 opponent 5 3 0 -3 -2 2 2 -2 2 0 2 2 1 1 0 1 0 0 0 -2 -1 -2 -1 0 -2 1 0 1
checker 2 player 5 5 0 0 0 2 0 -2 2 1 2 0 0 0 -1 0 -1 -1 -2 -2 0 -2 2 -2 -2 2 3 1
checker 2 player 5 3 0 0 0 2 -1 -2 2 0 2 0 -1 0 0 0 0 1 0 -3 1 -4 2 -2 -2 0 4 1
checker 2 opponent 4 1 0 -4 0 2 2 -3 4 0 3 0 -2 0 0 0 0 1 0 -2 0 -2 2 1 -2 0 0 0
checker 2 player 6 4 0 0 0 2 -1 -1 2 0 2 0 -2 0 0 0 0 2 0 -3 0 -4 3 -2 -2 0 4 0
checker 2 opponent 3 2 0 0 -2 -3 -3 2 4 2 2 0 2 0 -2 0 1 0 0 -2 1 -1 -1 -1 0 1 0 0
checker 2 player 6 1 0 0 -1 0 1 1 1 -1 2 0 0 0 0 2 0 -2 -1 -2 -2 -4 -2 3 3 2 0 0
checker 2 opponent 5 1 0 0 -2 -2 -3 2 4 2 2 -1 2 0 -2 0 0 0 0 -2 1 -1 -1 0 -1 1 0 1
checker 2 opponent 6 3 0 -1 -2 -2 -4 2 4 2 2 1 1 0 -2 0 0 0 0 -2 1 -1 1 0 -1 1 0 0
checker 2 player 3 1 0 0 -1 1 0 -1 1 0 2 0 0 0 0 2 0 -1 -2 -2 -2 -4 -2 4 2 2 1 0
checker 2 opponent 5 1 0 -1 -2 -2 -4 2 4 2 2 2 1 0 0 -1 0 -1 0 -2 0 -1 1 0 -1 1 0 0
checker 2 opponent 6 2 0 -1 -2 -3 -4 2 3 2 2 2 1 0 0 -1 0 -1 0 -2 0 1 0 0 -1 1 0 1
checker 2 player 1 1 0 0 -2 1 0 0 0 0 2 0 1 0 -1 0 0 -1 -2 -2 -2 -3 -2 4 3 2 1 1
checker 2 opponent 6 5 0 0 -4 -3 -4 2 3 2 2 2 1 0 0 1 0 -1 0 -1 -1 0 0 0 -1 2 0 0
checker 2 player 5 1 0 0 -1 1 0 0 0 1 -1 0 1 0 -1 0 0 -1 -2 -2 -2 -2 -2 4 3 4 -1 1
checker 2 opponent 5 2 0 -1 -4 -3 -4 2 2 2 2 2 1 0 0 1 0 0 0 1 -1 0 -1 0 -1 1 0 1
checker 2 opponent 5 3 0 -1 -4 -3 -5 2 2 2 2 2 1 1 0 0 0 0 0 1 0 0 1 0 -2 1 0 0
checker 2 player 2 2 0 0 -1 2 0 0 0 0 0 0 -1 -1 0 0 -1 -1 -2 -2 -2 -2 -2 5 3 4 1 0
checker 2 opponent 2 1 0 0 -2 -4 -7 2 2 2 2 2 1 1 0 0 1 1 0 0 0 0 0 0 -1 1 -1 0
checker 2 opponent 6 3 0 0 -2 -4 -7 2 2 2 2 2 2 0 0 0 1 1 0 0 0 0 0 1 -1 0 -1 0
checker 2 opponent 4 3 0 0 -2 -4 -7 2 3 2 2 2 2 0 0 0 1 0 0 0 0 0 0 1 -1 0 -1 0
checker 2 opponent 2 1 0 0 -2 -4 -7 2 3 2 2 2 2 1 0 0 0 0 0 1 0 0 0 0 -1 0 -1 0
checker 2 opponent 2 2 0 0 -2 -4 -7 2 3 2 2 2 2 1 0 0 1 0 0 0 0 0 0 0 -1 0 -1 0
checker 2 player 2 1 0 1 0 1 0 0 0 0 0 0 0 0 0 -1 0 -2 -2 -2 -2 -3 -3 7 4 2 0 0
checker 2 opponent 6 1 0 0 -2 -3 -8 3 3 2 2 2 2 0 1 0 0 0 0 0 0 0 0 0 0 0 -2 0
checker 2 opponent 6 5 0 0 -2 -3 -8 4 3 2 2 2 2 0 0 0 0 0 0 0 0 0 0 0 0 0 -2 0
checker 2 opponent 2 2 0 2 -1 -3 -9 4 2 1 2 2 2 0 0 0 0 0 0 0 0 0 0 0 0 0 -2 0
checker 2 player 5 2 0 2 0 0 0 0 0 0 0 0 0 0 0 0 0 -2 0 0 -3 -4 -4 9 3 1 -2 0
checker 2 opponent 4 2 0 2 -1 -3 -8 4 4 3 0 0 2 -1 0 0 0 0 0 0 0 0 0 0 0 0 -2 0
checker 2 player 3 1 0 2 0 0 0 0 0 0 0 0 0 0 0 0 1 -2 0 0 -2 -3 -5 8 3 -1 -2 1
checker 2 opponent 6 1 0 2 1 -4 -8 5 3 2 0 0 2 0 -1 0 0 0 0 0 0 0 0 0 0 0 -2 0
checker 2 player 2 1 0 2 0 0 0 0 0 0 0 0 0 0 0 1 0 -2 0 0 0 -4 -5 8 4 -1 -3 0
checker 2 opponent 6 4 0 3 1 -4 -8 5 4 0 0 0 2 0 0 0 0 -1 0 0 0 0 0 0 0 0 -2 0
checker 2 player 5 1 0 2 0 0 0 0 0 0 0 0 1 0 0 0 0 -1 0 0 0 -5 -5 8 4 -1 -3 0
checker 2 opponent 6 5 0 3 1 -4 -7 5 5 0 0 0 -1 0 0 0 0 -1 0 0 0 0 0 0 0 0 -2 1
checker 2 player 3 3 0 2 0 0 0 0 0 0 0 0 1 -1 0 0 0 1 0 0 0 -5 -5 7 4 -1 -3 0
checker 2 opponent 3 1 0 3 1 -4 -4 5 5 -2 0 0 -2 0 0 0 1 -1 0 0 0 0 0 0 0 0 -2 0
checker 2 player 2 1 0 2 0 0 0 0 0 0 0 0 1 -1 0 0 0 2 0 0 2 -4 -5 4 4 -2 -3 0
checker 2 player 3 2 0 2 0 0 0 0 0 1 0 0 0 0 0 0 0 2 0 -1 2 -3 -5 4 4 -2 -4 0
checker 2 opponent 4 4 0 4 2 -4 -3 5 3 -2 1 -1 -2 0 0 0 0 0 0 0 -1 0 0 0 0 0 -2 0
checker 2 player 5 1 0 2 0 0 0 0 0 1 0 0 0 0 0 0 0 2 1 -1 2 0 -4 3 4 -5 -5 0
checker 2 player 4 1 0 1 -1 2 0 2 2 1 -1 -1 0 0 0 0 0 0 0 -2 -2 -2 -2 -2 -2 3 3 1
checker 2 opponent 6 3 0 -4 -3 2 2 2 2 2 2 0 0 0 0 0 0 0 1 1 -1 -1 -2 0 -2 -1 -1 1
checker 2 opponent 5 1 1 -4 -3 2 2 2 2 2 2 0 0 0 0 0 1 0 1 0 -1 1 -2 0 -2 -1 -1 0
checker 2 opponent 3 1 0 -4 -4 2 2 2 2 2 2 0 0 0 0 1 1 0 1 0 0 0 -2 0 -2 -1 -2 0
checker 2 player 2 1 0 2 1 2 0 2 0 0 0 0 0 0 -3 0 0 0 0 -2 -2 -2 -2 -2 -2 4 4 0
checker 2 opponent 6 1 0 -4 -4 2 2 2 2 2 2 0 0 0 0 3 0 0 0 0 0 0 0 -1 -3 -1 -2 0
checker 2 opponent 4 2 0 -4 -4 2 2 2 3 2 2 0 0 0 0 2 0 0 0 0 0 0 0 0 -2 -1 -4 0
checker 2 opponent 4 1 0 -4 -4 2 2 2 3 2 2 1 0 1 0 0 0 0 0 0 0 0 0 0 -2 -1 -4 0
checker 2 player 2 1 0 4 1 2 0 0 0 0 0 0 0 0 0 0 0 0 0 -3 -3 -3 -2 -2 -2 4 4 0
checker 2 opponent 4 1 0 -4 -4 2 2 2 3 3 3 0 0 0 0 0 0 0 0 0 0 0 0 0 0 -2 -5 0
checker 2 player 2 1 0 5 2 0 0 0 0 0 0 0 0 0 0 0 0 0 0 -2 -2 -4 -2 -3 -2 4 4 0
checker 2 opponent 5 4 0 -3 -5 2 3 2 4 2 2 0 0 0 0 0 0 0 0 0 0 0 0 0 0 -2 -5 0
checker 2 player 4 1 0 5 2 0 0 0 0 0 0 0 0 0 0 0 0 0 0 0 -2 -4 -2 -4 -3 5 3 0
checker 2 opponent 6 2 0 -2 -6 3 4 2 4 2 0 0 0 0 0 0 0 0 0 0 0 0 0 0 0 -2 -5 0
checker 2 player 6 1 0 5 2 0 0 0 0 0 0 0 0 0 0 0 0 0 0 0 -2 -3 -2 -5 -3 6 2 0
checker 2 player 3 1 0 5 2 0 0 0 0 0 0 0 0 0 0 0 0 0 1 0 -2 -3 -2 -5 -3 5 2 0
cube 2 opponent - - 0 1 -2 -3 -5 2 2 2 3 2 0 1 1 0 0 0 0 1 0 0 0 -1 -1 -1 -2 0
cube 1 centered - - 0 0 0 0 1 2 2 1 1 -1 1 -1 -2 0 -2 0 0 -2 -2 -3 2 -2 2 2 0 1
cube 1 centered - - 0 0 0 0 1 0 2 3 2 0 0 -1 -1 0 0 -3 -1 -2 -2 -3 2 2 0 2 -2 1
cube 1 centered - - 0 -2 -2 0 0 -2 5 3 4 0 0 -1 -2 1 0 0 0 -2 2 -2 -2 0 0 0 0 0
cube 2 opponent - - 0 2 0 -4 -2 -1 3 2 2 2 2 0 0 0 0 0 0 0 0 -2 -2 -1 -2 -1 1 1
cube 2 player - - 0 -1 0 0 0 -2 3 1 2 0 0 0 -4 2 0 0 -1 -2 1 -3 -2 2 2 2 0 0
cube 2 player - - 0 -1 0 -1 0 -1 3 1 2 0 0 0 -4 2 0 0 0 -3 0 -3 -2 0 1 3 3 0
cube 2 opponent - - 0 1 -2 -3 -3 0 3 2 2 2 2 0 0 0 0 0 0 1 0 0 0 -2 1 -2 -3 1
cube 2 player - - 0 0 0 -1 0 0 3 1 1 0 0 0 -1 2 0 -1 -1 -2 -2 -2 -2 -3 2 2 3 1
cube 2 player - - 0 -2 0 0 0 -1 3 0 2 0 -1 0 -2 2 0 0 0 -2 -2 -3 2 2 -2 2 2 0
cube 2 opponent - - 1 -3 2 2 2 -4 2 2 0 0 1 0 0 0 0 1 0 -2 -2 -3 2 0 1 0 0 0
cube 2 opponent - - 0 0 -2 -2 -2 2 5 -1 2 0 1 0 -2 3 0 1 0 -2 -1 -3 0 0 0 0 1 0
cube 1 centered - - 0 2 -2 0 -2 -2 3 3 2 1 3 0 1 0 0 0 -1 -2 -2 -3 0 -1 0 0 0 0
cube 2 player - - 0 -1 0 -1 0 0 3 1 2 -1 0 0 -3 2 0 0 0 -1 -2 -4 -2 3 0 3 1 0
cube 1 centered - - 1 0 0 0 1 -1 2 2 2 0 -1 -1 -3 0 0 1 0 -3 1 -5 2 2 0 2 0 0
cube 2 opponent - - 1 -3 2 2 2 -4 2 1 0 0 0 0 0 1 0 1 0 -2 -2 -3 2 0 0 1 1 0
cube 2 player - - 0 0 0 0 -1 0 2 1 2 0 0 0 -1 -1 0 -1 -2 -2 3 -4 -3 2 3 2 0 0
cube 1 centered - - 0 1 -2 -2 3 -3 4 2 2 0 1 2 0 0 0 0 0 0 0 -1 -2 -2 -2 -1 0 0
cube 2 opponent - - 0 -4 2 2 2 -5 3 2 0 0 0 0 2 0 1 0 1 0 -1 -2 -1 -2 0 0 0 0
cube 2 opponent - - 0 -3 -4 2 2 3 3 2 3 0 0 0 0 0 0 0 0 0 0 0 0 0 0 -3 -5 0
cube 1 centered - - 0 -1 -2 2 -1 -3 3 2 0 0 0 0 0 5 0 0 0 1 -2 -2 -2 -2 2 0 0 0
cube 2 player - - 0 3 2 0 1 0 0 0 0 0 0 0 0 1 0 0 0 0 0 -3 -5 -7 3 2 3 0
cube 1 centered - - 0 0 0 2 2 2 2 -1 0 0 0 0 0 0 0 0 1 -5 -2 -3 2 2 -2 2 -2 0
cube 2 opponent - - 0 0 -2 -3 -2 3 4 -2 2 -1 2 0 1 0 0 1 0 -2 -1 -2 1 0 0 0 0 1
cube 2 player - - 0 0 -1 0 1 1 1 -1 2 0 0 -1 0 2 0 -2 0 -2 -2 -4 -2 3 3 2 0 0
cube 2 opponent - - 0 -2 -2 2 -2 6 2 2 2 0 -1 0 0 -1 0 0 0 0 0 -3 -2 -2 1 0 0 0
cube 2 opponent - - 0 0 -2 -2 -3 3 4 1 2 0 1 0 -2 3 0 0 0 -2 -1 -2 0 -1 0 0 1 0
cube 1 centered - - 0 -2 1 -2 -2 2 2 -2 2 0 5 0 2 0 0 -1 0 0 1 -2 -2 -2 0 0 0 0
cube 2 player - - 0 -2 0 0 0 -1 3 1 2 0 0 0 -4 2 0 0 0 -2 0 -3 -1 1 -2 2 3 1
cube 2 opponent - - 0 0 -2 -2 -2 2 5 -1 2 0 2 1 -2 2 0 0 0 -2 0 -2 -1 -1 0 1 0 0
cube 2 player - - 0 1 -1 2 0 2 2 1 -1 -1 0 0 0 0 0 0 0 -2 -2 -2 -2 -2 -2 3 3 1
cube 1 centered - - 0 -1 0 0 -2 1 3 -1 2 0 0 1 -1 0 0 0 -2 -3 -2 -3 3 2 0 3 0 0
cube 2 player - - 1 0 1 0 -2 2 2 0 2 0 -2 0 0 0 0 1 -2 -3 -2 -3 2 2 0 3 0 0
cube 2 player - - 0 0 -1 0 2 0 2 0 2 0 -1 1 0 2 0 0 0 -2 -3 -4 2 -2 2 -2 2 0
cube 2 opponent - - 0 -4 2 2 4 -3 3 3 -1 0 0 0 0 0 -1 0 0 0 -2 -2 0 -2 0 0 0 1
cube 1 centered - - 0 2 0 -2 -2 -3 2 0 4 0 0 2 -1 3 0 0 1 1 -2 -3 -2 0 0 0 0 0
cube 1 centered - - 0 -2 -2 0 0 -2 5 -1 4 0 0 0 -2 4 0 0 0 -2 1 -2 -2 0 0 0 1 0
cube 1 centered - - 0 0 0 0 2 2 2 0 0 0 1 0 0 -2 -1 -5 0 -2 2 -2 -2 2 2 -1 2 0
cube 2 opponent - - 0 0 -2 -2 -3 2 5 -1 2 0 2 1 -1 2 0 0 0 -2 -1 -2 -1 1 0 0 0 0
cube 1 centered - - 0 0 -1 -2 -2 -2 4 0 2 -2 0 1 -2 4 0 1 0 1 0 -3 2 -1 0 0 0 0
cube 2 player - - 0 -1 -1 0 0 1 3 -1 2 0 0 0 -5 2 0 0 0 -2 0 -3 -2 0 0 3 3 1
cube 1 centered - - 0 0 0 -2 -2 -2 5 2 3 -1 1 0 0 3 0 0 -2 0 0 -2 -2 -2 0 1 0 0
cube 2 player - - 0 -2 0 0 -2 2 3 0 0 0 0 0 1 1 0 0 0 -2 -2 -2 -2 2 -2 -1 5 1
cube 2 player - - 0 0 0 0 1 1 2 -1 2 0 0 0 -1 2 -1 -2 0 -2 -1 -5 -2 2 2 2 0 1
cube 2 player - - 0 1 0 2 2 0 0 0 -1 0 0 0 0 -1 -1 0 -2 -3 -2 -2 -2 5 3 2 -1 0
cube 2 player - - 0 0 1 0 2 2 0 0 0 -3 0 0 3 0 0 1 0 -2 -2 -3 -3 2 -2 2 2 0
cube 1 centered - - 0 0 -1 0 1 1 2 -1 2 0 0 0 -2 2 -2 0 1 -3 -1 -3 2 -2 2 2 0 0
cube 2 opponent - - 0 -4 2 2 2 -5 3 2 0 0 0 0 1 0 1 1 0 1 -2 -3 0 -1 0 0 0 0
cube 2 player - - 0 0 0 0 2 0 -1 1 3 0 0 0 0 2 0 -3 0 0 -2 -4 -3 2 2 3 -2 0
cube 2 player - - 0 -1 0 0 -2 0 3 -2 2 0 0 0 -1 2 0 0 0 -1 -2 -4 2 -2 3 1 2 0
cube 2 player - - 0 3 1 2 2 -1 0 0 0 0 0 0 0 -1 0 0 0 -2 -2 -3 -2 -2 -2 4 3 0
cube 1 centered - - 0 -2 0 0 0 -1 3 1 2 0 0 0 -3 2 0 0 0 -3 -2 -4 1 0 0 3 2 1
cube 2 player - - 0 -1 0 0 0 0 3 1 2 0 -1 0 -3 2 0 -1 0 -2 0 -5 -2 0 2 2 3 0
cube 2 opponent - - 0 0 -2 -2 -2 3 4 -2 2 2 2 0 0 -1 0 0 0 -2 -2 -2 0 1 0 0 1 0
cube 1 centered - - 0 -1 0 -2 -2 -2 5 2 3 0 0 0 -2 3 1 0 0 0 0 -2 -2 -2 0 0 1 0
cube 2 opponent - - 0 2 0 -3 -7 3 2 2 3 2 1 0 0 0 0 0 0 0 0 0 0 0 0 -3 -2 0
cube 2 player - - 0 -1 -1 0 0 -1 3 2 2 0 -1 0 -2 0 0 0 0 0 -1 -2 3 -2 -2 -2 4 1
cube 2 opponent - - 0 0 1 -3 -2 -2 3 2 2 2 2 0 0 0 0 0 -1 0 0 0 1 -2 1 -2 -3 1
cube 2 opponent - - 0 1 -3 -2 -2 2 3 2 2 -1 2 1 -2 0 0 0 0 -2 1 -1 -1 -1 0 1 0 0
cube 2 opponent - - 1 0 -2 -4 -2 2 3 2 2 -1 0 0 0 0 1 1 -2 -1 0 0 -1 1 1 2 -1 0
cube 1 centered - - 0 1 -2 1 -2 -2 2 2 2 -2 2 -1 3 2 0 0 0 -1 -1 -2 -1 -1 0 0 0 0
cube 1 centered - - 1 0 -2 -2 -2 2 5 3 1 0 0 0 -2 2 0 0 0 -2 2 -3 -1 0 0 0 0 0
cube 1 centered - - 0 0 -3 -5 3 2 3 2 3 1 0 1 0 0 0 0 0 0 0 0 0 0 -2 -3 -2 0
cube 1 centered - - 0 0 -1 0 -3 0 3 0 2 0 0 0 -2 2 0 -1 -1 -3 0 -4 1 2 1 1 2 1
cube 1 centered - - 0 1 1 3 2 1 0 0 0 0 0 0 0 0 0 -1 -2 -2 -2 -3 -3 3 2 -2 2 0
cube 1 centered - - 0 -2 -4 -2 4 3 3 2 2 0 0 0 0 1 -1 0 0 0 0 -2 -2 0 0 -2 0 0
cube 1 centered - - 0 1 -4 -3 2 2 2 2 2 0 0 0 1 0 0 0 0 -1 1 0 -2 -2 -2 -1 1 1
cube 1 centered - - 0 0 0 0 0 -2 3 -1 2 0 0 0 -4 2 0 0 -1 -2 1 -5 2 0 0 2 3 0
cube 1 centered - - 0 5 -2 -2 -2 -2 -1 2 3 2 3 0 0 0 0 0 0 -1 0 -1 -1 0 -2 -1 0 0
cube 1 centered - - 0 -2 0 2 -3 -3 5 0 4 0 0 0 0 2 0 0 0 -2 0 -2 -3 2 0 0 0 0
cube 1 centered - - 0 3 -2 -2 -2 4 3 0 2 2 1 0 0 0 0 0 0 -2 0 -1 -1 -2 -1 -2 0 0
cube 1 centered - - 1 0 0 1 2 1 3 0 0 0 0 -1 0 0 0 -1 -3 -2 -2 -3 2 3 1 -2 2 0
cube 1 centered - - 0 0 0 2 2 0 3 0 0 0 0 0 0 0 0 0 0 -1 -2 -2 -2 -5 -3 3 5 0
cube 1 centered - - 0 0 0 0 2 2 2 0 0 -1 0 -1 0 2 0 -2 0 -1 -2 -2 -2 3 -2 -2 2 2
cube 1 centered - - 1 -2 1 -3 2 -3 6 0 2 0 1 0 -2 2 0 1 0 0 0 -3 0 -1 0 0 0 0
cube 1 centered - - 0 -2 0 0 0 0 3 0 2 0 -1 0 -2 2 0 -1 0 1 -2 -3 -2 -2 2 1 3 1
cube 1 centered - - 0 0 0 0 2 0 4 0 -1 1 0 0 0 0 0 0 0 0 1 -3 0 3 -4 3 -7 1
cube 1 centered - - 0 1 0 -1 2 0 1 2 0 0 0 0 1 0 0 0 0 0 0 1 3 -2 -5 4 -4 0
cube 1 centered - - 0 0 0 0 -1 -1 3 -1 2 0 0 0 -2 2 0 0 0 -2 -3 -4 -1 1 1 2 4 0
cube 1 centered - - 0 0 0 0 2 1 2 0 2 0 0 1 0 0 0 0 0 0 0 -10 3 2 -2 2 -2 0
cube 1 centered - - 0 0 0 0 0 0 3 0 2 0 0 0 0 2 0 0 0 -2 -3 -2 -3 -3 -2 3 4 1
cube 1 centered - - 0 -4 -3 3 3 3 3 0 0 0 0 0 0 0 0 0 -1 -1 -1 -2 -2 -1 0 0 0 0
cube 1 centered - - 0 -2 -2 3 2 -4 2 2 2 -1 2 0 0 0 0 0 -2 -2 0 -2 0 1 0 0 0 1
cube 1 centered - - 0 0 -2 -2 2 -5 2 3 2 2 2 2 0 0 0 0 -1 -1 0 0 -2 -1 -1 0 0 0
cube 1 centered - - 0 -1 0 0 0 0 3 -1 2 0 0 0 -5 2 0 0 0 -1 1 -5 -2 0 0 3 2 2
cube 1 centered - - 1 -4 -4 2 2 2 2 2 1 0 1 0 -2 1 0 0 0 0 0 -2 1 -2 0 1 0 0
cube 1 centered - - 0 0 0 0 2 3 2 1 0 0 0 1 -2 0 -3 0 0 0 -2 -4 2 -2 2 -2 2 0
cube 1 centered - - 0 -3 -1 0 -1 -2 3 2 2 1 0 0 -3 3 0 0 0 -2 0 -2 3 -1 0 0 1 0
cube 1 centered - - 0 0 0 -1 2 -2 2 -1 2 0 0 0 0 0 0 0 -1 -2 -2 -2 5 -2 -2 2 0 2
cube 1 centered - - 0 2 0 2 2 2 0 0 0 0 0 0 0 0 0 1 0 0 -3 -2 -4 2 2 -6 2 0
cube 1 centered - - 1 -1 0 1 0 0 2 1 2 0 -1 0 1 1 -2 0 -2 -2 0 -2 3 -2 -2 2 2 0
cube 1 centered - - 0 0 0 0 1 2 2 3 1 0 0 0 0 0 0 0 0 0 0 -5 -5 2 2 -5 2 0
cube 1 centered - - 0 -1 0 0 2 -1 2 0 0 0 0 -1 -1 2 0 0 0 -2 1 -3 -2 -2 -2 5 3 0
cube 1 centered - - 0 -5 -2 0 3 2 4 2 1 0 0 0 -2 1 0 0 0 -1 1 -3 1 0 0 -1 -1 0
cube 1 centered - - 0 0 1 1 -1 2 2 0 0 0 2 0 0 0 0 0 -2 -1 -3 -5 2 -2 2 2 -1 1
cube 1 centered - - 1 1 0 3 1 1 1 0 1 0 1 0 0 0 0 0 -2 -2 -3 -4 2 -2 2 -1 2 0
cube 1 centered - - 0 0 -2 -2 1 -2 5 4 2 0 2 -1 0 0 0 0 0 -1 -2 -3 0 -2 0 0 0 1
cube 1 centered - - 0 0 -2 -2 -2 3 4 2 2 -2 1 1 0 2 0 0 0 0 0 -2 -3 0 -2 0 0 0
cube 1 centered - - 0 0 0 2 1 2 2 0 0 0 0 0 0 0 0 0 -2 -2 -2 -2 -3 4 -2 4 -2 0
cube 1 centered - - 0 0 0 0 0 0 3 -1 2 1 0 -1 -4 2 0 0 0 -2 -2 -4 3 -1 1 2 1 0
cube 1 centered - - 0 2 2 2 0 0 0 0 0 0 0 0 1 0 -1 0 0 0 1 -3 -5 -6 2 2 2 1
cube 1 centered - - 0 0 -2 -2 3 -3 4 2 2 2 0 0 0 0 1 0 -1 1 0 -1 -3 -2 -1 0 0 0
cube 1 centered - - 0 0 0 0 2 0 2 1 1 1 0 0 -2 1 0 0 -3 -2 0 -2 4 2 -2 -2 -2 1
cube 1 centered - - 0 -2 2 -2 -2 4 3 1 0 0 0 -2 0 0 2 0 -3 -2 -1 1 0 2 0 -1 0 0
cube 1 centered - - 0 0 2 2 2 0 1 0 0 0 0 0 0 0 0 1 0 -2 -2 -6 0 3 2 2 -5 0
cube 1 centered - - 1 0 -2 -2 -3 3 2 3 3 1 0 0 -2 2 1 0 0 0 0 -2 -1 -1 -1 0 0 0
cube 1 centered - - 0 0 0 0 -2 0 3 -1 2 0 0 0 -2 2 0 -1 -1 -2 -2 -2 4 -2 2 1 1 0
cube 1 centered - - 1 -1 0 1 -1 0 3 0 0 0 0 0 -5 2 0 0 0 -2 2 -5 2 0 3 1 1 0
cube 1 centered - - 0 0 -2 -2 2 -2 3 2 2 -2 1 1 -1 2 0 -1 2 0 0 -4 -1 0 0 0 0 0
cube 1 centered - - 0 0 0 2 1 2 2 0 0 0 0 1 0 0 0 0 0 0 -3 -6 -3 -3 3 2 2 0
cube 1 centered - - 0 -2 2 -2 1 -2 5 0 6 0 0 0 1 0 0 -2 -1 -2 0 -2 -2 0 0 0 0 0
cube 1 centered - - 0 0 -1 0 0 0 3 -2 2 0 1 0 0 2 0 0 0 -1 -3 -3 3 3 -1 -2 -2 1
cube 1 centered - - 0 -2 -2 4 -2 2 4 0 0 0 0 0 0 0 0 0 -1 0 -2 -2 -2 -2 0 0 0 0
cube 1 centered - - 0 3 2 0 -1 0 0 0 0 -1 0 0 0 -1 0 -2 0 -2 -2 -3 -3 6 2 2 0 0
cube 1 centered - - 0 -4 -4 3 4 3 2 2 0 0 1 0 0 0 0 0 0 0 0 -3 -2 0 -1 0 -1 0
cube 1 centered - - 0 -1 0 -1 1 2 3 0 -1 0 0 0 -1 2 0 0 0 -2 -2 -5 -2 3 2 0 1 1
cube 1 centered - - 0 -1 2 -2 -2 -2 4 -1 2 2 2 2 0 0 0 0 0 -2 1 -3 0 -2 0 0 0 0
cube 1 centered - - 0 1 0 0 2 2 2 0 0 0 0 0 0 1 1 -1 0 0 0 -4 2 -6 2 2 -4 0
cube 1 centered - - 0 0 2 0 0 2 1 0 0 0 0 0 0 0 0 0 0 1 1 2 -2 -4 -4 2 4 0
cube 1 centered - - 0 0 0 0 0 2 3 2 0 0 0 0 0 0 -2 0 1 -2 -3 -5 3 -1 -2 2 2 0
cube 1 centered - - 0 0 0 0 0 2 3 -1 0 0 0 0 -2 2 -1 0 0 -2 0 -3 -3 2 -2 5 -1 1
cube 1 centered - - 0 7 7 -2 -2 -2 0 0 0 0 0 -1 0 0 0 0 0 -1 0 -3 0 1 0 -2 -2 0
cube 1 centered - - 0 4 -2 -2 -4 2 4 -2 3 1 1 0 0 0 0 0 0 -1 0 0 0 -2 -1 -1 0 0
cube 1 centered - - 0 2 0 -2 -2 -2 5 5 0 0 0 0 -1 0 -1 0 -1 -3 3 -3 0 0 0 0 0 0
cube 1 centered - - 0 -1 -4 2 2 -2 2 0 2 0 0 0 -3 3 1 0 0 1 -2 -3 0 0 0 0 2 0
cube 1 centered - - 0 4 -2 -3 3 -2 5 2 0 0 -2 1 0 0 0 0 0 0 -1 -3 -2 0 0 0 0 0
cube 1 centered - - 0 0 2 -2 -2 -2 4 2 0 0 2 0 -2 3 0 -1 2 0 0 -2 -2 -2 0 0 0 0
cube 1 centered - - 0 0 -2 -2 0 -2 5 2 3 -1 0 0 -2 3 0 0 1 0 -1 -3 -2 0 1 0 0 0
cube 1 centered - - 0 0 0 1 2 1 2 0 0 1 1 0 0 1 0 -2 0 0 -2 -5 2 -4 2 -2 2 0
cube 1 centered - - 0 -1 0 0 0 -1 3 -1 2 0 0 0 -4 2 0 0 0 -3 0 -3 3 -2 2 2 1 0
cube 1 centered - - 0 -1 0 0 2 0 -2 0 -1 0 0 0 0 0 0 1 -2 0 4 -3 -4 2 3 2 -2 1
cube 1 centered - - 0 0 0 0 0 1 2 2 2 -1 0 -1 0 0 0 1 -3 -3 -2 -2 2 -2 2 2 -1 1
cube 1 centered - - 0 0 2 2 0 0 3 0 0 1 0 0 0 0 0 0 0 0 0 -4 -3 -4 3 3 -4 1
cube 1 centered - - 0 0 0 0 1 -2 2 0 2 -1 0 2 -2 0 0 0 -2 -2 -1 -3 -2 3 2 2 1 0
cube 1 centered - - 0 0 -2 0 0 -1 3 -1 2 0 0 0 -3 1 0 0 0 -2 -2 -2 2 -2 1 4 2 0
cube 1 centered - - 0 0 0 0 2 0 2 0 0 3 0 0 0 -1 0 0 0 -2 -3 -2 -3 -2 -2 4 4 0
cube 1 centered - - 0 0 0 0 2 0 3 1 0 0 0 0 0 0 0 0 0 0 0 -4 -3 5 -5 -2 4 0
cube 1 centered - - 0 0 0 2 -2 2 2 0 0 0 0 -1 -2 0 0 0 -2 0 -2 -3 -3 0 2 2 5 0
cube 1 centered - - 0 4 0 3 0 0 0 0 0 0 0 0 0 0 0 0 0 -2 -2 -2 -2 -5 -2 5 3 0
cube 1 centered - - 0 0 -2 3 3 -5 3 2 0 2 2 0 0 0 0 0 0 0 0 0 0 0 -3 -2 -3 0
cube 1 centered - - 0 0 0 0 1 -3 2 -1 2 0 0 0 -4 2 0 0 0 -2 0 -3 -2 3 1 3 1 0
cube 1 centered - - 0 0 0 0 1 2 2 1 2 0 0 0 0 0 0 -3 0 -2 -2 -3 -2 3 -3 2 2 0
cube 1 centered - - 1 0 2 2 1 2 0 0 0 0 0 0 0 0 -1 -2 -2 -2 1 -2 3 -3 2 2 -2 0
cube 1 centered - - 0 0 -2 -2 0 -2 6 2 2 0 1 0 -2 3 0 0 0 -2 1 -2 -1 -2 0 0 0 0
cube 1 centered - - 0 0 0 -2 -2 -2 5 -2 3 0 0 1 3 2 0 0 0 -1 0 -3 0 -1 -2 0 1 0
cube 1 centered - - 1 -1 -2 -1 2 -3 4 0 0 2 0 0 -2 2 0 0 1 0 1 -3 3 -2 0 0 0 0
cube 1 centered - - 0 -2 1 5 -2 -2 2 4 3 0 0 0 0 0 0 0 0 0 0 -2 -1 -2 -2 -2 0 0
cube 1 centered - - 0 -2 0 1 0 0 3 2 0 -1 0 0 0 0 0 0 0 -1 -2 -2 -3 3 -4 3 2 1
cube 1 centered - - 0 1 2 2 0 0 0 0 0 0 1 0 1 0 0 0 0 1 -2 -3 -8 2 2 3 -2 0
cube 1 centered - - 0 0 2 2 0 2 2 0 0 -1 0 0 0 0 0 0 0 0 -1 -6 3 2 -2 -3 -2 2
cube 1 centered - - 0 0 -2 2 -2 -2 4 -2 2 0 0 1 -1 3 -1 0 2 0 -2 -3 1 0 0 0 0 0
cube 1 centered - - 0 0 2 2 0 0 -1 0 0 -1 0 0 0 0 0 1 0 0 -2 -3 5 -5 -3 2 3 0
cube 1 centered - - 0 -3 -3 -2 2 2 3 2 2 0 0 0 0 2 0 0 1 0 0 -1 0 -1 -2 -3 1 0
cube 1 centered - - 1 0 0 0 2 2 2 0 0 0 -2 1 0 0 0 1 -2 -3 -2 -2 3 2 2 -1 -2 0
cube 1 centered - - 0 0 0 0 1 0 3 0 0 1 0 0 -2 2 -1 -1 0 -2 -3 -4 3 2 -2 3 0 0
cube 1 centered - - 1 -2 -2 3 -2 4 3 -3 2 0 0 0 0 1 -1 0 -1 1 0 -3 1 0 0 0 0 0
cube 1 centered - - 0 -3 -2 3 2 -2 2 2 2 0 0 3 0 0 0 -1 0 0 -2 -3 -2 0 0 0 0 1
cube 1 centered - - 0 -1 0 -1 0 -1 3 1 2 0 0 0 -3 2 0 0 0 -3 0 -4 -2 2 0 3 1 1
cube 1 centered - - 0 -1 -1 -1 -2 -3 5 0 2 0 0 0 -1 2 0 1 0 -2 -1 -3 4 0 0 0 0 1
cube 1 centered - - 0 0 1 -2 -2 -2 3 3 2 1 -2 3 0 0 -2 -1 1 1 -1 -1 0 0 -1 -1 0 0
cube 1 centered - - 0 -2 -2 -1 -2 2 2 2 2 0 0 0 -3 2 1 0 0 -2 1 -3 2 0 1 0 0 0
cube 1 centered - - 1 -2 -2 0 0 -2 5 -1 2 0 0 0 -2 5 0 0 0 -2 0 -3 1 0 0 0 2 0
cube 1 centered - - 0 0 0 0 0 0 3 1 2 0 0 0 0 1 0 0 0 -2 -2 -2 -2 -4 -3 6 2 0
cube 1 centered - - 0 0 0 1 -1 0 3 -1 2 0 0 0 0 -1 0 -2 -2 -2 -2 -2 -2 2 2 1 4 0
cube 1 centered - - 0 0 0 0 0 -1 3 -2 2 0 0 0 -3 3 0 -1 0 -2 -1 -5 2 0 0 2 1 2
cube 1 centered - - 0 4 5 -2 -2 -2 5 0 -1 0 -1 0 0 0 0 -2 0 0 0 -3 0 1 -2 0 0 0
cube 1 centered - - 0 0 -5 -2 2 2 3 2 2 0 0 1 -2 1 0 1 0 0 0 -4 -1 1 -1 0 0 0
cube 1 centered - - 0 -2 0 -4 2 2 -3 2 2 3 0 0 0 1 0 -2 0 0 0 -1 1 -1 -1 -1 1 1
cube 1 centered - - 0 0 1 2 2 -2 2 0 0 0 -1 0 -2 2 0 0 0 -2 -2 -3 -2 2 -1 2 2 0
cube 1 centered - - 0 5 -2 3 -2 -2 6 0 0 0 0 0 0 0 0 0 0 0 0 -2 -2 -2 -1 -2 0 0
cube 1 centered - - 0 -1 -2 -1 2 -3 4 0 4 0 0 -1 0 0 1 0 0 -2 -2 -3 1 1 1 1 0 0
cube 1 centered - - 0 -1 0 0 2 1 2 0 1 0 -1 0 -2 2 0 0 0 -2 -2 -3 -2 2 -2 2 2 1
cube 1 centered - - 0 0 -2 7 -2 -2 5 0 3 0 0 -1 0 0 0 0 0 -1 0 -2 -2 -2 -1 0 0 0
cube 1 centered - - 0 0 0 0 1 1 2 2 1 1 0 0 0 1 0 0 -2 -3 -1 -7 2 2 -2 2 0 0
cube 1 centered - - 1 -1 -4 2 -2 2 2 2 2 1 0 0 2 0 0 0 0 -2 -2 -3 2 0 0 0 0 0
cube 1 centered - - 0 -2 2 2 -5 2 3 3 0 2 0 0 -2 0 0 0 1 0 0 0 -2 0 -2 -2 0 0
cube 1 centered - - 1 -1 -2 2 0 1 2 1 2 0 0 1 0 0 -1 0 0 -2 0 -4 -2 2 -2 2 2 0
cube 1 centered - - 0 -2 -5 4 4 4 2 0 0 0 0 0 0 0 0 0 -1 0 0 0 1 0 -1 -3 -3 0
cube 1 centered - - 0 2 0 2 -3 -4 2 2 0 -2 2 2 -2 0 2 0 1 -1 -1 -2 0 0 0 0 0 0
cube 1 centered - - 0 -2 -1 -1 -2 -3 2 2 2 2 2 0 1 0 1 0 0 -2 0 -2 0 -2 1 0 0 2
cube 1 centered - - 0 0 0 0 0 2 2 2 1 -1 0 0 0 0 0 -3 0 -3 0 -4 3 2 -3 2 -1 1
cube 1 centered - - 0 0 0 0 1 -1 4 0 3 0 0 0 -1 0 0 0 0 0 -5 -2 -2 -2 -2 4 3 0
cube 1 centered - - 0 0 0 2 0 -1 2 -1 2 0 -2 0 0 -2 -2 1 2 -3 0 -2 -2 2 2 2 0 0
cube 1 centered - - 0 -1 0 0 1 -3 3 -1 1 1 0 0 -1 0 0 0 0 0 -2 -3 -2 -2 2 3 4 0
cube 1 centered - - 0 1 2 2 0 0 0 0 0 0 -1 0 0 1 0 2 -2 0 0 -3 -3 2 2 2 -6 1
cube 1 centered - - 0 0 0 0 0 -1 2 0 -1 0 0 0 -2 2 0 -1 -1 -2 -2 -4 4 1 3 -1 3 0
cube 1 centered - - 0 2 1 0 2 1 1 0 -2 0 0 0 0 0 0 0 0 -2 -3 -2 -2 -2 -2 4 4 0
cube 1 centered - - 0 5 -3 7 -2 -2 2 1 0 -1 0 0 0 0 0 0 0 0 0 -2 -2 -3 0 0 0 0
cube 1 centered - - 0 -5 2 2 -3 2 2 2 1 1 0 1 -2 1 0 0 0 -2 0 -3 0 1 0 0 0 0
cube 1 centered - - 0 0 0 0 0 -2 3 1 2 0 0 0 -5 2 0 0 1 -3 0 -3 -2 2 2 0 2 0
cube 1 centered - - 1 0 -2 -2 3 -2 3 -1 4 0 1 1 -1 2 0 1 0 0 0 -3 -2 0 -1 0 0 0
cube 1 centered - - 0 -2 0 2 -5 2 4 2 2 2 0 0 0 0 1 0 0 0 0 -2 0 -2 -2 -2 0 0
cube 1 centered - - 0 -2 -1 0 -2 -2 5 1 3 0 0 0 -2 4 0 0 0 -2 2 -3 -1 0 0 0 0 0
cube 1 centered - - 0 -2 0 0 0 -1 0 -1 0 3 1 0 0 0 0 0 0 0 -2 -4 3 -3 3 -2 4 1
cube 1 centered - - 1 -2 3 6 -5 3 2 0 0 0 -1 0 0 0 1 0 0 0 0 0 0 -2 -2 -2 0 0
cube 1 centered - - 0 3 2 1 2 0 0 0 0 0 0 0 0 0 0 -1 -1 -2 -2 -2 -3 -2 4 3 -2 0
cube 1 centered - - 0 0 0 0 1 1 2 0 2 0 0 -1 0 1 -2 0 -2 -2 -2 -5 3 3 -1 2 0 0
cube 1 centered - - 0 -5 -2 -2 2 2 2 2 2 0 2 0 0 0 0 1 1 0 0 0 0 -3 -1 -1 -1 1
cube 1 centered - - 0 0 0 0 0 1 3 -2 2 0 0 0 -2 2 0 0 -1 -2 -2 -3 -1 -2 1 2 3 1
